scene_id,object_count,front_object_count,vulnerable_count,vehicle_count,close_object_count,occluded_count,truncated_count,min_distance_m,mean_distance_m,min_lateral_abs_m,max_bbox_area_norm,mean_occlusion,mean_truncation,camera_quality_proxy,lidar_geometry_quality_proxy,uncertainty_proxy,risk_prior,max_abs_alpha,critical_scene,split
000000,1,1,1,0,1,0,0,8.609,8.609,1.84,0.034818,0.0,0.0,1.0,0.954,0.021,0.738,0.2,1,train
000001,3,1,1,2,0,1,0,46.069,58.764,0.47,0.00214,0.333,0.0,0.65,0.506,0.415,0.5,1.85,0,validation
000002,2,2,0,1,1,0,0,9.14,21.833,3.18,0.065737,0.0,0.0,1.0,0.952,0.022,0.451,1.82,0,train
000003,1,1,0,1,1,0,0,13.258,13.258,1.0,0.025003,0.0,0.0,1.0,0.93,0.032,0.606,1.55,0,train
000004,2,0,0,2,0,0,0,41.36,47.47,15.71,0.004224,0.0,0.0,1.0,0.781,0.099,0.304,1.96,0,train
000005,1,0,1,0,0,0,0,24.539,24.539,8.5,0.00395,0.0,0.0,1.0,0.87,0.058,0.556,1.94,0,train
000006,4,2,0,4,0,1,0,23.369,35.994,2.61,0.023395,0.25,0.0,0.767,0.71,0.259,0.424,2.05,0,train
000007,4,1,1,3,0,0,0,25.02,42.551,0.69,0.005579,0.0,0.0,1.0,0.868,0.06,0.542,1.89,0,test
000008,6,3,0,6,3,2,1,4.564,14.982,1.07,0.15689,0.444,0.203,0.078,0.726,0.63,0.737,2.04,1,test
000009,3,3,0,3,1,1,0,23.89,52.849,0.24,0.006447,0.222,0.0,0.767,0.707,0.26,0.549,1.78,0,train
000010,9,3,1,8,2,3,1,6.831,23.313,0.38,0.093605,0.296,0.089,0.247,0.797,0.506,0.607,2.09,0,train
000011,6,1,4,2,0,1,1,6.578,18.921,2.2,0.028941,0.167,0.163,0.13,0.799,0.569,0.677,2.42,1,train
000012,2,0,0,2,0,0,0,59.083,62.697,5.35,0.002107,0.0,0.0,1.0,0.687,0.141,0.28,1.84,0,train
000013,1,1,0,1,1,0,0,20.377,20.377,3.16,0.009735,0.0,0.0,1.0,0.892,0.049,0.46,1.74,0,train
000014,1,1,0,1,0,0,0,59.865,59.865,2.57,0.001106,0.0,0.0,1.0,0.683,0.143,0.323,1.73,0,train
000015,5,4,4,1,4,0,1,4.937,17.194,1.79,0.158761,0.067,0.178,0.305,0.891,0.432,0.687,2.29,1,train
000016,6,1,0,6,0,3,1,7.076,41.888,0.75,0.149621,0.333,0.083,0.442,0.796,0.399,0.573,2.11,0,test
000017,1,0,0,1,0,0,0,48.149,48.149,9.71,0.003566,0.0,0.0,1.0,0.745,0.115,0.28,2.23,0,train
000018,3,1,0,3,0,1,0,47.131,52.019,1.42,0.008759,0.222,0.0,0.767,0.584,0.316,0.375,1.68,0,train
000019,4,3,0,4,2,0,1,6.314,27.894,2.42,0.341069,0.083,0.185,0.402,0.883,0.381,0.639,2.07,1,test
000020,1,1,0,1,1,0,0,15.811,15.811,2.69,0.019721,0.0,0.0,1.0,0.916,0.038,0.512,1.77,0,train
000021,8,5,1,7,3,2,1,4.174,22.161,1.14,0.072825,0.292,0.111,0.188,0.811,0.531,0.798,2.22,1,train
000022,2,0,0,2,0,0,0,37.016,37.704,19.08,0.008558,0.333,0.0,0.883,0.721,0.19,0.36,1.11,0,validation
000023,3,1,1,2,0,1,0,44.994,57.268,0.42,0.002151,0.333,0.0,0.65,0.512,0.412,0.5,1.86,0,train
000024,3,1,0,3,0,0,0,36.535,42.935,3.47,0.003406,0.111,0.0,0.883,0.723,0.189,0.338,1.73,0,test
000025,6,4,1,5,2,2,1,3.97,21.68,0.78,0.115393,0.389,0.157,0.039,0.729,0.651,0.758,2.1,1,train
000026,2,1,0,2,0,0,0,37.354,52.912,3.16,0.008582,0.167,0.0,0.883,0.719,0.191,0.373,1.8,0,train
000027,2,1,0,2,0,1,0,14.867,44.168,1.15,0.126311,0.5,0.0,0.65,0.671,0.34,0.561,2.06,0,train
000028,1,0,1,0,0,0,0,9.963,9.963,5.18,0.019079,0.0,0.0,1.0,0.947,0.024,0.654,2.45,0,train
000029,2,2,0,1,1,0,0,23.447,32.56,3.03,0.005879,0.0,0.0,1.0,0.876,0.056,0.365,1.8,0,train
000030,1,1,0,1,0,0,0,41.952,41.952,2.08,0.001632,0.0,0.0,1.0,0.778,0.1,0.365,1.58,0,test
000031,6,6,0,6,4,1,0,9.038,22.687,1.75,0.084031,0.167,0.0,0.767,0.785,0.225,0.544,1.93,1,train
000032,10,4,0,10,3,4,0,9.138,24.98,1.03,0.085856,0.333,0.0,0.767,0.785,0.225,0.538,2.65,1,validation
000033,2,1,0,2,0,1,0,12.381,38.436,1.64,0.066788,0.5,0.115,0.5,0.684,0.417,0.596,2.17,0,train
000034,2,0,0,2,0,0,0,16.303,32.983,7.84,0.054501,0.167,0.0,0.883,0.83,0.141,0.471,2.99,0,train
000035,5,3,2,3,2,1,0,16.562,27.965,0.65,0.018637,0.2,0.0,0.767,0.746,0.243,0.62,2.46,1,train
000036,7,1,0,7,1,2,2,6.089,32.953,0.11,0.040551,0.333,0.194,0.02,0.718,0.666,0.697,2.67,1,train
000037,3,2,0,3,2,1,1,10.874,18.347,0.45,0.390636,0.222,0.307,0.169,0.776,0.558,0.59,1.57,0,test
000038,12,1,0,12,0,2,0,7.996,34.301,0.12,0.159893,0.278,0.01,0.689,0.791,0.265,0.546,1.9,0,train
000039,6,6,0,6,2,2,0,7.662,31.074,2.47,0.136478,0.278,0.033,0.637,0.793,0.293,0.581,1.9,1,train
000040,2,0,1,1,0,0,0,35.807,39.468,5.15,0.002866,0.0,0.0,1.0,0.81,0.085,0.432,1.68,0,train
000041,1,0,0,1,0,0,0,42.48,42.48,7.84,0.004024,0.333,0.0,0.883,0.692,0.203,0.323,2.96,0,validation
000042,2,1,0,2,0,0,0,44.506,71.222,1.21,0.004385,0.167,0.0,0.883,0.681,0.208,0.388,1.71,0,train
000043,4,4,4,0,4,0,0,12.632,16.651,2.2,0.006761,0.0,0.0,1.0,0.933,0.03,0.694,1.73,1,train
000044,2,2,0,2,2,0,1,6.16,10.216,3.11,0.133848,0.0,0.35,0.545,0.967,0.265,0.605,2.11,1,train
000045,7,0,0,7,0,1,0,17.648,38.901,7.16,0.036175,0.19,0.0,0.767,0.74,0.245,0.462,2.12,0,validation
000046,6,6,0,6,2,2,0,8.161,26.159,0.26,0.151977,0.278,0.003,0.754,0.79,0.23,0.556,1.89,1,train
000047,9,1,0,9,0,1,1,13.103,26.604,0.38,0.057219,0.222,0.052,0.487,0.764,0.388,0.546,1.57,0,train
000048,4,4,4,0,3,0,0,16.576,20.264,0.42,0.005285,0.0,0.0,1.0,0.912,0.039,0.697,1.73,1,train
000049,18,3,2,16,2,12,1,5.464,23.905,0.45,0.077047,0.593,0.041,0.403,0.721,0.454,0.82,2.28,1,test
000050,5,4,0,5,3,1,1,3.539,25.351,2.22,0.152106,0.2,0.198,0.123,0.815,0.566,0.703,2.37,1,test
000051,2,0,1,1,0,0,0,19.12,29.704,6.5,0.0079,0.0,0.0,1.0,0.899,0.046,0.593,1.91,0,validation
000052,6,2,0,6,2,0,0,12.204,29.25,1.43,0.079016,0.111,0.0,0.883,0.852,0.131,0.573,2.9,0,train
000053,7,6,0,7,3,1,1,4.25,20.823,2.76,0.301746,0.143,0.143,0.117,0.811,0.571,0.653,2.32,1,validation
000054,1,1,1,0,1,0,0,8.096,8.096,2.17,0.027012,0.0,0.0,1.0,0.957,0.019,0.727,2.83,1,train
000055,5,1,0,5,0,0,0,34.15,43.8,0.18,0.014057,0.267,0.0,0.883,0.736,0.183,0.504,2.24,0,test
000056,1,0,0,1,0,0,0,48.675,48.675,3.62,0.001593,0.0,0.0,1.0,0.742,0.116,0.28,1.67,0,test
000057,3,3,0,3,1,0,1,3.468,36.743,2.93,0.064142,0.0,0.333,0.35,0.982,0.366,0.66,2.55,1,train
000058,1,1,1,0,1,0,0,7.455,7.455,1.56,0.030983,0.0,0.0,1.0,0.961,0.018,0.759,2.94,1,train
000059,5,2,0,5,0,2,0,24.817,36.358,1.33,0.014472,0.333,0.038,0.526,0.619,0.432,0.479,2.4,0,validation
000060,4,1,1,3,1,0,0,21.034,47.635,0.78,0.008558,0.083,0.0,0.883,0.805,0.152,0.564,1.95,0,train
000061,6,0,0,5,0,5,1,14.653,29.396,9.76,0.057838,0.833,0.163,0.136,0.672,0.622,0.626,1.76,0,train
000062,5,3,1,4,1,0,0,20.018,36.359,0.67,0.017442,0.133,0.0,0.883,0.811,0.149,0.57,1.86,1,train
000063,4,2,1,3,2,2,0,10.441,19.863,2.57,0.055183,0.333,0.0,0.767,0.778,0.228,0.746,2.55,1,train
000064,4,2,0,4,1,0,0,13.89,24.646,2.65,0.131099,0.167,0.0,0.883,0.843,0.135,0.491,2.01,0,validation
000065,9,7,6,3,5,6,0,6.52,20.741,0.16,0.053095,0.519,0.012,0.695,0.799,0.258,0.733,2.7,1,train
000066,2,1,0,2,0,0,0,31.778,36.384,0.19,0.003135,0.0,0.0,1.0,0.832,0.076,0.458,1.75,0,validation
000067,7,2,0,7,1,3,0,12.413,38.666,1.16,0.188404,0.286,0.006,0.741,0.768,0.247,0.588,2.2,0,train
000068,12,6,2,10,3,2,2,5.391,26.316,2.28,0.136447,0.333,0.168,0.136,0.805,0.563,0.762,2.34,1,train
000069,2,0,0,2,0,0,0,18.501,40.702,7.02,0.034347,0.167,0.0,0.883,0.819,0.146,0.457,2.73,0,train
000070,1,1,1,0,1,0,0,6.896,6.896,0.29,0.043649,0.0,0.0,1.0,0.963,0.016,0.821,2.98,1,test
000071,2,1,0,2,1,0,0,19.587,51.762,0.51,0.009451,0.0,0.0,1.0,0.896,0.047,0.586,1.57,0,test
000072,3,1,0,3,0,0,0,13.248,25.997,0.01,0.037633,0.111,0.083,0.721,0.847,0.223,0.522,2.26,0,train
000073,7,4,7,0,2,0,0,6.992,18.195,2.28,0.030899,0.048,0.0,0.883,0.88,0.118,0.704,2.62,1,test
000074,3,2,3,0,2,0,0,6.301,7.19,1.18,0.047098,0.0,0.0,1.0,0.967,0.015,0.784,1.21,1,train
000075,6,5,0,5,4,1,1,3.303,22.5,0.86,0.093909,0.278,0.202,0.117,0.816,0.569,0.66,2.59,1,train
000076,9,6,9,0,6,2,0,5.5,14.58,0.26,0.095599,0.185,0.031,0.585,0.804,0.317,0.75,2.63,1,train
000077,1,1,0,1,0,0,0,39.627,39.627,0.77,0.00265,0.0,0.0,1.0,0.79,0.094,0.441,1.74,0,train
000078,4,2,0,4,0,0,1,6.86,26.089,1.72,0.167257,0.083,0.165,0.454,0.88,0.354,0.587,2.02,0,train
000079,7,2,0,7,1,3,0,10.932,38.249,1.05,0.172634,0.286,0.023,0.663,0.775,0.287,0.574,2.18,1,train
000080,4,1,0,4,0,0,0,24.09,41.77,0.02,0.008064,0.083,0.0,0.883,0.789,0.159,0.543,1.74,0,test
000081,4,1,0,4,0,0,1,18.005,50.585,0.32,0.18198,0.167,0.185,0.402,0.821,0.409,0.546,1.58,0,train
000082,2,0,0,2,0,0,1,27.128,45.884,9.55,0.057654,0.0,0.32,0.584,0.856,0.293,0.45,1.62,0,validation
000083,6,4,0,6,3,0,1,4.065,19.633,0.43,0.132282,0.111,0.162,0.253,0.895,0.458,0.673,2.04,1,train
000084,2,0,0,2,0,1,0,28.284,35.607,4.99,0.004736,0.333,0.0,0.767,0.684,0.271,0.391,1.55,0,train
000085,4,1,2,2,1,1,1,7.574,14.183,1.96,0.166692,0.25,0.292,0.065,0.71,0.645,0.674,2.42,1,validation
000086,7,0,0,7,0,3,2,7.906,22.448,4.13,0.082119,0.476,0.221,0.156,0.791,0.558,0.629,3.1,0,train
000087,6,1,1,5,0,0,0,19.781,51.642,3.11,0.03239,0.111,0.0,0.883,0.812,0.149,0.448,3.11,0,train
000088,1,0,0,1,0,0,0,21.145,21.145,8.88,0.023617,0.333,0.0,0.883,0.805,0.152,0.466,0.49,0,train
000089,6,6,0,6,4,1,1,7.488,19.745,2.33,0.398829,0.333,0.068,0.5,0.794,0.368,0.619,1.96,1,test
000090,1,0,0,1,0,0,0,23.518,23.518,14.21,0.01825,0.0,0.0,1.0,0.875,0.056,0.423,1.82,0,train
000091,2,0,1,1,0,0,0,19.837,30.721,6.46,0.006874,0.0,0.0,1.0,0.895,0.047,0.588,1.89,0,test
000092,6,0,0,6,0,2,1,24.446,33.15,4.03,0.011065,0.333,0.11,0.221,0.621,0.599,0.517,2.53,0,train
000093,6,2,0,6,0,0,1,8.599,29.118,0.59,0.130929,0.167,0.068,0.617,0.871,0.269,0.582,2.1,0,train
000094,1,1,0,1,1,0,0,19.301,19.301,2.33,0.011779,0.0,0.0,1.0,0.898,0.046,0.505,1.72,0,validation
000095,15,2,0,15,1,5,0,14.087,36.421,0.52,0.040464,0.378,0.0,0.767,0.759,0.237,0.587,2.45,0,test
000096,5,2,0,5,2,2,0,8.851,17.952,2.62,0.130939,0.333,0.0,0.767,0.786,0.224,0.585,1.76,1,train
000097,2,0,0,2,0,0,0,57.057,57.854,4.6,0.001354,0.0,0.0,1.0,0.698,0.136,0.28,1.85,0,train
000098,7,1,0,5,1,0,1,5.295,33.008,2.56,0.178977,0.143,0.143,0.233,0.889,0.472,0.545,1.54,0,test
000099,10,2,0,10,1,1,2,6.615,26.233,2.32,0.160944,0.233,0.107,0.26,0.715,0.535,0.584,2.14,0,train
000100,4,1,2,2,1,1,1,8.902,15.508,2.13,0.217275,0.167,0.158,0.357,0.786,0.45,0.661,2.46,1,train
000101,3,1,0,3,1,1,0,19.471,26.642,0.22,0.013038,0.333,0.1,0.455,0.647,0.459,0.6,2.22,0,train
000102,3,0,0,2,0,1,1,21.056,30.189,13.39,0.008121,0.333,0.22,0.286,0.639,0.555,0.54,1.81,0,train
000103,1,0,1,0,0,0,0,9.892,9.892,3.76,0.020031,0.0,0.0,1.0,0.948,0.024,0.654,2.81,0,validation
000104,7,2,0,7,1,2,0,16.046,35.906,1.55,0.029452,0.381,0.0,0.767,0.748,0.242,0.506,2.13,0,train
000105,2,1,1,1,1,0,0,6.055,35.48,3.28,0.148951,0.0,0.095,0.876,0.968,0.082,0.705,2.18,1,train
000106,4,1,0,4,0,0,0,16.828,35.801,0.38,0.039097,0.25,0.02,0.831,0.828,0.17,0.501,2.18,0,train
000107,8,8,0,7,5,5,1,5.003,25.401,2.36,0.174293,0.458,0.101,0.24,0.807,0.505,0.655,2.08,1,validation
000108,3,1,1,2,1,2,0,13.112,13.986,0.14,0.38961,0.667,0.063,0.526,0.681,0.404,0.698,1.96,0,train
000109,1,1,1,0,1,0,0,9.19,9.19,2.93,0.020619,0.0,0.0,1.0,0.951,0.022,0.685,2.75,1,train
000110,12,3,0,12,1,4,1,9.865,35.279,0.39,0.142624,0.361,0.079,0.208,0.698,0.572,0.536,2.5,0,train
000111,14,1,0,14,0,5,1,6.139,39.917,0.16,0.0322,0.357,0.069,0.136,0.801,0.565,0.617,1.85,0,train
000112,10,0,0,10,0,5,3,8.086,18.983,4.53,0.100842,0.5,0.221,0.039,0.707,0.66,0.601,2.85,0,train
000113,18,5,0,15,1,3,3,3.263,31.453,1.24,0.161823,0.296,0.164,0.0,0.733,0.67,0.668,2.45,1,train
000114,12,4,2,10,3,8,0,14.878,29.148,0.35,0.026392,0.556,0.0,0.65,0.671,0.34,0.701,2.78,1,train
000115,1,0,0,1,0,0,0,47.527,47.527,7.32,0.00314,0.333,0.0,0.883,0.665,0.215,0.307,2.98,0,validation
000116,4,3,0,4,2,0,0,8.519,25.489,1.36,0.161145,0.0,0.0,1.0,0.955,0.02,0.532,1.72,1,validation
000117,8,0,0,8,0,5,0,11.069,21.287,4.13,0.080479,0.458,0.02,0.663,0.775,0.287,0.545,3.0,0,train
000118,7,6,5,2,4,5,0,8.646,22.014,0.64,0.034098,0.524,0.0,0.767,0.788,0.224,0.716,2.67,1,train
000119,5,1,1,4,1,2,0,13.895,22.685,1.53,0.018211,0.267,0.0,0.767,0.76,0.236,0.627,1.97,0,validation
000120,10,3,0,10,1,1,1,4.752,19.617,2.91,0.124381,0.267,0.106,0.117,0.808,0.572,0.628,2.56,0,train
000121,5,2,0,5,0,1,0,29.392,48.825,1.87,0.006475,0.267,0.0,0.767,0.678,0.273,0.411,2.08,0,train
000122,4,1,1,3,1,2,0,16.274,22.09,0.11,0.282655,0.583,0.0,0.65,0.664,0.344,0.664,1.9,0,train
000123,1,1,0,1,0,0,0,48.734,48.734,0.6,0.001557,0.0,0.0,1.0,0.742,0.116,0.413,1.68,0,train
000124,5,2,3,2,0,0,0,40.923,53.805,0.36,0.005513,0.067,0.0,0.883,0.7,0.199,0.564,3.12,0,test
000125,7,1,0,7,1,2,0,7.011,42.655,0.1,0.099372,0.238,0.001,0.76,0.796,0.224,0.689,2.58,1,train
000126,2,1,0,2,0,1,0,16.337,30.03,3.15,0.020768,0.5,0.0,0.65,0.664,0.344,0.471,2.03,0,train
000127,11,2,2,9,0,0,0,13.754,45.687,0.9,0.030909,0.152,0.023,0.721,0.844,0.224,0.586,3.12,0,train
000128,2,1,0,2,0,0,0,23.882,37.307,1.84,0.031415,0.0,0.0,1.0,0.874,0.057,0.421,2.17,0,train
000129,7,0,0,7,0,1,0,17.061,40.824,6.6,0.046717,0.19,0.0,0.767,0.743,0.244,0.466,2.15,0,validation
000130,1,1,1,0,1,0,0,8.905,8.905,2.87,0.033314,0.0,0.0,1.0,0.953,0.021,0.689,0.31,1,train
000131,7,2,0,7,0,3,0,22.8,41.498,0.38,0.017738,0.333,0.0,0.767,0.713,0.258,0.455,2.43,0,train
000132,3,0,0,3,0,0,0,30.892,53.854,6.55,0.004135,0.111,0.0,0.883,0.753,0.175,0.374,1.69,0,test
000133,1,0,0,1,0,0,0,52.51,52.51,7.78,0.002862,0.333,0.0,0.883,0.639,0.227,0.307,0.24,0,train
000134,15,2,12,3,2,1,1,13.071,23.864,0.77,0.03353,0.222,0.029,0.487,0.764,0.388,0.714,3.01,1,validation
000135,8,1,0,8,0,2,0,23.177,34.431,2.87,0.012149,0.417,0.013,0.585,0.627,0.396,0.461,1.83,0,train
000136,6,1,0,6,0,1,1,7.337,27.763,3.1,0.130249,0.278,0.072,0.487,0.794,0.375,0.565,2.19,0,train
000137,6,1,0,5,0,1,0,23.49,52.914,0.07,0.096372,0.278,0.023,0.559,0.626,0.411,0.515,2.12,0,train
000138,7,1,0,7,0,0,0,17.753,40.828,0.24,0.016398,0.048,0.0,0.883,0.823,0.144,0.503,1.97,0,test
000139,3,2,0,3,0,1,0,27.198,49.832,0.16,0.019453,0.333,0.0,0.65,0.606,0.37,0.479,2.07,0,validation
000140,4,2,0,4,1,1,0,16.756,25.269,1.45,0.020943,0.167,0.0,0.767,0.745,0.243,0.478,1.77,0,test
000141,1,1,0,1,1,0,0,15.914,15.914,2.94,0.021207,0.0,0.0,1.0,0.916,0.038,0.5,1.79,0,train
000142,14,8,5,9,5,2,3,5.865,21.781,0.06,0.180653,0.262,0.147,0.279,0.802,0.485,0.76,2.28,1,train
000143,4,1,0,4,0,0,0,31.602,53.218,0.88,0.013016,0.25,0.0,0.883,0.749,0.177,0.4,2.7,0,train
000144,7,2,4,3,1,0,2,4.538,19.486,2.15,0.146122,0.095,0.2,0.272,0.893,0.449,0.65,2.18,1,test
000145,15,3,11,4,2,3,0,9.197,29.779,0.72,0.057555,0.222,0.003,0.734,0.785,0.243,0.718,2.68,1,validation
000146,17,8,1,16,5,12,2,4.068,23.648,0.22,0.144244,0.569,0.106,0.026,0.728,0.658,0.75,2.67,1,validation
000147,2,1,1,1,1,1,0,15.107,16.841,3.31,0.02898,0.333,0.0,0.767,0.753,0.239,0.596,1.8,1,test
000148,1,0,0,1,0,0,0,43.695,43.695,12.19,0.004984,0.333,0.0,0.883,0.685,0.206,0.315,2.39,0,train
000149,11,8,1,10,3,5,0,10.603,31.906,0.31,0.055224,0.394,0.0,0.767,0.777,0.229,0.643,1.87,1,train
000150,4,1,1,3,0,0,0,25.219,36.401,0.66,0.005484,0.0,0.0,1.0,0.866,0.06,0.542,1.96,0,train
000151,4,1,2,2,1,0,2,4.612,16.893,3.17,0.10974,0.167,0.458,0.259,0.892,0.456,0.675,1.6,1,validation
000152,8,7,0,7,6,2,1,6.792,20.841,2.09,0.180123,0.25,0.076,0.539,0.797,0.345,0.605,1.93,1,test
000153,4,3,3,1,1,0,1,3.911,24.469,1.13,0.003367,0.0,0.247,0.357,0.979,0.363,0.804,2.03,1,validation
000154,9,2,2,7,0,1,1,12.34,34.685,0.19,0.046784,0.222,0.044,0.507,0.768,0.376,0.696,2.88,0,validation
000155,5,0,0,4,0,1,0,27.407,42.2,6.76,0.011851,0.2,0.0,0.767,0.688,0.269,0.405,1.92,0,train
000156,2,1,1,1,1,0,1,7.934,11.368,2.47,0.056562,0.0,0.345,0.552,0.958,0.266,0.714,2.6,1,test
000157,11,3,1,7,3,3,2,9.811,19.387,1.13,0.141214,0.273,0.126,0.162,0.781,0.559,0.685,2.51,1,train
000158,1,0,0,1,0,0,0,36.975,36.975,21.09,0.011805,0.333,0.0,0.883,0.721,0.19,0.36,3.0,0,train
000159,8,2,0,8,0,3,1,7.57,27.297,0.6,0.094815,0.333,0.089,0.305,0.793,0.475,0.613,2.22,0,train
000160,4,3,0,4,0,0,0,27.029,44.874,0.05,0.005112,0.0,0.0,1.0,0.857,0.064,0.532,1.91,0,train
000161,13,1,0,13,0,8,2,14.102,29.79,3.36,0.045722,0.513,0.111,0.111,0.675,0.635,0.486,2.84,0,validation
000162,5,1,1,4,1,1,0,22.262,39.55,0.26,0.011928,0.133,0.0,0.767,0.715,0.256,0.58,1.78,0,train
000163,7,0,0,7,0,4,0,18.416,29.747,6.23,0.032059,0.476,0.0,0.767,0.736,0.247,0.481,2.95,0,validation
000164,4,1,1,3,1,0,0,21.453,40.707,0.75,0.00819,0.083,0.0,0.883,0.803,0.153,0.563,2.09,0,test
000165,10,3,0,10,1,9,1,7.008,22.769,0.06,0.182679,0.733,0.094,0.117,0.713,0.615,0.679,2.27,0,train
000166,4,1,0,4,0,0,1,27.907,46.084,0.62,0.00458,0.083,0.172,0.435,0.769,0.415,0.526,2.3,0,validation
000167,3,0,3,0,0,2,0,12.28,26.597,3.96,0.014807,0.667,0.0,0.65,0.685,0.334,0.638,2.05,0,validation
000168,5,2,0,5,0,1,0,27.845,38.91,1.39,0.007109,0.133,0.0,0.767,0.686,0.27,0.491,2.52,0,train
000169,16,4,1,15,2,11,2,7.237,24.901,2.49,0.143461,0.5,0.094,0.078,0.712,0.637,0.625,2.98,1,validation
000170,3,0,0,3,0,0,0,29.716,53.548,6.53,0.004652,0.0,0.0,1.0,0.843,0.071,0.382,1.51,0,train
000171,4,1,0,4,1,1,0,17.72,29.149,0.09,0.024298,0.25,0.015,0.611,0.656,0.369,0.618,2.2,0,train
000172,9,7,0,9,3,2,1,5.573,25.245,0.1,0.17355,0.259,0.081,0.312,0.804,0.467,0.632,2.12,1,validation
000173,7,4,0,7,4,2,2,4.088,15.987,0.07,0.141719,0.429,0.221,0.02,0.728,0.662,0.735,2.07,1,train
000174,3,0,0,2,0,0,0,16.832,25.986,8.48,0.015679,0.0,0.0,1.0,0.911,0.04,0.443,1.76,0,train
000175,3,0,0,3,0,0,0,27.138,32.657,5.25,0.016798,0.222,0.0,0.883,0.773,0.166,0.426,3.0,0,test
000176,5,5,0,5,3,0,1,4.285,21.086,0.84,0.140273,0.133,0.186,0.279,0.894,0.444,0.672,2.15,1,train
000177,8,1,6,2,1,0,0,10.248,21.722,1.73,0.059691,0.042,0.0,0.883,0.862,0.126,0.652,2.86,1,validation
000178,8,6,0,8,4,1,1,4.548,24.539,0.53,0.138655,0.208,0.116,0.162,0.809,0.547,0.652,2.24,1,test
000179,5,1,1,4,1,0,0,20.034,34.559,0.38,0.036403,0.0,0.0,1.0,0.894,0.048,0.589,2.06,0,test
000180,2,0,0,2,0,0,0,52.317,58.054,4.94,0.003369,0.167,0.0,0.883,0.64,0.226,0.307,1.67,0,train
000181,13,5,0,13,3,7,0,6.852,29.401,3.16,0.156372,0.41,0.045,0.559,0.797,0.334,0.575,3.14,1,train
000182,3,1,0,3,0,0,0,8.624,17.92,3.41,0.113545,0.111,0.027,0.831,0.871,0.151,0.529,1.97,0,train
000183,8,5,0,7,3,3,1,4.335,27.676,0.48,0.161523,0.292,0.121,0.136,0.81,0.56,0.661,2.62,1,test
000184,6,1,0,5,0,1,0,10.477,37.128,1.2,0.052244,0.167,0.04,0.611,0.778,0.314,0.449,2.74,0,test
000185,6,6,0,6,3,0,1,4.328,22.679,0.05,0.127101,0.222,0.167,0.246,0.894,0.462,0.648,2.28,1,train
000186,9,3,1,8,1,2,2,4.826,34.435,2.95,0.13899,0.333,0.174,0.182,0.808,0.537,0.669,3.07,1,validation
000187,1,0,1,0,0,0,0,18.707,18.707,8.49,0.0069,0.0,0.0,1.0,0.901,0.045,0.595,2.06,0,train
000188,4,2,0,4,1,0,0,13.455,25.387,0.35,0.050305,0.0,0.0,1.0,0.929,0.032,0.603,1.84,0,train
000189,5,4,5,0,4,0,0,10.671,16.573,0.05,0.011591,0.067,0.0,0.883,0.86,0.127,0.778,2.33,1,train
000190,4,3,2,2,3,2,1,5.748,12.928,1.44,0.069437,0.5,0.158,0.24,0.72,0.544,0.812,2.29,1,train
000191,10,2,0,10,1,3,2,4.461,26.441,0.64,0.071576,0.3,0.154,0.123,0.81,0.568,0.629,1.57,0,train
000192,9,1,0,7,0,2,2,12.675,29.153,1.07,0.090249,0.296,0.128,0.247,0.683,0.557,0.593,1.57,0,train
000193,1,0,1,0,0,0,0,8.903,8.903,5.01,0.04202,0.0,0.0,1.0,0.953,0.021,0.661,2.52,0,train
000194,3,2,1,2,1,1,0,21.185,31.541,0.39,0.009332,0.222,0.0,0.767,0.721,0.254,0.533,1.75,0,validation
000195,2,0,2,0,0,1,0,13.37,28.342,4.69,0.010571,0.5,0.0,0.65,0.679,0.337,0.631,1.63,0,train
000196,2,1,0,1,0,0,0,34.58,43.784,2.2,0.002971,0.0,0.0,1.0,0.817,0.082,0.409,1.61,0,train
000197,6,2,0,6,1,1,0,14.184,29.532,2.95,0.038964,0.333,0.0,0.767,0.758,0.237,0.521,2.0,0,train
000198,3,0,0,3,0,0,1,11.574,15.036,5.26,0.055955,0.111,0.323,0.253,0.855,0.476,0.58,2.27,0,train
000199,1,1,1,0,1,0,0,8.028,8.028,2.89,0.025663,0.0,0.0,1.0,0.957,0.019,0.694,2.8,1,test
000200,4,2,1,2,2,0,0,8.07,18.986,0.64,0.06585,0.083,0.0,0.883,0.874,0.121,0.69,2.71,1,validation
000201,12,6,4,8,4,2,2,3.021,26.833,1.08,0.185543,0.222,0.121,0.117,0.817,0.568,0.668,2.75,1,train
000202,1,0,0,1,0,0,0,45.738,45.738,3.68,0.001707,0.0,0.0,1.0,0.758,0.109,0.28,1.65,0,train
000203,3,1,1,2,0,1,0,17.994,45.773,0.65,0.008246,0.333,0.0,0.65,0.655,0.348,0.68,1.87,0,train
000204,5,1,0,4,0,1,0,28.036,52.191,0.2,0.009958,0.267,0.0,0.65,0.602,0.372,0.431,2.05,0,train
000205,3,2,0,2,0,0,0,24.788,40.342,3.4,0.008704,0.111,0.0,0.883,0.785,0.161,0.415,1.89,0,train
000206,4,1,2,2,1,0,0,16.448,28.707,2.97,0.023671,0.167,0.0,0.883,0.83,0.141,0.634,2.58,0,train
000207,5,0,1,3,0,0,0,30.644,38.372,5.95,0.009957,0.067,0.0,0.883,0.754,0.175,0.457,2.18,0,validation
000208,3,1,1,2,1,0,1,8.58,14.724,1.97,0.093788,0.111,0.227,0.441,0.871,0.365,0.604,2.47,0,train
000209,1,1,1,0,1,0,0,8.094,8.094,2.7,0.03281,0.0,0.0,1.0,0.957,0.019,0.703,2.82,1,train
000210,7,0,0,7,0,1,1,14.267,36.841,7.3,0.045374,0.19,0.076,0.422,0.758,0.427,0.527,2.22,0,test
000211,8,3,3,5,2,0,1,5.138,24.44,2.62,0.181851,0.125,0.13,0.396,0.889,0.382,0.646,2.1,1,train
000212,4,2,0,4,1,1,1,9.426,31.788,1.32,0.075988,0.167,0.182,0.292,0.783,0.487,0.576,3.0,0,validation
000213,10,4,0,10,3,4,2,4.675,18.208,2.7,0.124863,0.4,0.192,0.052,0.725,0.645,0.647,2.87,1,train
000214,6,0,3,3,0,2,0,15.037,27.726,8.37,0.030152,0.222,0.0,0.767,0.754,0.239,0.656,2.76,0,test
000215,2,1,0,2,1,1,0,10.333,10.601,2.75,0.100499,0.333,0.045,0.708,0.779,0.26,0.568,0.77,1,train
000216,5,1,0,5,0,0,0,16.496,30.588,0.91,0.037306,0.267,0.0,0.883,0.829,0.141,0.497,2.08,0,validation
000217,8,1,2,6,0,3,1,7.314,24.105,1.73,0.136299,0.375,0.091,0.228,0.711,0.555,0.719,2.22,0,test
000218,7,4,0,7,3,1,1,3.034,25.323,2.85,0.121981,0.238,0.143,0.117,0.817,0.568,0.667,2.76,1,test
000219,4,1,0,4,0,0,0,25.659,44.05,0.68,0.012372,0.167,0.0,0.883,0.781,0.163,0.538,2.05,0,test
000220,2,0,0,2,0,0,0,55.934,56.306,4.96,0.001466,0.0,0.0,1.0,0.704,0.133,0.28,1.86,0,train
000221,4,2,1,2,2,0,0,9.408,19.983,0.66,0.044863,0.083,0.0,0.883,0.867,0.124,0.681,2.76,1,train
000222,7,1,0,7,1,4,0,7.011,40.901,0.1,0.099324,0.381,0.001,0.76,0.796,0.224,0.689,2.76,1,validation
000223,5,0,1,3,0,0,1,4.621,16.249,3.59,0.129726,0.2,0.2,0.233,0.892,0.47,0.629,3.03,0,train
000224,1,0,0,1,0,0,0,49.138,49.138,15.97,0.002236,0.0,0.0,1.0,0.74,0.117,0.28,1.88,0,test
000225,5,1,0,5,0,0,0,33.562,48.26,0.32,0.01428,0.067,0.0,0.883,0.739,0.182,0.502,2.22,0,train
000226,9,4,0,9,2,6,1,5.075,25.938,2.48,0.130722,0.481,0.094,0.13,0.723,0.603,0.648,2.8,1,train
000227,6,0,0,6,0,0,0,18.879,36.651,5.94,0.018584,0.167,0.0,0.883,0.817,0.147,0.454,1.93,0,validation
000228,5,1,1,4,0,2,0,18.193,34.345,0.14,0.010652,0.4,0.0,0.767,0.737,0.247,0.599,2.33,0,train
000229,2,1,0,2,0,0,0,47.649,51.655,0.92,0.036397,0.0,0.0,1.0,0.748,0.114,0.398,1.87,0,train
000230,3,0,0,3,0,1,0,52.844,56.586,14.0,0.014365,0.444,0.0,0.65,0.47,0.431,0.36,1.95,0,train
000231,5,2,0,5,1,1,0,23.644,35.896,0.82,0.012851,0.133,0.0,0.767,0.708,0.26,0.545,1.99,0,test
000232,3,0,1,2,0,0,0,22.835,40.043,4.52,0.018631,0.111,0.0,0.883,0.796,0.156,0.554,2.01,0,test
000233,2,1,0,2,0,0,0,31.403,38.395,2.66,0.003807,0.167,0.0,0.883,0.75,0.176,0.409,1.68,0,train
000234,7,1,0,7,0,2,0,12.606,25.518,2.29,0.061906,0.381,0.0,0.767,0.767,0.233,0.517,2.89,0,train
000235,4,1,0,4,0,0,0,17.102,41.144,0.5,0.037985,0.167,0.0,0.883,0.826,0.142,0.493,2.07,0,test
000236,9,2,0,9,0,3,1,13.572,28.06,0.32,0.046723,0.333,0.04,0.416,0.678,0.466,0.558,1.57,0,train
000237,3,1,0,3,0,0,0,32.575,50.803,0.59,0.007499,0.111,0.0,0.883,0.744,0.179,0.413,2.91,0,train
000238,3,1,0,3,0,0,1,31.417,40.916,0.68,0.005826,0.111,0.2,0.493,0.75,0.391,0.499,1.99,0,train
000239,2,0,0,2,0,1,0,23.926,34.909,4.29,0.014362,0.333,0.0,0.767,0.707,0.26,0.42,3.09,0,train
000240,1,1,0,1,0,0,0,29.373,29.373,0.88,0.003487,0.0,0.0,1.0,0.844,0.07,0.504,1.58,0,train
000241,2,1,0,2,0,0,0,35.695,51.243,3.1,0.009459,0.167,0.0,0.883,0.728,0.187,0.387,1.8,0,train
000242,3,1,0,3,1,0,0,22.079,25.437,1.98,0.012805,0.111,0.0,0.883,0.8,0.154,0.502,1.69,0,train
000243,5,3,0,5,3,1,1,15.969,21.539,0.54,0.022536,0.133,0.154,0.266,0.749,0.517,0.609,1.59,0,test
000244,10,10,0,10,7,4,2,3.514,18.282,1.69,0.171884,0.367,0.184,0.123,0.815,0.566,0.676,2.38,1,train
000245,5,1,1,4,0,0,2,8.343,18.589,0.32,0.183439,0.133,0.174,0.571,0.872,0.293,0.683,2.94,1,train
000246,9,1,0,7,0,2,3,6.094,26.562,0.9,0.099255,0.333,0.237,0.117,0.718,0.613,0.643,1.59,0,train
000247,1,0,0,1,0,0,0,43.707,43.707,17.57,0.002138,0.0,0.0,1.0,0.769,0.104,0.289,1.61,0,train
000248,11,1,0,9,0,1,0,9.559,29.388,0.76,0.058445,0.242,0.002,0.754,0.783,0.233,0.521,1.57,0,train
000249,9,2,0,8,1,2,1,8.347,27.786,1.17,0.132795,0.259,0.107,0.182,0.789,0.545,0.58,1.58,1,test
000250,3,0,0,3,0,1,0,11.141,21.914,5.9,0.072451,0.444,0.0,0.65,0.691,0.332,0.586,1.8,0,train
000251,6,2,2,4,2,2,0,7.087,19.434,1.92,0.176697,0.333,0.003,0.754,0.796,0.227,0.719,2.76,1,test
000252,4,2,0,4,1,1,0,10.592,38.611,1.93,0.058112,0.333,0.0,0.65,0.694,0.33,0.51,2.98,1,train
000253,3,2,0,3,1,0,0,21.165,35.423,0.44,0.014635,0.111,0.0,0.883,0.805,0.152,0.564,1.87,0,train
000254,11,3,2,9,1,1,1,10.905,25.422,2.27,0.083568,0.212,0.053,0.39,0.776,0.437,0.664,3.12,0,train
000255,2,2,0,2,1,0,0,10.152,26.735,3.32,0.086196,0.0,0.0,1.0,0.946,0.024,0.512,1.93,1,train
000256,4,0,0,3,0,0,1,25.323,31.104,14.61,0.019331,0.167,0.195,0.376,0.783,0.441,0.474,2.29,0,train
000257,2,0,0,2,0,0,0,43.244,43.253,6.32,0.003762,0.167,0.0,0.883,0.688,0.205,0.318,2.43,0,train
000258,5,0,0,5,0,1,0,19.158,29.543,4.42,0.021363,0.2,0.0,0.767,0.732,0.249,0.452,2.07,0,test
000259,4,4,0,4,2,0,0,11.638,24.907,0.76,0.040896,0.083,0.0,0.883,0.855,0.129,0.553,1.57,1,validation
000260,2,1,0,2,0,0,0,52.906,58.355,1.3,0.000876,0.0,0.0,1.0,0.72,0.126,0.381,1.58,0,train
000261,4,1,0,4,0,0,0,43.236,51.209,2.72,0.009701,0.167,0.0,0.883,0.688,0.205,0.327,2.02,0,train
000262,8,8,0,7,5,4,1,3.473,23.552,2.33,0.129805,0.417,0.125,0.117,0.815,0.569,0.682,2.33,1,train
000263,1,1,1,0,1,0,0,10.732,10.732,0.68,0.011339,0.0,0.0,1.0,0.943,0.026,0.777,1.52,1,train
000264,17,8,1,16,5,12,2,5.224,24.897,0.38,0.171717,0.569,0.069,0.162,0.722,0.586,0.725,2.68,1,train
000265,6,0,5,0,0,5,0,10.163,27.59,4.36,0.043112,0.722,0.0,0.65,0.696,0.329,0.732,1.87,0,train
000266,11,5,4,7,3,1,0,8.266,23.1,0.07,0.106448,0.242,0.0,0.767,0.79,0.223,0.657,1.96,1,validation
000267,3,2,0,3,1,0,0,15.023,32.523,0.28,0.019706,0.111,0.0,0.883,0.837,0.137,0.627,1.96,0,train
000268,4,1,1,3,1,0,0,9.152,26.517,0.2,0.056314,0.083,0.0,0.883,0.868,0.123,0.67,1.94,1,train
000269,7,0,0,7,0,3,1,12.031,29.87,7.33,0.036945,0.381,0.101,0.305,0.77,0.486,0.557,1.81,0,test
000270,3,1,0,3,0,0,0,29.749,43.152,0.67,0.006316,0.222,0.0,0.883,0.759,0.173,0.409,1.86,0,train
000271,5,1,1,4,1,0,0,23.021,37.016,0.78,0.025515,0.133,0.0,0.883,0.795,0.157,0.549,2.65,0,test
000272,1,1,0,1,0,0,0,43.007,43.007,0.78,0.002192,0.0,0.0,1.0,0.772,0.102,0.418,1.73,0,validation
000273,14,3,1,13,0,4,0,32.089,48.327,0.91,0.007656,0.405,0.0,0.65,0.58,0.381,0.506,2.96,0,test
000274,14,4,2,12,3,10,0,11.216,25.85,0.23,0.060616,0.595,0.0,0.65,0.691,0.332,0.725,2.48,1,train
000275,9,1,3,6,1,4,1,7.479,25.847,0.07,0.115511,0.37,0.066,0.494,0.794,0.371,0.649,2.68,0,train
000276,5,1,0,5,0,0,0,20.552,49.133,0.01,0.010138,0.0,0.0,1.0,0.891,0.049,0.537,1.87,0,train
000277,10,2,9,1,1,1,0,10.44,17.401,1.31,0.018977,0.133,0.0,0.767,0.778,0.228,0.7,2.92,1,validation
000278,2,1,0,2,0,0,0,53.622,56.176,0.2,0.001261,0.0,0.0,1.0,0.716,0.128,0.431,1.63,0,validation
000279,7,6,0,7,2,3,0,14.259,27.344,1.02,0.054382,0.476,0.0,0.65,0.675,0.339,0.59,2.76,1,train
000280,2,1,0,2,0,0,0,43.234,45.852,0.01,0.006267,0.167,0.0,0.883,0.688,0.205,0.44,1.97,0,train
000281,3,1,0,3,0,2,0,39.97,51.735,0.06,0.014896,0.556,0.0,0.65,0.538,0.4,0.471,1.88,0,validation
000282,3,2,0,2,1,0,0,7.964,31.488,0.07,0.137227,0.0,0.08,0.844,0.958,0.105,0.553,1.91,1,validation
000283,3,1,0,3,0,1,0,18.496,32.171,2.43,0.034126,0.333,0.0,0.65,0.652,0.349,0.457,3.11,0,validation
000284,9,3,0,9,1,4,1,10.14,25.263,2.31,0.060294,0.407,0.074,0.331,0.78,0.467,0.566,2.96,0,test
000285,14,2,0,14,1,3,0,10.801,33.917,0.41,0.074172,0.262,0.02,0.585,0.776,0.329,0.587,2.5,0,test
000286,12,9,1,11,5,5,1,3.998,27.184,0.59,0.151172,0.389,0.095,0.123,0.812,0.567,0.684,2.37,1,train
000287,2,1,2,0,1,0,0,13.092,14.124,2.98,0.010017,0.167,0.0,0.883,0.847,0.133,0.659,1.75,1,train
000288,1,1,1,0,1,0,0,8.923,8.923,1.94,0.020135,0.0,0.0,1.0,0.953,0.021,0.732,2.09,1,train
000289,3,0,0,3,0,0,0,35.904,50.54,4.43,0.003481,0.111,0.0,0.883,0.727,0.187,0.341,2.01,0,validation
000290,1,1,1,0,1,0,0,6.511,6.511,0.96,0.03374,0.0,0.0,1.0,0.966,0.016,0.793,1.42,1,train
000291,4,4,0,4,0,2,0,26.659,33.929,1.12,0.006501,0.333,0.0,0.767,0.692,0.267,0.488,1.79,0,validation
000292,3,1,1,2,1,0,0,19.657,39.992,0.53,0.009375,0.0,0.0,1.0,0.896,0.047,0.585,1.91,0,train
000293,3,1,0,3,1,2,0,7.75,25.946,3.47,0.157801,0.556,0.067,0.52,0.709,0.395,0.626,3.05,1,validation
000294,1,0,1,0,0,0,0,8.724,8.724,4.62,0.044014,0.0,0.0,1.0,0.954,0.021,0.662,0.51,0,validation
000295,3,1,1,2,1,0,0,10.056,37.055,3.21,0.03207,0.0,0.0,1.0,0.947,0.024,0.666,1.93,1,test
000296,6,2,0,6,1,3,1,9.939,33.198,2.15,0.121366,0.333,0.125,0.279,0.781,0.495,0.569,2.18,1,train
000297,6,1,0,6,0,2,1,8.168,44.246,0.07,0.243313,0.444,0.132,0.136,0.707,0.607,0.669,2.25,0,train
000298,1,0,1,0,0,0,0,9.725,9.725,3.61,0.01639,0.0,0.0,1.0,0.949,0.023,0.655,2.78,0,train
000299,1,1,0,1,0,0,0,61.863,61.863,0.59,0.000743,0.0,0.0,1.0,0.672,0.147,0.413,1.57,0,train
000300,2,0,0,2,0,0,0,43.692,45.878,6.14,0.00365,0.0,0.0,1.0,0.769,0.104,0.289,2.43,0,train
000301,7,4,0,7,3,1,1,3.534,22.457,0.48,0.302987,0.286,0.143,0.117,0.815,0.569,0.636,1.57,0,train
000302,3,1,0,3,0,0,0,27.002,37.692,1.25,0.009797,0.111,0.0,0.883,0.774,0.166,0.4,2.05,0,validation
000303,7,1,4,3,1,1,1,15.13,26.24,0.03,0.016803,0.238,0.084,0.383,0.753,0.45,0.638,2.49,0,validation
000304,1,1,0,1,0,0,0,71.073,71.073,0.66,0.000567,0.0,0.0,1.0,0.624,0.169,0.41,1.57,0,train
000305,5,2,0,5,0,2,1,23.787,36.046,1.69,0.016743,0.267,0.102,0.435,0.707,0.442,0.462,2.05,0,validation
000306,3,1,1,2,1,1,0,21.061,35.062,0.67,0.008535,0.222,0.0,0.767,0.722,0.254,0.569,2.22,0,train
000307,4,1,2,2,0,1,0,42.864,53.958,0.34,0.002741,0.333,0.0,0.65,0.523,0.407,0.514,2.07,0,test
000308,5,2,3,2,0,0,0,34.58,46.969,0.51,0.008345,0.133,0.0,0.883,0.734,0.184,0.557,3.1,0,validation
000309,4,0,0,4,0,2,0,8.453,21.249,3.7,0.149636,0.5,0.003,0.76,0.789,0.227,0.551,1.97,0,train
000310,10,6,1,9,5,4,0,8.497,20.734,0.47,0.090613,0.333,0.0,0.767,0.788,0.224,0.72,1.91,1,validation
000311,10,7,3,7,4,5,0,6.094,20.233,2.21,0.220753,0.367,0.034,0.546,0.801,0.339,0.664,1.93,1,train
000312,5,2,1,4,0,0,0,11.171,26.885,0.13,0.051682,0.2,0.0,0.883,0.858,0.128,0.684,2.23,1,test
000313,1,0,0,1,0,0,0,25.747,25.747,8.68,0.014181,0.333,0.0,0.883,0.78,0.163,0.435,0.4,0,train
000314,5,0,0,4,0,3,0,13.425,30.218,8.16,0.037657,0.733,0.058,0.462,0.679,0.441,0.594,1.72,0,train
000315,3,3,0,3,2,0,0,11.019,25.75,2.57,0.056304,0.0,0.0,1.0,0.942,0.026,0.548,1.94,1,validation
000316,12,9,1,11,5,5,1,6.561,30.243,0.67,0.172663,0.389,0.031,0.526,0.799,0.351,0.667,2.04,1,train
000317,10,2,10,0,2,4,1,4.772,25.889,1.34,0.104605,0.567,0.04,0.39,0.725,0.459,0.899,3.02,1,train
000318,6,6,0,5,3,1,0,7.489,23.773,0.22,0.185878,0.278,0.045,0.591,0.794,0.318,0.567,1.93,1,test
000319,4,1,0,4,0,1,0,21.448,34.39,0.16,0.014047,0.333,0.0,0.767,0.72,0.254,0.464,2.02,0,train
000320,5,2,1,4,1,0,0,13.266,30.166,1.21,0.056679,0.067,0.0,0.883,0.846,0.133,0.62,1.97,1,train
000321,4,1,0,4,1,0,0,8.99,29.68,3.43,0.117683,0.083,0.0,0.883,0.869,0.123,0.523,1.95,1,train
000322,2,1,0,2,0,0,1,5.916,31.404,2.84,0.122572,0.0,0.435,0.434,0.969,0.325,0.61,2.19,0,test
000323,6,1,0,6,1,2,0,10.457,21.26,3.31,0.103959,0.278,0.0,0.767,0.778,0.228,0.51,2.24,0,validation
000324,1,1,1,0,1,0,0,7.451,7.451,0.09,0.039522,0.0,0.0,1.0,0.961,0.018,0.826,3.12,1,test
000325,8,1,1,7,0,0,0,13.715,36.035,0.19,0.02678,0.042,0.019,0.786,0.844,0.188,0.564,2.25,0,train
000326,2,1,0,2,1,0,1,6.11,10.835,2.72,0.153528,0.0,0.375,0.512,0.968,0.283,0.599,2.23,0,train
000327,1,1,1,0,1,0,0,9.063,9.063,2.64,0.028349,0.0,0.0,1.0,0.952,0.022,0.699,2.84,1,validation
000328,11,6,1,10,3,1,2,3.469,25.72,0.21,0.121126,0.182,0.181,0.117,0.815,0.569,0.672,2.77,1,train
000329,3,1,1,2,0,0,0,13.831,40.71,0.25,0.006746,0.222,0.0,0.883,0.843,0.135,0.654,1.96,0,train
000330,10,5,1,9,2,1,1,10.681,31.143,0.1,0.055717,0.233,0.035,0.539,0.777,0.354,0.558,1.82,1,validation
000331,3,1,1,2,0,0,0,12.655,20.572,0.11,0.067697,0.0,0.043,0.915,0.933,0.077,0.705,2.88,1,train
000332,12,7,11,1,6,3,0,9.544,14.624,1.22,0.017048,0.25,0.0,0.767,0.783,0.226,0.754,2.93,1,test
000333,5,2,1,3,1,0,2,4.613,19.131,2.42,0.109319,0.133,0.3,0.259,0.892,0.456,0.642,2.15,1,train
000334,2,0,0,2,0,0,0,54.999,64.759,7.24,0.001513,0.0,0.0,1.0,0.709,0.131,0.28,1.95,0,train
000335,7,6,1,6,4,1,0,7.643,21.008,0.64,0.102459,0.286,0.0,0.65,0.71,0.323,0.797,2.65,1,train
000336,14,8,10,3,7,5,0,6.847,19.744,0.77,0.045258,0.31,0.0,0.767,0.797,0.22,0.754,3.0,1,test
000337,1,1,1,0,1,0,0,9.638,9.638,3.5,0.02038,0.0,0.0,1.0,0.949,0.023,0.656,2.78,1,train
000338,8,1,0,8,1,4,0,7.868,29.478,3.36,0.16433,0.333,0.035,0.585,0.792,0.322,0.55,2.23,0,test
000339,11,6,2,9,5,4,2,3.283,15.37,0.36,0.09827,0.303,0.176,0.117,0.816,0.569,0.774,2.59,1,train
000340,5,0,0,4,0,4,0,12.563,29.359,7.15,0.056025,0.8,0.004,0.637,0.683,0.342,0.578,1.75,0,train
000341,8,5,6,2,5,4,0,7.209,15.315,2.18,0.234244,0.417,0.018,0.676,0.795,0.271,0.742,2.04,1,validation
000342,4,2,4,0,2,0,2,4.501,7.064,2.52,0.101741,0.0,0.335,0.552,0.976,0.257,0.768,1.94,1,train
000343,4,1,0,4,1,0,0,13.96,25.924,1.05,0.046801,0.0,0.0,1.0,0.926,0.033,0.567,1.83,0,test
000344,5,1,0,5,1,0,1,19.004,29.828,0.48,0.018184,0.067,0.206,0.246,0.816,0.497,0.558,2.32,0,test
000345,7,1,0,6,0,3,1,6.304,26.792,0.46,0.29306,0.333,0.116,0.24,0.8,0.508,0.556,1.57,0,validation
000346,9,2,0,9,1,5,2,4.06,19.417,1.87,0.12859,0.407,0.191,0.007,0.729,0.669,0.657,2.89,1,train
000347,4,1,2,2,0,1,0,25.05,40.721,0.36,0.007042,0.333,0.0,0.65,0.617,0.365,0.633,2.2,0,train
000348,10,7,1,9,3,3,1,6.24,35.484,0.13,0.163599,0.333,0.041,0.5,0.8,0.365,0.609,1.97,1,train
000349,3,1,0,3,1,1,0,13.189,18.471,1.08,0.03525,0.222,0.0,0.767,0.764,0.235,0.529,2.03,0,train
000350,9,2,0,9,0,3,1,6.27,27.612,0.01,0.089025,0.333,0.107,0.143,0.8,0.561,0.642,2.34,0,train
000351,9,1,0,8,0,0,1,11.217,28.143,0.41,0.03722,0.185,0.106,0.266,0.857,0.468,0.539,1.57,0,test
000352,11,6,0,11,3,2,1,7.933,27.279,2.26,0.147448,0.273,0.073,0.279,0.791,0.49,0.564,1.92,1,train
000353,2,0,0,2,0,0,1,9.546,13.753,5.33,0.106237,0.0,0.175,0.772,0.949,0.148,0.544,2.02,0,test
000354,6,3,1,5,2,2,1,4.651,22.777,0.27,0.123781,0.389,0.14,0.104,0.725,0.616,0.737,2.01,1,validation
000355,3,1,0,3,0,2,0,23.87,26.004,0.5,0.063021,0.667,0.0,0.65,0.624,0.362,0.625,2.0,0,validation
000356,8,4,0,8,2,3,1,7.345,29.702,0.11,0.21983,0.292,0.058,0.468,0.794,0.385,0.611,1.88,1,train
000357,11,1,0,10,0,2,1,11.524,30.403,0.78,0.065469,0.242,0.073,0.247,0.772,0.517,0.562,1.57,0,train
000358,4,1,0,4,0,0,0,43.458,52.185,2.61,0.009729,0.167,0.0,0.883,0.687,0.205,0.331,2.02,0,validation
000359,3,2,0,3,0,1,0,38.159,53.144,0.06,0.006801,0.333,0.0,0.65,0.548,0.396,0.437,1.94,0,train
000360,5,1,1,4,0,2,0,19.379,47.921,0.52,0.020623,0.467,0.0,0.65,0.647,0.351,0.5,2.43,0,train
000361,7,1,0,7,0,2,0,12.713,33.199,2.02,0.082589,0.333,0.0,0.767,0.766,0.234,0.495,2.96,0,validation
000362,10,5,2,8,3,0,2,3.107,32.187,2.08,0.036902,0.1,0.2,0.233,0.9,0.467,0.661,2.87,1,train
000363,4,1,0,4,0,1,0,28.89,47.617,0.01,0.004249,0.167,0.0,0.767,0.68,0.272,0.547,1.71,0,validation
000364,3,1,3,0,1,0,1,8.824,13.874,3.3,0.019192,0.222,0.217,0.461,0.87,0.355,0.74,2.25,1,train
000365,1,1,1,0,1,0,0,7.468,7.468,1.83,0.039553,0.0,0.0,1.0,0.96,0.018,0.747,0.16,1,train
000366,6,3,4,2,0,0,0,31.532,44.695,1.18,0.010628,0.167,0.0,0.883,0.75,0.177,0.548,3.02,0,train
000367,1,0,0,1,0,0,0,46.939,46.939,5.95,0.001843,0.0,0.0,1.0,0.752,0.112,0.28,1.67,0,validation
000368,1,0,1,0,0,0,0,8.944,8.944,4.25,0.029256,0.333,0.0,0.883,0.869,0.123,0.687,2.63,0,validation
000369,13,4,0,13,1,3,1,5.832,34.027,0.48,0.113788,0.256,0.066,0.208,0.802,0.525,0.61,1.76,0,validation
000370,9,2,0,9,1,5,1,11.534,25.631,2.12,0.055466,0.519,0.09,0.273,0.689,0.54,0.63,2.96,0,test
000371,12,8,1,11,5,5,3,2.833,24.894,0.02,0.169561,0.333,0.212,0.117,0.818,0.568,0.719,2.85,1,test
000372,3,0,0,3,0,1,0,21.273,32.686,3.58,0.053445,0.333,0.0,0.65,0.637,0.356,0.508,2.19,0,train
000373,5,0,0,5,0,3,1,14.179,21.829,5.19,0.055356,0.4,0.08,0.507,0.758,0.38,0.522,2.8,0,validation
000374,6,2,0,5,1,1,1,8.006,44.258,0.46,0.023618,0.222,0.163,0.13,0.791,0.573,0.605,2.42,0,test
000375,1,0,0,1,0,0,0,12.543,12.543,5.12,0.05294,0.0,0.0,1.0,0.934,0.03,0.496,2.02,0,train
000376,4,3,1,3,0,0,0,27.583,34.714,1.06,0.006622,0.083,0.0,0.883,0.771,0.167,0.565,2.43,1,validation
000377,6,4,0,5,3,3,0,7.491,26.125,2.72,0.162295,0.333,0.017,0.702,0.794,0.257,0.574,2.73,1,train
000378,3,2,0,3,1,2,0,19.285,23.711,1.36,0.024109,0.444,0.0,0.767,0.731,0.249,0.543,2.51,0,test
000379,4,0,1,3,0,2,0,26.419,50.903,6.1,0.016318,0.5,0.07,0.468,0.61,0.468,0.506,2.23,0,test
000380,9,4,3,6,1,5,0,17.307,32.557,0.17,0.01571,0.481,0.0,0.65,0.658,0.346,0.605,2.97,1,train
000381,1,1,1,0,1,0,0,10.401,10.401,0.17,0.010028,0.0,0.0,1.0,0.945,0.025,0.803,1.48,1,train
000382,8,3,1,7,1,1,1,14.163,32.85,0.57,0.050086,0.167,0.084,0.331,0.758,0.477,0.538,2.89,0,validation
000383,12,5,9,3,5,8,3,5.577,18.735,1.8,0.133888,0.528,0.202,0.072,0.72,0.636,0.772,2.33,1,validation
000384,16,2,12,4,1,2,0,8.983,20.487,0.64,0.030571,0.229,0.006,0.702,0.786,0.26,0.779,2.29,1,train
000385,5,5,0,5,2,0,0,8.352,27.143,2.38,0.104513,0.133,0.0,0.883,0.872,0.122,0.562,1.88,1,validation
000386,9,2,0,9,1,3,1,6.999,27.406,0.71,0.17141,0.37,0.082,0.357,0.713,0.483,0.593,1.57,1,train
000387,4,1,0,4,1,0,0,21.91,47.6,0.07,0.007359,0.167,0.0,0.883,0.801,0.154,0.591,1.85,0,test
000388,3,1,0,3,0,0,0,63.526,72.661,3.43,0.003381,0.111,0.0,0.883,0.58,0.253,0.307,1.58,0,train
000389,9,6,0,9,2,1,1,7.016,25.998,0.02,0.172083,0.185,0.111,0.247,0.796,0.506,0.583,2.24,1,train
000390,2,0,0,2,0,1,0,30.944,38.247,4.67,0.003864,0.333,0.0,0.767,0.67,0.277,0.374,1.6,0,validation
000391,6,1,0,4,0,0,1,12.503,28.728,0.52,0.137558,0.167,0.093,0.519,0.85,0.332,0.541,1.58,0,train
000392,11,2,0,11,2,6,0,8.577,25.335,3.17,0.102307,0.394,0.0,0.767,0.788,0.224,0.553,3.01,1,validation
000393,9,2,0,9,1,7,1,10.573,25.723,2.63,0.084092,0.593,0.054,0.332,0.694,0.505,0.629,2.97,0,train
000394,5,1,1,4,0,1,1,13.077,41.374,0.38,0.139354,0.333,0.2,0.117,0.764,0.592,0.652,2.96,0,train
000395,13,3,0,12,1,9,1,7.888,27.831,2.2,0.115459,0.538,0.048,0.305,0.708,0.513,0.641,3.09,1,train
000396,2,1,0,2,0,0,0,57.111,59.44,0.32,0.001337,0.0,0.0,1.0,0.698,0.136,0.425,1.61,0,train
000397,13,4,1,6,3,9,1,4.46,16.92,2.61,0.116509,0.487,0.074,0.143,0.81,0.557,0.654,2.98,1,test
000398,1,1,1,0,1,0,0,7.73,7.73,2.2,0.028551,0.0,0.0,1.0,0.959,0.018,0.728,2.84,1,train
000399,4,1,0,4,0,1,0,54.946,64.222,1.08,0.008825,0.25,0.0,0.767,0.542,0.334,0.391,1.97,0,train
000400,5,2,0,5,1,0,1,6.57,25.344,2.41,0.16287,0.067,0.134,0.448,0.882,0.357,0.59,2.73,0,train
000401,10,6,3,7,3,6,1,4.275,21.054,1.66,0.134454,0.467,0.099,0.136,0.811,0.56,0.716,1.77,1,train
000402,4,0,0,4,0,0,0,17.583,33.76,3.79,0.019055,0.167,0.0,0.883,0.824,0.144,0.463,1.82,0,validation
000403,6,4,0,5,3,3,1,3.581,22.018,1.6,0.067824,0.333,0.167,0.117,0.814,0.569,0.661,2.43,1,validation
000404,13,1,0,12,1,4,2,8.749,31.761,0.88,0.044017,0.308,0.13,0.052,0.704,0.655,0.606,1.67,0,train
000405,6,1,0,6,1,0,0,7.011,44.529,0.1,0.09944,0.056,0.002,0.877,0.88,0.122,0.689,2.42,1,test
000406,1,1,0,1,1,0,0,19.908,19.908,0.55,0.009132,0.0,0.0,1.0,0.895,0.047,0.582,1.57,0,train
000407,1,0,1,0,0,0,0,9.133,9.133,3.79,0.022421,0.0,0.0,1.0,0.952,0.022,0.659,0.4,0,train
000408,8,7,1,7,5,1,1,3.579,20.953,0.58,0.084392,0.25,0.125,0.0,0.731,0.671,0.768,2.71,1,test
000409,3,1,1,2,1,0,0,9.292,37.482,0.2,0.054306,0.0,0.0,1.0,0.951,0.022,0.669,1.73,1,test
000410,7,1,0,7,1,1,1,24.902,49.72,0.28,0.008902,0.286,0.101,0.305,0.702,0.516,0.561,2.13,0,train
000411,2,0,0,2,0,0,1,6.275,33.987,3.87,0.107403,0.0,0.385,0.499,0.967,0.29,0.6,2.22,0,train
000412,7,2,4,3,1,0,1,6.552,21.81,2.2,0.192228,0.143,0.053,0.643,0.882,0.25,0.617,2.05,1,test
000413,3,1,0,3,0,0,0,16.555,27.312,0.55,0.03491,0.222,0.0,0.883,0.829,0.141,0.496,2.06,0,train
000414,1,1,0,1,1,0,0,14.139,14.139,1.29,0.042929,0.0,0.0,1.0,0.925,0.034,0.587,0.32,0,train
000415,11,5,0,11,4,4,1,7.183,27.738,2.55,0.147351,0.333,0.062,0.455,0.795,0.392,0.576,2.1,1,train
000416,2,0,0,2,0,0,0,52.648,57.596,3.77,0.003984,0.0,0.0,1.0,0.721,0.125,0.28,1.78,0,validation
000417,2,0,0,2,0,0,1,10.555,26.467,8.09,0.021708,0.167,0.465,0.279,0.861,0.459,0.584,2.96,0,train
000418,3,0,0,3,0,0,0,30.148,45.515,8.05,0.008795,0.333,0.0,0.883,0.757,0.173,0.406,2.94,0,train
000419,3,2,0,3,0,0,0,33.625,53.124,0.45,0.003505,0.0,0.0,1.0,0.822,0.08,0.419,1.86,0,train
000420,5,2,0,5,2,1,1,6.374,14.178,1.43,0.1395,0.133,0.138,0.318,0.8,0.465,0.594,2.15,1,test
000421,7,1,0,7,1,2,0,7.011,40.481,0.1,0.099309,0.238,0.001,0.76,0.796,0.224,0.689,2.82,1,test
000422,8,2,7,1,2,0,0,7.289,16.828,1.2,0.069587,0.083,0.024,0.818,0.878,0.155,0.708,2.02,1,validation
000423,14,8,1,13,4,7,0,7.608,24.346,0.06,0.12796,0.5,0.009,0.585,0.71,0.359,0.69,2.52,1,validation
000424,11,0,1,7,0,2,3,8.018,17.81,4.02,0.115744,0.273,0.229,0.182,0.791,0.544,0.708,2.47,0,train
000425,7,0,0,7,0,4,2,11.905,22.183,7.38,0.054926,0.476,0.179,0.078,0.687,0.648,0.597,3.08,0,train
000426,4,1,0,4,0,0,0,11.544,33.168,1.82,0.122376,0.167,0.0,0.883,0.856,0.129,0.503,1.72,0,test
000427,9,1,0,7,1,1,1,10.926,30.819,0.81,0.078544,0.259,0.1,0.182,0.775,0.551,0.602,1.56,0,train
000428,4,1,3,1,0,0,0,16.514,23.892,1.96,0.005992,0.167,0.0,0.883,0.829,0.141,0.635,1.98,0,test
000429,10,0,0,10,0,5,1,6.361,20.084,3.64,0.125949,0.433,0.075,0.279,0.8,0.487,0.624,2.16,0,test
000430,5,0,0,4,0,3,0,13.004,29.802,7.63,0.04738,0.733,0.026,0.566,0.681,0.382,0.584,1.73,0,test
000431,2,0,0,2,0,1,0,12.175,21.62,3.82,0.049391,0.333,0.0,0.767,0.769,0.232,0.499,1.9,0,test
000432,15,1,0,15,1,5,1,7.577,32.367,0.3,0.097168,0.311,0.038,0.396,0.793,0.425,0.606,2.54,0,train
000433,4,1,0,4,0,0,0,26.534,45.289,0.48,0.007142,0.167,0.0,0.883,0.776,0.165,0.541,2.02,0,train
000434,1,0,0,1,0,0,0,39.333,39.333,3.58,0.002492,0.0,0.0,1.0,0.792,0.094,0.318,1.67,0,test
000435,5,1,1,4,1,2,0,11.271,21.538,1.78,0.044023,0.333,0.0,0.767,0.774,0.23,0.583,1.86,1,test
000436,11,8,3,8,5,6,1,4.395,20.007,2.29,0.173651,0.394,0.11,0.143,0.81,0.557,0.69,1.97,1,test
000437,2,1,0,2,0,0,0,50.21,55.414,1.41,0.000977,0.0,0.0,1.0,0.734,0.12,0.376,1.57,0,validation
000438,3,2,0,2,0,0,0,25.755,41.354,2.67,0.007738,0.111,0.0,0.883,0.78,0.163,0.408,1.87,0,test
000439,7,1,0,7,1,4,1,4.562,25.953,3.31,0.09127,0.381,0.143,0.117,0.809,0.572,0.63,2.45,0,test
000440,2,1,0,2,0,0,0,30.938,39.236,0.52,0.005728,0.167,0.0,0.883,0.753,0.175,0.416,1.83,0,train
000441,7,0,0,7,0,4,1,12.956,25.671,7.48,0.049028,0.429,0.081,0.396,0.765,0.438,0.539,3.1,0,train
000442,7,1,1,6,1,2,1,8.945,21.679,2.1,0.214105,0.238,0.073,0.487,0.786,0.378,0.571,3.13,0,train
000443,8,8,0,8,4,4,0,10.011,25.97,2.46,0.054815,0.375,0.0,0.767,0.78,0.227,0.547,1.82,1,train
000444,1,1,0,1,1,0,0,23.159,23.159,3.25,0.006101,0.0,0.0,1.0,0.877,0.055,0.437,1.59,0,test
000445,17,11,1,16,8,10,3,3.808,20.345,0.03,0.280635,0.549,0.148,0.0,0.73,0.672,0.737,2.45,1,train
000446,2,0,1,1,0,0,0,12.53,28.106,3.83,0.039657,0.0,0.0,1.0,0.934,0.03,0.496,1.89,0,train
000447,6,1,0,6,1,1,0,24.741,50.101,0.26,0.009943,0.222,0.0,0.767,0.702,0.262,0.563,2.14,0,validation
000448,7,3,5,2,0,0,0,28.564,40.728,0.22,0.013956,0.143,0.0,0.883,0.765,0.17,0.57,2.94,0,train
000449,6,1,1,5,1,1,1,22.002,41.98,0.29,0.008472,0.167,0.075,0.474,0.717,0.417,0.58,2.02,0,validation
000450,4,1,0,3,1,3,0,18.756,33.623,1.22,0.023014,0.833,0.0,0.65,0.651,0.35,0.605,1.65,1,validation
000451,2,1,0,2,0,1,0,33.575,53.037,2.41,0.009931,0.5,0.0,0.65,0.572,0.385,0.436,1.77,0,validation
000452,3,1,0,3,0,0,1,16.469,33.09,0.33,0.010332,0.222,0.307,0.285,0.829,0.47,0.57,2.33,0,train
000453,6,1,1,4,1,0,1,4.605,28.94,3.16,0.109377,0.167,0.16,0.259,0.892,0.456,0.642,1.9,1,validation
000454,3,1,0,3,0,0,0,35.404,53.852,0.57,0.006225,0.222,0.0,0.883,0.729,0.186,0.414,3.03,0,validation
000455,8,4,0,8,2,4,0,10.665,27.245,2.13,0.096642,0.375,0.037,0.572,0.777,0.336,0.533,3.1,0,test
000456,2,1,0,2,1,0,0,20.123,32.104,3.48,0.017247,0.167,0.0,0.883,0.81,0.15,0.447,1.73,0,train
000457,3,3,0,3,0,1,0,35.504,47.954,0.55,0.002014,0.222,0.0,0.767,0.645,0.288,0.478,1.58,0,test
000458,5,1,0,5,0,1,0,10.239,18.773,1.24,0.123198,0.333,0.006,0.747,0.779,0.238,0.541,2.82,0,validation
000459,4,1,0,4,1,1,1,6.177,28.763,3.47,0.133222,0.417,0.188,0.162,0.717,0.588,0.68,3.03,1,train
000460,5,3,4,1,2,0,0,11.833,20.205,1.46,0.069359,0.0,0.0,1.0,0.937,0.028,0.715,1.95,1,train
000461,3,0,1,2,0,1,0,20.78,31.412,8.39,0.013389,0.333,0.0,0.767,0.723,0.253,0.581,2.93,0,train
000462,12,2,4,8,1,6,0,7.663,26.519,0.02,0.124189,0.389,0.044,0.565,0.793,0.332,0.641,2.81,1,test
000463,9,4,1,8,2,0,2,4.264,27.87,0.53,0.104838,0.148,0.231,0.233,0.894,0.469,0.65,2.97,1,train
000464,7,4,4,3,3,1,1,6.334,18.047,2.19,0.158991,0.19,0.19,0.007,0.716,0.674,0.686,3.0,1,train
000465,1,1,1,0,1,0,0,9.141,9.141,3.18,0.020661,0.0,0.0,1.0,0.952,0.022,0.674,0.38,1,train
000466,3,0,0,3,0,0,1,27.844,35.609,17.79,0.009255,0.333,0.157,0.578,0.769,0.336,0.459,2.18,0,train
000467,1,1,0,1,0,0,0,52.427,52.427,1.32,0.001019,0.0,0.0,1.0,0.722,0.125,0.38,1.57,0,train
000468,7,2,1,6,1,1,1,8.492,33.779,0.19,0.067517,0.286,0.073,0.319,0.705,0.508,0.675,2.27,1,train
000469,13,12,12,1,12,4,6,2.6,8.278,0.49,0.211647,0.359,0.374,0.02,0.736,0.658,0.876,2.65,1,test
000470,10,0,0,10,0,8,0,17.734,36.342,8.23,0.03147,0.6,0.0,0.767,0.739,0.246,0.488,3.01,0,train
000471,9,0,2,7,0,2,1,15.984,39.246,5.18,0.042449,0.259,0.056,0.325,0.665,0.522,0.593,1.99,0,validation
000472,8,7,1,6,5,2,0,7.386,19.667,2.41,0.17457,0.375,0.0,0.767,0.794,0.221,0.699,2.64,1,train
000473,1,1,0,1,0,0,0,41.31,41.31,0.01,0.002403,0.0,0.0,1.0,0.781,0.098,0.464,1.74,0,train
000474,2,0,0,2,0,0,1,11.851,33.322,7.62,0.038563,0.167,0.39,0.376,0.854,0.409,0.563,2.42,0,validation
000475,8,4,0,8,3,2,1,7.914,20.736,3.07,0.082594,0.333,0.115,0.169,0.791,0.551,0.601,2.36,1,train
000476,1,1,0,1,0,0,0,32.771,32.771,2.69,0.004057,0.0,0.0,1.0,0.827,0.078,0.399,1.76,0,train
000477,1,0,1,0,0,0,0,11.123,11.123,6.31,0.016688,0.0,0.0,1.0,0.941,0.026,0.646,0.68,0,train
000478,4,2,0,4,0,1,0,23.211,36.738,2.32,0.020357,0.25,0.0,0.767,0.71,0.259,0.425,2.05,0,test
000479,6,2,0,5,0,0,0,28.726,52.865,0.7,0.012548,0.111,0.0,0.883,0.765,0.17,0.415,2.11,0,train
000480,5,2,0,4,0,0,0,31.645,54.32,0.65,0.009108,0.133,0.0,0.883,0.749,0.177,0.41,2.06,0,train
000481,4,0,1,3,0,2,0,31.657,40.354,6.06,0.011151,0.5,0.0,0.65,0.582,0.38,0.573,2.08,0,train
000482,2,0,0,2,0,0,0,14.783,15.331,3.63,0.03184,0.0,0.0,1.0,0.922,0.035,0.481,2.07,0,train
000483,9,2,0,9,1,3,0,10.747,29.966,1.13,0.083869,0.296,0.011,0.585,0.693,0.366,0.559,2.31,0,train
000484,7,6,1,6,3,4,1,6.248,29.503,0.03,0.202291,0.381,0.064,0.474,0.8,0.379,0.608,2.02,1,train
000485,4,4,0,4,2,0,0,10.922,25.424,2.55,0.055925,0.083,0.0,0.883,0.859,0.128,0.541,1.8,1,train
000486,8,4,2,6,4,5,1,4.632,19.074,3.03,0.124911,0.417,0.12,0.143,0.809,0.558,0.639,2.33,1,train
000487,3,1,3,0,1,0,1,5.538,11.607,3.05,0.01835,0.0,0.323,0.37,0.971,0.36,0.761,2.8,1,validation
000488,11,6,0,9,3,3,2,7.199,21.513,3.03,0.230569,0.394,0.111,0.201,0.795,0.532,0.623,2.27,1,train
000489,2,1,0,2,0,0,0,32.737,52.768,0.08,0.008672,0.0,0.0,1.0,0.827,0.078,0.436,2.06,0,test
000490,9,2,1,8,0,2,1,10.252,40.048,0.6,0.020757,0.296,0.043,0.513,0.779,0.367,0.652,2.72,0,test
000491,5,1,0,5,0,0,0,16.245,30.633,0.67,0.022588,0.2,0.0,0.883,0.831,0.14,0.514,1.86,0,train
000492,11,3,0,11,3,3,1,7.687,26.957,0.77,0.164367,0.333,0.09,0.13,0.709,0.609,0.597,1.57,1,test
000493,6,4,0,4,2,1,1,4.282,22.073,0.62,0.11864,0.167,0.188,0.149,0.811,0.553,0.585,2.07,1,train
000494,6,1,0,6,0,1,1,13.683,31.458,0.78,0.052002,0.333,0.077,0.468,0.761,0.4,0.552,2.2,0,validation
000495,6,1,1,4,1,0,1,4.605,30.002,3.16,0.109383,0.167,0.16,0.259,0.892,0.456,0.642,1.88,1,train
000496,3,3,3,0,3,0,0,18.576,18.941,1.56,0.004126,0.0,0.0,1.0,0.902,0.044,0.682,1.61,1,train
000497,9,2,0,9,1,1,1,4.812,25.669,2.07,0.107546,0.222,0.109,0.013,0.725,0.667,0.626,2.36,0,test
000498,1,1,1,0,1,0,0,9.801,9.801,0.14,0.014946,0.0,0.0,1.0,0.948,0.023,0.808,1.57,1,validation
000499,1,0,1,0,0,0,0,56.257,56.257,8.83,0.000563,0.0,0.0,1.0,0.702,0.134,0.42,1.75,0,train
000500,14,1,0,14,0,7,1,6.247,34.466,0.19,0.112862,0.405,0.062,0.201,0.8,0.529,0.608,1.78,0,validation
000501,3,1,1,2,1,0,0,9.361,33.947,3.22,0.043334,0.0,0.0,1.0,0.95,0.022,0.67,1.97,1,validation
000502,11,1,3,8,1,4,2,6.031,24.678,0.03,0.109815,0.333,0.155,0.143,0.801,0.561,0.646,2.71,0,train
000503,4,2,0,4,0,1,0,27.069,42.801,0.23,0.015328,0.167,0.0,0.767,0.69,0.268,0.483,2.19,0,train
000504,2,0,0,2,0,1,1,13.855,18.391,5.47,0.047258,0.5,0.4,0.13,0.677,0.624,0.571,0.9,0,train
000505,5,3,3,2,2,0,1,7.562,18.561,1.23,0.069663,0.067,0.164,0.35,0.877,0.413,0.719,1.75,1,test
000506,4,2,0,4,0,0,0,16.996,34.532,1.09,0.05419,0.167,0.048,0.76,0.827,0.21,0.509,2.13,0,train
000507,3,1,0,3,1,1,1,5.268,24.405,2.4,0.164422,0.222,0.24,0.299,0.805,0.473,0.653,2.11,1,test
000508,3,1,0,3,0,2,0,38.24,61.489,0.07,0.005034,0.556,0.0,0.65,0.548,0.396,0.482,1.95,0,train
000509,1,0,1,0,0,0,0,9.596,9.596,3.71,0.016848,0.0,0.0,1.0,0.949,0.023,0.656,0.38,0,train
000510,7,1,0,7,1,2,1,4.703,19.368,2.0,0.085246,0.238,0.167,0.117,0.808,0.572,0.629,2.27,0,train
000511,6,1,0,6,0,0,0,36.023,44.015,0.2,0.010365,0.167,0.043,0.714,0.726,0.28,0.472,2.18,0,train
000512,2,1,0,2,0,0,0,45.622,49.801,1.03,0.004526,0.0,0.0,1.0,0.758,0.109,0.393,1.87,0,validation
000513,14,2,0,14,1,4,1,5.926,36.584,0.47,0.083695,0.31,0.069,0.143,0.802,0.561,0.667,2.34,1,validation
000514,2,0,1,1,0,0,0,20.557,31.739,6.41,0.006014,0.167,0.0,0.883,0.808,0.151,0.583,1.86,0,test
000515,9,2,0,9,0,3,1,12.7,27.803,0.37,0.032514,0.296,0.081,0.175,0.683,0.596,0.554,1.57,0,validation
000516,4,1,0,4,0,0,0,32.879,45.697,0.75,0.011883,0.0,0.005,0.987,0.826,0.085,0.487,1.9,0,test
000517,4,2,0,4,0,1,0,25.593,39.19,1.11,0.014308,0.25,0.0,0.767,0.698,0.264,0.471,2.05,0,validation
000518,9,3,8,1,1,0,0,8.339,17.753,0.32,0.02228,0.074,0.0,0.883,0.873,0.122,0.695,2.76,1,train
000519,12,4,1,11,1,9,2,9.307,25.297,0.06,0.105261,0.556,0.093,0.305,0.701,0.517,0.633,2.87,1,train
000520,1,1,1,0,1,0,0,8.87,8.87,1.57,0.018718,0.0,0.0,1.0,0.953,0.021,0.749,0.12,1,train
000521,4,1,0,4,0,1,0,21.529,39.765,0.42,0.016866,0.333,0.0,0.767,0.719,0.255,0.463,2.06,0,train
000522,8,1,4,4,1,1,1,6.301,25.694,0.13,0.036129,0.208,0.133,0.162,0.8,0.551,0.644,2.53,0,train
000523,2,0,0,2,0,0,0,26.944,49.5,6.64,0.012917,0.333,0.0,0.883,0.774,0.166,0.427,2.88,0,train
000524,3,1,0,3,0,0,1,16.709,31.71,0.15,0.005744,0.111,0.313,0.272,0.828,0.478,0.544,2.33,0,train
000525,1,1,0,1,0,0,0,44.241,44.241,2.67,0.001673,0.0,0.0,1.0,0.766,0.105,0.323,1.65,0,validation
000526,1,1,0,1,0,0,0,55.636,55.636,3.1,0.0012,0.0,0.0,1.0,0.705,0.133,0.298,1.7,0,train
000527,8,1,0,7,0,2,1,9.812,25.305,0.79,0.093089,0.25,0.085,0.325,0.781,0.47,0.536,1.57,0,test
000528,5,4,1,4,1,0,1,4.387,27.671,1.62,0.1275,0.067,0.192,0.259,0.893,0.455,0.651,1.82,1,train
000529,7,0,3,4,0,2,0,15.118,29.107,7.7,0.053036,0.381,0.01,0.605,0.67,0.366,0.563,2.83,0,validation
000530,4,1,3,1,0,1,0,15.324,22.79,2.21,0.006599,0.25,0.0,0.767,0.752,0.24,0.643,2.03,0,validation
000531,14,2,0,12,2,1,3,15.778,25.57,0.69,0.040261,0.214,0.172,0.058,0.666,0.668,0.599,2.31,0,test
000532,1,1,1,0,1,0,0,9.374,9.374,2.62,0.023269,0.0,0.0,1.0,0.95,0.022,0.698,2.91,1,train
000533,2,1,0,2,0,0,0,42.447,78.851,0.78,0.002619,0.167,0.0,0.883,0.692,0.203,0.421,1.68,0,validation
000534,1,0,0,1,0,0,0,45.153,45.153,3.59,0.001414,0.0,0.0,1.0,0.761,0.108,0.28,1.58,0,train
000535,17,10,13,4,9,1,0,9.801,20.468,0.16,0.016828,0.196,0.006,0.702,0.781,0.262,0.816,2.28,1,train
000536,3,1,1,2,1,0,0,9.312,36.347,0.2,0.054054,0.0,0.0,1.0,0.951,0.022,0.669,1.75,1,validation
000537,3,1,0,3,0,0,0,41.481,53.31,0.31,0.008923,0.0,0.0,1.0,0.78,0.099,0.449,1.88,0,train
000538,1,0,0,1,0,0,0,75.897,75.897,11.7,0.000556,0.0,0.0,1.0,0.598,0.181,0.28,1.51,0,train
000539,8,1,0,8,0,0,1,31.253,45.726,1.99,0.009777,0.167,0.098,0.376,0.751,0.455,0.434,2.28,0,test
000540,14,8,0,14,5,9,0,11.919,24.227,0.02,0.102264,0.548,0.0,0.65,0.687,0.333,0.604,2.19,1,train
000541,7,6,0,7,5,1,2,3.063,22.55,1.86,0.246218,0.238,0.259,0.117,0.817,0.568,0.701,2.64,1,train
000542,5,1,0,5,0,1,0,15.835,41.378,2.79,0.02299,0.2,0.0,0.767,0.75,0.241,0.474,1.9,0,train
000543,3,1,0,3,0,1,1,12.454,25.362,3.11,0.051333,0.333,0.213,0.234,0.684,0.563,0.548,2.87,0,train
000544,2,0,0,2,0,1,0,31.695,34.334,8.37,0.00711,0.5,0.0,0.767,0.666,0.279,0.395,2.92,0,train
000545,5,1,0,4,0,3,0,18.998,41.396,0.36,0.039255,0.667,0.022,0.579,0.649,0.39,0.553,2.99,0,validation
000546,1,0,0,1,0,0,0,12.923,12.923,7.63,0.044642,0.0,0.0,1.0,0.932,0.031,0.494,1.5,0,test
000547,2,1,0,2,0,1,0,47.26,55.933,0.18,0.006635,0.333,0.0,0.767,0.583,0.316,0.432,1.84,0,train
000548,8,3,3,5,1,1,1,5.814,29.998,2.55,0.061315,0.125,0.122,0.13,0.803,0.568,0.62,1.84,1,validation
000549,7,0,0,7,0,4,1,12.595,23.757,7.08,0.054436,0.476,0.137,0.195,0.683,0.585,0.584,3.05,0,test
000550,2,1,0,2,0,0,0,40.269,54.691,0.84,0.009562,0.167,0.0,0.883,0.703,0.198,0.433,1.8,0,train
000551,6,0,0,5,0,1,0,23.346,45.013,5.16,0.116885,0.222,0.033,0.637,0.71,0.33,0.404,1.49,0,train
000552,1,1,0,1,1,0,0,13.738,13.738,3.16,0.030968,0.0,0.0,1.0,0.927,0.033,0.504,1.82,0,test
000553,16,10,1,15,7,10,1,3.692,22.457,0.59,0.127878,0.583,0.091,0.0,0.73,0.671,0.748,2.71,1,validation
000554,12,4,0,8,2,10,1,4.736,18.874,2.37,0.081379,0.583,0.068,0.117,0.725,0.609,0.562,2.86,1,train
000555,4,1,0,4,0,0,0,32.664,57.925,2.37,0.008903,0.083,0.0,0.883,0.744,0.179,0.389,2.11,0,train
000556,2,0,0,2,0,0,0,40.546,41.598,3.67,0.005171,0.0,0.0,1.0,0.785,0.097,0.31,1.71,0,validation
000557,6,4,0,6,3,0,1,4.051,20.931,0.44,0.133963,0.111,0.162,0.253,0.895,0.458,0.674,1.94,1,train
000558,10,1,0,9,0,3,0,9.143,29.86,0.77,0.13111,0.333,0.036,0.514,0.702,0.402,0.543,1.57,0,train
000559,9,4,8,1,4,1,0,6.17,16.016,0.48,0.086981,0.148,0.023,0.63,0.801,0.293,0.806,2.18,1,validation
000560,4,1,1,3,1,3,1,7.47,15.793,0.14,0.368523,0.75,0.25,0.0,0.71,0.68,0.69,1.92,0,train
000561,2,2,0,2,1,0,0,9.464,42.387,0.3,0.083517,0.0,0.0,1.0,0.95,0.023,0.531,2.01,1,train
000562,5,3,0,5,1,0,0,9.155,42.384,0.03,0.086659,0.133,0.0,0.883,0.868,0.123,0.528,1.97,1,test
000563,1,1,0,1,0,0,0,60.403,60.403,0.65,0.000782,0.0,0.0,1.0,0.68,0.144,0.41,1.57,0,train
000564,3,2,1,2,1,0,0,8.56,21.259,1.12,0.09602,0.0,0.0,1.0,0.955,0.02,0.574,1.85,1,validation
000565,1,1,0,1,0,0,0,49.793,49.793,2.88,0.001382,0.0,0.0,1.0,0.736,0.119,0.308,1.65,0,validation
000566,3,1,0,3,0,2,0,25.137,27.282,0.03,0.054888,0.667,0.0,0.65,0.617,0.365,0.638,2.0,0,test
000567,6,3,1,5,3,1,0,13.67,26.31,0.9,0.035087,0.222,0.0,0.767,0.761,0.236,0.741,1.72,1,train
000568,1,1,0,1,0,0,0,72.012,72.012,1.32,0.000666,0.0,0.0,1.0,0.619,0.172,0.38,1.67,0,validation
000569,2,1,0,2,0,0,0,39.511,42.731,0.25,0.003549,0.167,0.0,0.883,0.707,0.196,0.429,1.86,0,train
000570,1,1,0,1,0,0,0,62.851,62.851,0.27,0.00071,0.0,0.0,1.0,0.667,0.15,0.428,1.57,0,test
000571,12,8,11,1,7,3,2,5.487,11.347,0.42,0.054176,0.25,0.12,0.156,0.804,0.552,0.77,2.45,1,validation
000572,10,1,0,9,0,2,1,11.237,29.819,0.7,0.0592,0.267,0.084,0.221,0.774,0.53,0.566,1.57,0,train
000573,10,0,0,10,0,8,0,16.697,35.167,8.24,0.038051,0.6,0.0,0.767,0.745,0.243,0.495,3.0,0,train
000574,1,0,0,1,0,0,0,45.588,45.588,8.17,0.003878,0.333,0.0,0.883,0.675,0.21,0.307,0.26,0,train
000575,6,1,1,5,0,2,0,9.654,25.542,1.85,0.08221,0.278,0.0,0.767,0.782,0.226,0.682,2.14,0,validation
000576,4,0,0,3,0,0,0,28.995,46.135,9.41,0.008955,0.083,0.0,0.883,0.763,0.171,0.387,1.91,0,train
000577,5,5,0,5,4,0,1,2.642,18.267,1.03,0.045029,0.133,0.2,0.233,0.903,0.465,0.684,2.88,1,test
000578,7,3,0,7,3,4,0,14.191,27.4,0.57,0.027222,0.476,0.0,0.767,0.758,0.237,0.641,1.89,0,validation
000579,12,4,0,12,2,3,3,6.392,31.413,0.48,0.207674,0.25,0.121,0.273,0.716,0.528,0.609,2.46,1,train
000580,1,0,0,1,0,0,0,37.434,37.434,8.44,0.005961,0.333,0.0,0.883,0.718,0.191,0.357,0.3,0,test
000581,2,1,0,1,0,0,0,35.745,44.939,1.98,0.002759,0.0,0.0,1.0,0.811,0.085,0.411,1.61,0,train
000582,5,1,0,5,0,0,0,14.787,33.787,0.1,0.031896,0.067,0.0,0.883,0.838,0.137,0.513,2.07,0,train
000583,5,1,1,4,0,0,0,9.79,38.478,0.64,0.065634,0.067,0.0,0.883,0.865,0.125,0.655,2.11,0,test
000584,1,0,0,1,0,0,0,21.115,21.115,3.91,0.007716,0.0,0.0,1.0,0.888,0.05,0.439,1.61,0,train
000585,4,1,1,3,0,0,0,25.339,32.298,0.66,0.005432,0.0,0.0,1.0,0.866,0.06,0.541,2.02,0,train
000586,13,1,0,13,1,5,0,9.299,32.506,0.35,0.093682,0.385,0.0,0.767,0.784,0.225,0.573,2.0,0,train
000587,2,0,0,2,0,1,0,40.34,52.369,3.7,0.003152,0.333,0.0,0.767,0.62,0.299,0.333,1.65,0,train
000588,4,2,0,4,1,1,1,10.531,33.148,1.4,0.08191,0.167,0.138,0.409,0.778,0.425,0.554,3.0,0,train
000589,4,1,0,4,0,1,0,16.02,35.249,0.48,0.051922,0.333,0.0,0.767,0.749,0.241,0.5,2.09,0,validation
000590,19,4,1,18,1,14,1,8.499,27.567,1.83,0.092908,0.526,0.043,0.24,0.705,0.55,0.604,2.97,1,train
000591,7,2,0,7,0,1,1,5.61,26.589,0.79,0.144384,0.19,0.144,0.123,0.804,0.571,0.622,2.55,0,train
000592,7,5,0,7,4,1,0,14.469,28.967,0.19,0.023593,0.286,0.0,0.767,0.757,0.238,0.645,1.76,1,train
000593,1,1,0,1,0,0,0,37.962,37.962,0.94,0.002818,0.0,0.0,1.0,0.799,0.09,0.444,1.73,0,train
000594,4,1,0,4,1,0,0,22.91,45.663,0.06,0.006612,0.167,0.0,0.883,0.795,0.156,0.585,1.86,0,train
000595,4,4,2,2,4,1,1,3.852,8.679,1.68,0.180548,0.25,0.145,0.409,0.813,0.409,0.801,2.29,1,train
000596,10,2,9,1,1,0,2,9.213,16.158,1.59,0.024639,0.1,0.116,0.428,0.868,0.374,0.727,2.91,1,train
000597,12,4,0,12,3,3,1,8.72,25.14,2.92,0.134207,0.333,0.042,0.448,0.787,0.399,0.56,2.36,0,validation
000598,1,0,1,0,0,0,0,10.611,10.611,4.98,0.024193,0.333,0.0,0.883,0.86,0.127,0.676,2.63,0,train
000599,9,6,1,8,4,2,1,3.216,24.197,0.47,0.182217,0.296,0.176,0.117,0.816,0.568,0.666,2.63,1,train
000600,9,1,0,9,0,1,1,7.318,31.48,0.48,0.245777,0.259,0.074,0.331,0.795,0.46,0.585,1.57,0,train
000601,5,2,0,4,0,1,0,38.848,52.958,0.91,0.009457,0.2,0.0,0.767,0.628,0.296,0.398,2.06,0,test
000602,1,0,0,1,0,0,0,35.092,35.092,5.97,0.003766,0.0,0.0,1.0,0.814,0.084,0.346,1.73,0,train
000603,7,2,0,7,2,4,1,3.787,24.162,3.31,0.023589,0.381,0.143,0.117,0.813,0.57,0.635,2.8,1,validation
000604,2,1,1,1,1,0,1,5.494,6.603,0.14,0.072398,0.0,0.5,0.35,0.971,0.371,0.822,2.02,1,train
000605,4,3,0,4,1,0,0,16.709,38.46,0.1,0.016099,0.0,0.0,1.0,0.912,0.04,0.526,1.94,0,train
000606,1,0,0,1,0,0,0,46.751,46.751,8.12,0.003673,0.333,0.0,0.883,0.669,0.213,0.307,0.26,0,validation
000607,1,1,0,1,0,0,0,41.552,41.552,0.45,0.002272,0.0,0.0,1.0,0.78,0.099,0.442,1.71,0,validation
000608,7,3,4,3,3,1,1,9.069,21.374,1.88,0.276158,0.238,0.081,0.422,0.785,0.414,0.682,2.87,1,train
000609,3,1,0,3,0,0,0,37.941,45.407,0.12,0.008619,0.0,0.0,1.0,0.799,0.09,0.454,1.97,0,validation
000610,2,1,0,2,0,0,0,32.41,51.116,1.76,0.005162,0.0,0.0,1.0,0.828,0.077,0.364,1.79,0,train
000611,4,1,0,3,0,0,0,36.388,49.995,0.23,0.006867,0.083,0.0,0.883,0.724,0.188,0.432,1.96,0,train
000612,12,3,0,12,1,9,1,9.822,27.22,2.28,0.087596,0.583,0.06,0.299,0.698,0.521,0.638,3.12,0,train
000613,14,3,1,13,0,2,0,30.606,46.595,1.03,0.009782,0.31,0.0,0.65,0.588,0.378,0.516,2.87,0,validation
000614,8,3,3,5,2,0,1,5.979,25.562,2.63,0.190913,0.125,0.061,0.565,0.885,0.291,0.619,2.05,1,train
000615,7,3,1,6,1,1,0,12.361,32.98,0.23,0.072996,0.19,0.0,0.767,0.768,0.233,0.566,2.84,0,train
000616,4,4,0,3,3,0,0,13.017,24.089,2.54,0.037829,0.083,0.0,0.883,0.848,0.133,0.497,1.89,0,train
000617,3,2,0,3,2,0,0,12.806,33.55,0.82,0.030094,0.111,0.0,0.883,0.849,0.132,0.617,1.92,0,train
000618,3,1,1,2,1,2,1,11.298,12.964,0.15,0.381725,0.667,0.213,0.234,0.69,0.561,0.703,1.98,0,validation
000619,4,0,0,4,0,0,0,8.362,27.184,3.53,0.122081,0.167,0.003,0.877,0.872,0.125,0.525,3.1,0,train
000620,6,2,0,6,2,2,1,6.137,16.719,1.03,0.17307,0.5,0.173,0.162,0.718,0.588,0.755,2.01,1,test
000621,4,4,0,3,3,0,0,9.814,20.694,2.53,0.090366,0.083,0.0,0.883,0.865,0.125,0.516,1.92,1,train
000622,3,0,1,2,0,0,0,38.779,55.441,4.19,0.001926,0.0,0.0,1.0,0.795,0.092,0.461,2.83,0,test
000623,8,3,0,8,3,2,3,2.94,18.7,2.43,0.264303,0.25,0.316,0.117,0.818,0.568,0.686,2.31,1,test
000624,3,2,0,3,2,1,1,5.484,14.165,1.83,0.090742,0.333,0.313,0.039,0.721,0.654,0.699,2.32,0,train
000625,11,8,10,1,7,2,1,4.858,15.552,0.81,0.212463,0.333,0.088,0.02,0.724,0.663,0.721,1.98,1,train
000626,6,3,0,5,1,0,1,3.966,21.641,0.08,0.087297,0.167,0.165,0.24,0.896,0.465,0.649,2.86,1,test
000627,3,1,0,3,1,0,0,7.317,27.018,3.18,0.170563,0.111,0.08,0.727,0.878,0.205,0.565,1.94,1,validation
000628,14,1,0,14,1,8,2,3.458,30.032,3.06,0.082647,0.452,0.147,0.117,0.815,0.569,0.657,2.87,1,validation
000629,3,0,0,2,0,0,0,17.147,40.961,4.63,0.014969,0.0,0.0,1.0,0.909,0.041,0.466,1.71,0,validation
000630,3,1,0,3,0,2,0,39.82,52.596,0.07,0.012346,0.667,0.0,0.65,0.539,0.4,0.498,1.89,0,train
000631,6,2,0,6,1,0,2,3.977,19.143,3.02,0.037792,0.167,0.333,0.233,0.896,0.469,0.633,2.76,1,validation
000632,11,3,2,9,0,3,1,5.106,33.951,0.09,0.103064,0.303,0.087,0.143,0.806,0.559,0.645,2.92,0,test
000633,1,1,1,0,1,0,0,7.205,7.205,2.65,0.049655,0.0,0.0,1.0,0.962,0.017,0.711,2.85,1,train
000634,5,1,0,5,1,0,1,4.318,29.433,3.37,0.084933,0.133,0.198,0.24,0.894,0.466,0.636,2.44,1,test
000635,5,1,0,5,0,0,0,29.957,62.191,2.59,0.012412,0.133,0.0,0.883,0.758,0.173,0.407,2.14,0,train
000636,2,1,0,2,0,0,0,59.854,65.737,1.29,0.000679,0.0,0.0,1.0,0.683,0.143,0.381,1.58,0,test
000637,8,6,0,8,4,2,1,4.234,23.329,2.86,0.125919,0.292,0.124,0.123,0.811,0.567,0.641,2.27,1,test
000638,10,1,4,6,1,5,2,6.667,26.395,0.1,0.122451,0.4,0.157,0.169,0.798,0.548,0.654,2.61,0,test
000639,8,5,2,6,3,0,1,5.24,21.034,0.9,0.220384,0.083,0.101,0.357,0.889,0.404,0.64,2.11,1,validation
000640,4,4,0,4,2,0,0,9.223,22.584,0.64,0.078905,0.083,0.0,0.883,0.868,0.124,0.568,1.57,1,train
000641,7,2,0,7,0,0,0,16.118,30.587,0.23,0.048626,0.19,0.014,0.818,0.831,0.176,0.541,2.08,0,train
000642,6,1,0,6,1,1,1,8.572,32.908,0.19,0.065938,0.278,0.065,0.397,0.705,0.465,0.674,2.22,1,train
000643,14,2,0,14,1,5,1,15.541,34.914,0.61,0.023966,0.333,0.054,0.273,0.751,0.512,0.596,2.4,0,train
000644,3,2,1,2,0,0,0,29.937,38.552,1.3,0.004028,0.111,0.0,0.883,0.758,0.173,0.452,1.68,0,validation
000645,4,2,0,4,0,1,0,25.375,40.238,0.1,0.012362,0.167,0.0,0.767,0.699,0.264,0.435,2.05,0,validation
000646,1,0,1,0,0,0,0,10.704,10.704,6.08,0.017778,0.0,0.0,1.0,0.943,0.026,0.649,2.33,0,validation
000647,8,1,0,6,1,2,2,11.964,33.298,1.62,0.365556,0.333,0.169,0.065,0.687,0.655,0.652,1.56,0,train
000648,3,1,0,3,0,1,1,6.93,15.953,3.34,0.117439,0.444,0.207,0.247,0.713,0.543,0.663,2.07,0,train
000649,7,0,0,7,0,1,1,14.663,35.865,7.54,0.044589,0.19,0.063,0.481,0.756,0.396,0.517,2.24,0,train
000650,2,1,0,2,0,0,0,30.893,38.372,0.26,0.007419,0.167,0.0,0.883,0.753,0.175,0.428,1.96,0,train
000651,9,3,0,9,1,7,0,11.221,26.06,0.03,0.075406,0.667,0.0,0.65,0.691,0.332,0.577,2.29,0,train
000652,5,2,0,4,1,1,0,15.385,44.224,0.44,0.039936,0.2,0.0,0.767,0.752,0.24,0.565,1.99,0,train
000653,1,1,0,1,0,0,0,58.742,58.742,2.23,0.000975,0.0,0.0,1.0,0.689,0.14,0.338,1.67,0,validation
000654,1,1,0,1,0,0,0,39.417,39.417,3.03,0.002286,0.0,0.0,1.0,0.791,0.094,0.339,1.65,0,validation
000655,5,3,0,5,0,1,0,26.135,38.329,0.11,0.011111,0.2,0.0,0.767,0.695,0.266,0.542,1.99,0,train
000656,2,2,0,2,0,0,0,47.631,51.89,1.43,0.001464,0.0,0.0,1.0,0.748,0.113,0.375,1.54,0,train
000657,2,1,0,2,0,0,0,57.169,62.826,1.0,0.000758,0.0,0.0,1.0,0.697,0.136,0.394,1.55,0,validation
000658,2,1,0,2,0,0,0,30.531,48.588,1.85,0.005082,0.0,0.0,1.0,0.838,0.073,0.376,1.8,0,validation
000659,4,0,1,2,0,1,0,33.618,46.874,16.03,0.007536,0.25,0.0,0.767,0.655,0.283,0.487,2.18,0,train
000660,2,1,0,2,0,0,0,23.998,34.467,2.95,0.016443,0.167,0.0,0.883,0.79,0.159,0.447,1.65,0,train
000661,2,0,0,2,0,0,0,16.683,17.103,3.6,0.022617,0.0,0.0,1.0,0.912,0.04,0.469,2.02,0,train
000662,2,1,0,2,1,0,1,4.383,21.255,2.79,0.123852,0.0,0.485,0.37,0.977,0.357,0.661,2.17,1,train
000663,2,2,2,0,2,0,0,10.077,10.671,2.64,0.018838,0.167,0.0,0.883,0.863,0.126,0.684,1.64,1,train
000664,5,4,0,5,2,1,0,10.978,26.185,0.17,0.046831,0.267,0.0,0.767,0.775,0.229,0.538,1.83,1,train
000665,1,0,0,1,0,0,0,39.226,39.226,11.67,0.002098,0.0,0.0,1.0,0.792,0.093,0.318,1.58,0,validation
000666,7,0,0,7,0,4,0,15.469,26.732,6.25,0.050095,0.524,0.0,0.767,0.751,0.24,0.504,2.92,0,train
000667,7,6,0,7,5,0,1,4.909,25.753,1.97,0.127322,0.095,0.141,0.311,0.891,0.428,0.632,2.25,1,train
000668,6,1,0,6,1,0,3,4.471,20.257,0.48,0.063089,0.056,0.44,0.233,0.893,0.47,0.63,3.03,0,train
000669,11,2,0,11,1,4,2,6.747,25.753,0.42,0.138816,0.394,0.158,0.13,0.714,0.607,0.611,1.57,0,train
000670,1,1,0,1,0,0,0,34.427,34.427,2.45,0.003742,0.0,0.0,1.0,0.818,0.082,0.398,1.77,0,test
000671,1,1,1,0,1,0,0,8.741,8.741,2.16,0.01994,0.0,0.0,1.0,0.954,0.021,0.723,2.1,1,train
000672,2,2,0,2,1,0,1,6.022,20.151,2.99,0.157121,0.0,0.345,0.552,0.968,0.261,0.617,2.08,1,train
000673,2,0,0,2,0,1,0,12.104,25.218,3.51,0.051746,0.333,0.0,0.767,0.769,0.232,0.499,1.92,0,test
000674,8,4,2,6,4,5,1,3.486,17.292,3.02,0.06306,0.417,0.125,0.117,0.815,0.569,0.649,2.72,1,test
000675,5,4,5,0,4,0,0,11.589,15.762,2.18,0.007896,0.0,0.0,1.0,0.939,0.028,0.702,1.7,1,train
000676,4,4,0,4,0,1,0,25.888,37.362,0.81,0.005671,0.25,0.0,0.767,0.696,0.265,0.465,1.55,0,train
000677,12,7,0,12,4,3,2,3.445,26.969,2.26,0.078636,0.278,0.119,0.117,0.815,0.569,0.658,2.58,1,train
000678,2,0,0,2,0,1,0,13.915,30.564,3.75,0.029634,0.333,0.0,0.767,0.76,0.236,0.487,1.73,0,validation
000679,4,2,2,2,2,1,0,6.729,15.363,1.06,0.055276,0.333,0.01,0.741,0.798,0.234,0.705,2.2,0,train
000680,4,3,0,4,3,0,0,11.82,25.986,0.34,0.048805,0.25,0.0,0.883,0.854,0.13,0.596,1.92,1,train
000681,1,0,0,1,0,0,0,42.098,42.098,8.31,0.004606,0.333,0.0,0.883,0.694,0.202,0.326,0.28,0,test
000682,3,2,0,2,1,1,1,6.327,26.272,3.16,0.139154,0.333,0.25,0.162,0.717,0.588,0.678,2.12,0,test
000683,4,1,0,4,0,0,0,45.051,51.361,0.16,0.002213,0.25,0.0,0.883,0.678,0.209,0.433,1.8,0,train
000684,7,2,0,7,1,1,1,15.173,31.45,2.93,0.031169,0.333,0.107,0.279,0.753,0.508,0.515,1.97,0,train
000685,12,7,2,10,6,6,1,6.817,20.095,0.3,0.145361,0.389,0.03,0.533,0.797,0.348,0.724,1.94,1,train
000686,6,0,0,6,0,3,1,8.599,23.72,3.92,0.056919,0.5,0.14,0.221,0.788,0.524,0.617,3.08,0,validation
000687,1,1,0,1,0,0,0,51.459,51.459,2.47,0.001249,0.0,0.0,1.0,0.728,0.123,0.327,1.66,0,train
000688,7,1,0,7,0,0,0,34.663,47.564,3.16,0.010332,0.238,0.0,0.883,0.733,0.184,0.349,2.17,0,train
000689,1,0,0,1,0,0,0,38.597,38.597,8.41,0.005571,0.333,0.0,0.883,0.712,0.194,0.349,0.29,0,test
000690,2,2,0,2,1,0,1,4.422,14.871,3.33,0.083929,0.0,0.495,0.357,0.977,0.364,0.635,2.42,1,train
000691,8,4,1,7,2,4,1,4.873,26.718,1.91,0.0771,0.417,0.095,0.273,0.808,0.487,0.771,2.7,1,validation
000692,10,5,0,10,3,5,2,5.28,26.945,2.36,0.187319,0.467,0.135,0.169,0.722,0.582,0.643,2.87,1,train
000693,1,0,0,1,0,0,0,36.255,36.255,23.2,0.004998,0.0,0.0,1.0,0.808,0.086,0.338,1.54,0,test
000694,9,7,0,9,6,4,2,4.23,15.95,2.13,0.227422,0.333,0.206,0.117,0.811,0.571,0.642,2.09,1,test
000695,1,1,1,0,1,0,0,8.895,8.895,2.03,0.020611,0.0,0.0,1.0,0.953,0.021,0.728,1.63,1,train
000696,6,6,0,6,3,2,1,3.369,26.044,2.35,0.101224,0.222,0.167,0.117,0.815,0.569,0.676,2.39,1,train
000697,5,1,0,5,0,0,0,35.44,46.069,1.46,0.012904,0.2,0.0,0.883,0.729,0.186,0.437,2.24,0,train
000698,4,0,2,2,0,0,0,8.59,20.964,4.31,0.160537,0.0,0.025,0.935,0.955,0.056,0.589,3.11,0,train
000699,3,1,0,3,0,1,0,13.857,41.224,0.23,0.037551,0.333,0.0,0.65,0.677,0.338,0.488,2.17,0,test
000700,2,1,0,2,0,0,0,21.064,43.294,1.75,0.014032,0.0,0.0,1.0,0.888,0.05,0.44,1.91,0,train
000701,1,0,1,0,0,0,0,8.397,8.397,3.57,0.039139,0.0,0.0,1.0,0.956,0.02,0.664,0.48,0,train
000702,3,1,0,3,0,2,0,39.19,56.187,0.03,0.006501,0.556,0.0,0.65,0.543,0.398,0.477,1.92,0,train
000703,1,1,1,0,1,0,0,7.528,7.528,0.52,0.038014,0.0,0.0,1.0,0.96,0.018,0.806,3.06,1,train
000704,4,3,0,4,3,1,1,4.083,23.965,2.47,0.137747,0.167,0.247,0.123,0.812,0.567,0.655,1.88,1,train
000705,6,2,1,4,2,0,1,19.095,28.912,0.48,0.011977,0.111,0.063,0.636,0.816,0.283,0.611,2.92,1,train
000706,4,4,0,4,2,2,0,17.923,26.632,2.94,0.014042,0.333,0.0,0.767,0.738,0.246,0.501,1.73,1,validation
000707,2,2,0,2,1,0,0,15.043,26.589,3.44,0.027748,0.0,0.0,1.0,0.92,0.036,0.482,1.82,0,train
000708,9,2,0,9,2,4,2,6.692,18.03,3.41,0.153544,0.407,0.161,0.227,0.798,0.516,0.614,2.24,1,validation
000709,4,3,0,3,3,0,0,7.495,13.664,2.28,0.092853,0.167,0.003,0.877,0.877,0.123,0.521,1.92,1,train
000710,3,0,0,2,0,0,0,18.166,41.995,4.5,0.012326,0.0,0.0,1.0,0.904,0.043,0.459,1.71,0,test
000711,2,0,0,2,0,0,1,9.239,24.508,6.34,0.039571,0.0,0.395,0.486,0.951,0.304,0.582,2.27,0,train
000712,8,0,1,7,0,1,1,12.219,39.48,6.93,0.014435,0.208,0.125,0.0,0.685,0.692,0.659,2.02,0,validation
000713,6,1,1,5,0,1,0,16.708,38.686,0.42,0.01156,0.278,0.0,0.767,0.745,0.243,0.609,2.38,0,validation
000714,12,2,0,9,2,5,0,13.696,25.17,0.5,0.043985,0.361,0.0,0.767,0.761,0.236,0.616,2.43,0,train
000715,2,0,0,2,0,0,0,42.928,54.655,5.13,0.005809,0.0,0.0,1.0,0.773,0.102,0.294,1.8,0,test
000716,3,3,0,3,0,1,0,34.203,46.313,0.43,0.002179,0.222,0.0,0.767,0.652,0.285,0.492,1.58,0,train
000717,2,2,0,2,2,0,0,15.381,15.664,2.15,0.022133,0.0,0.0,1.0,0.919,0.037,0.539,1.88,0,train
000718,12,9,11,1,8,3,2,4.632,16.465,0.51,0.097465,0.194,0.107,0.208,0.809,0.522,0.771,2.6,1,train
000719,10,0,0,10,0,5,3,9.327,20.497,4.54,0.102756,0.5,0.187,0.26,0.784,0.504,0.607,2.83,0,train
000720,4,0,3,0,0,0,1,7.771,15.124,5.01,0.040724,0.0,0.14,0.636,0.959,0.219,0.64,2.24,0,train
000721,1,1,1,0,1,0,0,8.636,8.636,1.92,0.017153,0.0,0.0,1.0,0.954,0.021,0.735,2.94,1,validation
000722,5,0,4,0,0,3,0,19.038,24.998,5.65,0.006199,0.6,0.0,0.65,0.649,0.35,0.673,1.93,0,train
000723,2,1,0,2,0,0,0,27.595,45.315,3.47,0.005931,0.0,0.0,1.0,0.854,0.066,0.396,1.73,0,validation
000724,4,1,0,4,0,0,1,28.067,47.082,0.64,0.007082,0.083,0.098,0.63,0.768,0.308,0.524,2.27,0,train
000725,9,1,0,8,0,1,1,5.992,29.097,1.14,0.055948,0.222,0.133,0.007,0.718,0.673,0.619,1.57,0,train
000726,1,1,1,0,1,0,0,8.919,8.919,1.39,0.019753,0.0,0.0,1.0,0.953,0.021,0.757,3.0,1,train
000727,8,6,6,2,6,3,1,5.638,13.676,0.41,0.069157,0.25,0.096,0.312,0.803,0.467,0.788,3.09,1,train
000728,3,0,0,3,0,1,1,7.21,17.642,4.16,0.106629,0.333,0.223,0.214,0.712,0.562,0.666,2.04,0,test
000729,9,3,0,8,3,4,3,5.773,17.658,2.66,0.371149,0.407,0.219,0.065,0.719,0.641,0.64,2.58,1,train
000730,1,0,0,1,0,0,0,48.791,48.791,3.71,0.001194,0.0,0.0,1.0,0.742,0.116,0.28,1.57,0,train
000731,4,2,3,1,2,2,0,6.897,12.986,2.57,0.040811,0.333,0.022,0.708,0.797,0.252,0.717,2.79,1,train
000732,10,3,0,10,1,8,1,7.256,26.552,0.05,0.222254,0.7,0.046,0.351,0.712,0.487,0.648,2.31,0,train
000733,5,1,0,5,1,1,0,24.39,46.019,0.04,0.00577,0.267,0.0,0.767,0.704,0.261,0.576,1.9,0,test
000734,9,5,2,7,2,5,1,6.723,22.489,1.47,0.14586,0.444,0.068,0.37,0.798,0.437,0.713,2.67,1,test
000735,5,1,0,4,0,0,0,17.166,41.421,2.81,0.025575,0.0,0.0,1.0,0.909,0.041,0.466,2.01,0,validation
000736,10,6,2,8,2,0,1,3.125,32.232,2.11,0.121938,0.033,0.119,0.233,0.9,0.467,0.668,2.67,1,train
000737,8,2,0,8,2,5,2,7.52,19.752,2.67,0.396629,0.5,0.114,0.351,0.71,0.487,0.593,2.67,1,train
000738,2,2,0,1,1,0,0,16.373,25.448,2.67,0.013572,0.0,0.0,1.0,0.913,0.039,0.396,1.86,0,test
000739,4,1,0,4,0,0,1,21.273,30.324,0.04,0.010728,0.0,0.102,0.734,0.887,0.197,0.519,2.19,0,train
000740,2,2,0,2,2,0,1,5.099,8.069,1.04,0.176287,0.0,0.365,0.526,0.973,0.273,0.656,2.15,1,train
000741,7,4,0,7,3,3,0,7.524,21.439,0.56,0.162796,0.381,0.037,0.598,0.793,0.314,0.564,1.57,1,validation
000742,10,6,1,9,3,1,1,6.647,28.669,0.18,0.180036,0.267,0.036,0.533,0.798,0.348,0.595,1.98,1,train
000743,5,1,1,4,1,0,0,23.79,47.806,0.01,0.006495,0.067,0.0,0.883,0.791,0.158,0.581,2.07,0,train
000744,1,1,1,0,1,0,0,7.997,7.997,2.33,0.033889,0.0,0.0,1.0,0.958,0.019,0.72,2.74,1,train
000745,8,1,0,8,0,1,1,8.323,31.933,0.5,0.246125,0.25,0.049,0.513,0.789,0.363,0.556,1.57,0,validation
000746,1,0,1,0,0,0,0,10.966,10.966,6.65,0.023095,0.0,0.0,1.0,0.942,0.026,0.647,2.45,0,test
000747,6,1,0,5,0,1,0,14.388,40.159,0.95,0.020416,0.167,0.0,0.767,0.757,0.238,0.404,2.78,0,validation
000748,4,1,0,4,0,0,0,25.636,38.814,0.82,0.016424,0.0,0.0,1.0,0.864,0.061,0.481,2.06,0,train
000749,6,2,0,6,1,1,2,7.225,25.96,2.65,0.212759,0.222,0.205,0.26,0.795,0.499,0.591,2.27,0,train
000750,5,2,0,5,1,0,0,21.578,45.705,1.21,0.01085,0.0,0.0,1.0,0.886,0.051,0.444,1.61,0,validation
000751,6,3,0,6,3,2,2,6.249,17.227,2.1,0.158705,0.389,0.155,0.312,0.717,0.506,0.618,2.97,1,train
000752,11,3,0,11,2,2,2,4.832,30.814,0.92,0.13078,0.273,0.149,0.039,0.724,0.653,0.637,1.57,1,validation
000753,4,1,0,4,0,1,0,8.191,40.707,2.29,0.135512,0.333,0.05,0.52,0.707,0.396,0.621,2.97,0,train
000754,8,7,1,7,4,3,1,3.154,22.096,2.44,0.063944,0.25,0.125,0.117,0.817,0.568,0.672,1.87,1,train
000755,10,4,2,8,2,6,0,16.981,31.333,0.22,0.011568,0.567,0.0,0.65,0.66,0.345,0.655,2.91,1,train
000756,9,1,0,8,0,1,1,5.085,25.11,0.83,0.056953,0.222,0.132,0.123,0.806,0.569,0.652,1.57,0,train
000757,14,4,0,14,2,7,2,4.929,21.529,2.36,0.13222,0.405,0.12,0.007,0.724,0.671,0.626,2.95,1,test
000758,3,1,0,3,0,0,0,27.597,48.874,0.6,0.004694,0.111,0.0,0.883,0.771,0.167,0.529,1.55,0,test
000759,2,0,0,2,0,1,0,30.508,33.141,8.36,0.007775,0.5,0.0,0.767,0.672,0.276,0.403,2.91,0,train
000760,8,1,1,7,0,4,1,7.018,17.356,2.59,0.154738,0.458,0.095,0.312,0.796,0.47,0.616,3.04,1,train
000761,4,0,1,2,0,0,0,6.678,16.799,3.83,0.050558,0.083,0.033,0.799,0.881,0.164,0.564,3.09,0,train
000762,7,1,0,7,0,0,0,15.087,39.094,0.23,0.025612,0.048,0.0,0.883,0.837,0.138,0.504,1.98,0,test
000763,7,0,2,5,0,0,0,22.69,46.552,4.08,0.007987,0.143,0.0,0.883,0.797,0.156,0.527,3.07,0,train
000764,17,11,13,4,10,0,0,9.012,19.437,0.21,0.022214,0.216,0.006,0.818,0.869,0.159,0.81,2.28,1,train
000765,4,1,1,3,1,0,1,4.605,28.37,3.16,0.109459,0.083,0.24,0.259,0.892,0.456,0.642,1.81,1,train
000766,3,1,0,3,1,0,1,5.603,32.225,2.94,0.273844,0.111,0.25,0.396,0.887,0.383,0.628,2.11,1,train
000767,2,1,0,2,0,0,0,45.797,46.947,2.13,0.004888,0.0,0.0,1.0,0.758,0.109,0.343,1.94,0,train
000768,10,2,0,10,1,3,1,9.465,26.271,0.28,0.09478,0.333,0.087,0.085,0.7,0.639,0.577,1.57,0,train
000769,1,0,1,0,0,0,0,28.547,28.547,8.54,0.002794,0.0,0.0,1.0,0.849,0.068,0.53,1.89,0,train
000770,10,5,9,0,3,3,0,9.716,22.031,1.92,0.032831,0.267,0.0,0.767,0.782,0.226,0.718,2.83,1,train
000771,4,1,1,3,1,0,1,4.605,34.365,3.16,0.109504,0.083,0.24,0.259,0.892,0.456,0.642,1.79,1,test
000772,4,1,0,4,1,1,1,15.63,22.601,1.12,0.048527,0.333,0.128,0.435,0.751,0.423,0.611,2.76,0,train
000773,3,2,1,2,1,0,1,21.67,36.627,0.7,0.093462,0.0,0.167,0.675,0.885,0.23,0.595,2.03,1,train
000774,2,2,1,1,1,1,0,5.465,24.816,2.24,0.102898,0.5,0.13,0.481,0.721,0.411,0.835,2.01,1,train
000775,2,1,0,2,0,0,0,30.733,46.286,3.16,0.012914,0.167,0.0,0.883,0.754,0.175,0.417,1.8,0,train
000776,6,2,0,6,2,2,0,15.042,29.913,0.59,0.025393,0.333,0.0,0.767,0.754,0.239,0.613,1.89,0,train
000777,2,1,0,2,0,0,0,40.73,41.067,1.06,0.004846,0.167,0.0,0.883,0.701,0.199,0.416,2.97,0,validation
000778,6,2,0,6,2,1,0,10.477,19.679,3.1,0.071442,0.278,0.0,0.767,0.778,0.228,0.517,1.93,1,validation
000779,1,1,0,1,1,0,0,13.631,13.631,3.16,0.049444,0.0,0.0,1.0,0.928,0.032,0.505,0.01,0,train
000780,15,7,5,10,4,2,1,6.539,22.216,0.35,0.150388,0.244,0.073,0.123,0.799,0.573,0.693,2.51,1,train
000781,1,0,0,1,0,0,0,26.902,26.902,8.66,0.012746,0.333,0.0,0.883,0.774,0.166,0.427,0.39,0,test
000782,8,4,1,6,3,2,2,3.192,19.464,2.56,0.091533,0.208,0.249,0.117,0.816,0.568,0.677,2.83,1,train
000783,2,1,0,2,0,1,0,9.801,22.94,3.29,0.102028,0.333,0.0,0.767,0.781,0.227,0.515,1.99,0,train
000784,1,1,1,0,1,0,0,8.03,8.03,1.2,0.022665,0.0,0.0,1.0,0.957,0.019,0.772,1.71,1,train
000785,16,7,0,14,3,14,1,5.124,26.133,1.44,0.298935,0.708,0.069,0.0,0.723,0.675,0.718,2.3,1,validation
000786,2,0,0,2,0,0,0,35.607,47.585,3.64,0.00321,0.0,0.0,1.0,0.811,0.085,0.343,1.67,0,train
000787,7,1,1,6,0,0,1,5.072,30.894,0.08,0.049986,0.048,0.14,0.246,0.89,0.464,0.625,2.44,0,train
000788,4,0,3,1,0,0,0,10.241,21.914,4.86,0.125312,0.25,0.035,0.792,0.862,0.176,0.617,2.08,0,test
000789,1,1,1,0,1,0,0,8.618,8.618,2.39,0.026421,0.0,0.0,1.0,0.954,0.021,0.713,0.24,1,train
000790,3,1,0,3,1,1,0,24.758,28.029,1.96,0.010047,0.222,0.0,0.767,0.702,0.262,0.485,1.66,0,validation
000791,14,2,0,11,2,2,2,15.229,25.478,1.16,0.04115,0.286,0.094,0.292,0.669,0.538,0.54,2.4,0,train
000792,4,1,0,4,0,1,0,38.763,51.699,0.73,0.003622,0.333,0.0,0.767,0.628,0.296,0.407,1.77,0,train
000793,5,4,0,5,1,0,0,15.703,28.167,0.95,0.044683,0.133,0.0,0.883,0.834,0.139,0.505,1.93,0,train
000794,2,0,0,2,0,0,0,54.721,54.759,5.34,0.001592,0.0,0.0,1.0,0.71,0.13,0.28,1.86,0,train
000795,9,0,0,9,0,3,2,13.258,26.088,3.67,0.033195,0.37,0.16,0.058,0.68,0.662,0.578,3.14,0,train
000796,13,6,2,11,3,2,1,7.265,28.848,2.75,0.096674,0.308,0.074,0.195,0.795,0.535,0.693,3.06,1,train
000797,2,1,1,1,0,0,0,17.004,21.475,3.42,0.026611,0.167,0.0,0.883,0.827,0.142,0.577,1.87,1,validation
000798,9,2,0,9,2,4,1,11.126,17.886,3.14,0.091522,0.444,0.054,0.487,0.774,0.384,0.537,2.72,1,train
000799,3,1,1,2,1,0,0,20.943,45.187,0.74,0.008644,0.0,0.0,1.0,0.889,0.05,0.567,1.83,0,train
000800,6,0,0,5,0,0,1,19.895,43.41,5.7,0.057374,0.167,0.147,0.311,0.811,0.464,0.438,1.5,0,validation
000801,3,2,1,2,2,0,1,7.939,10.642,0.2,0.292142,0.222,0.25,0.396,0.875,0.389,0.817,2.22,1,train
000802,9,1,0,9,0,5,2,6.795,24.736,3.24,0.132226,0.444,0.172,0.065,0.714,0.643,0.627,3.01,0,train
000803,5,1,1,4,0,2,0,18.38,46.109,0.45,0.022622,0.467,0.0,0.65,0.653,0.349,0.5,2.39,0,test
000804,6,3,2,4,2,0,1,14.827,26.881,0.7,0.029159,0.167,0.117,0.428,0.838,0.387,0.612,2.45,1,validation
000805,9,1,0,8,1,2,0,11.041,28.455,0.15,0.067225,0.333,0.0,0.767,0.775,0.23,0.603,1.56,0,test
000806,1,0,1,0,0,0,0,49.801,49.801,8.95,0.000756,0.0,0.0,1.0,0.736,0.119,0.42,1.77,0,train
000807,3,0,0,3,0,1,0,44.584,47.695,13.84,0.024897,0.444,0.0,0.65,0.514,0.411,0.363,2.03,0,train
000808,8,4,3,5,1,4,0,21.038,35.027,0.13,0.008911,0.458,0.0,0.65,0.639,0.355,0.581,3.0,0,train
000809,11,8,3,8,4,6,2,3.168,20.267,1.8,0.152335,0.424,0.168,0.117,0.817,0.568,0.711,2.41,1,validation
000810,1,1,0,1,1,0,0,17.925,17.925,2.43,0.014385,0.0,0.0,1.0,0.905,0.043,0.509,1.74,0,test
000811,3,0,3,0,0,2,0,13.87,28.085,3.96,0.009987,0.667,0.0,0.65,0.677,0.338,0.628,1.98,0,train
000812,3,1,1,2,0,1,0,19.677,26.921,0.07,0.021594,0.333,0.0,0.65,0.646,0.352,0.669,1.94,0,train
000813,2,0,0,2,0,0,0,50.799,51.659,6.11,0.001904,0.0,0.0,1.0,0.731,0.121,0.28,1.88,0,train
000814,13,1,0,13,0,7,1,15.734,38.202,0.18,0.029684,0.385,0.029,0.52,0.75,0.377,0.53,2.27,0,validation
000815,1,1,0,1,1,0,0,22.781,22.781,0.19,0.006818,0.0,0.0,1.0,0.879,0.054,0.579,1.59,0,train
000816,4,2,2,2,2,1,0,7.261,16.656,0.74,0.044091,0.25,0.0,0.767,0.795,0.221,0.679,2.14,0,train
000817,4,0,0,4,0,2,1,7.109,16.861,3.98,0.13451,0.417,0.26,0.195,0.712,0.572,0.604,2.16,0,train
000818,2,1,0,2,1,0,1,6.394,28.772,3.05,0.146255,0.0,0.31,0.597,0.966,0.237,0.608,2.03,1,test
000819,8,1,0,7,0,1,1,12.236,25.394,0.79,0.045138,0.208,0.12,0.273,0.769,0.504,0.558,1.57,0,validation
000820,1,1,0,1,0,0,0,30.368,30.368,3.37,0.004571,0.0,0.0,1.0,0.839,0.072,0.383,1.71,0,train
000821,2,1,0,2,1,1,1,9.24,9.56,0.04,0.112387,0.5,0.255,0.319,0.701,0.509,0.677,0.85,1,train
000822,3,3,0,3,0,0,0,37.975,48.902,0.04,0.002477,0.111,0.0,0.883,0.716,0.192,0.465,1.54,0,train
000823,5,4,0,5,2,0,0,7.962,27.769,0.94,0.247857,0.067,0.022,0.812,0.875,0.16,0.546,1.92,1,train
000824,1,1,0,1,0,0,0,49.689,49.689,3.14,0.001145,0.0,0.0,1.0,0.737,0.118,0.296,1.57,0,train
000825,1,1,1,0,1,0,0,9.496,9.496,2.61,0.018283,0.0,0.0,1.0,0.95,0.023,0.697,2.86,1,train
000826,9,6,6,3,6,6,1,4.774,18.319,1.43,0.04144,0.556,0.102,0.052,0.725,0.645,0.851,2.73,1,test
000827,1,1,1,0,1,0,0,9.025,9.025,2.92,0.026174,0.0,0.0,1.0,0.952,0.022,0.686,0.29,1,train
000828,1,0,0,1,0,0,0,30.068,30.068,10.46,0.007961,0.0,0.0,1.0,0.841,0.072,0.38,1.89,0,validation
000829,2,2,0,2,1,0,0,19.636,23.963,3.0,0.011071,0.167,0.0,0.883,0.813,0.148,0.459,1.74,0,train
000830,5,1,1,4,0,0,0,33.519,57.204,2.08,0.005689,0.067,0.0,0.883,0.739,0.182,0.485,3.14,0,train
000831,13,5,0,13,4,7,3,3.276,18.216,2.77,0.126073,0.513,0.174,0.0,0.733,0.67,0.669,3.0,1,train
000832,3,0,0,3,0,0,0,29.009,42.208,6.13,0.009629,0.111,0.0,0.883,0.763,0.171,0.387,2.46,0,validation
000833,13,1,0,13,1,4,1,6.449,29.027,0.32,0.097099,0.359,0.055,0.299,0.799,0.476,0.595,2.02,0,train
000834,1,0,0,1,0,0,0,56.505,56.505,3.9,0.001225,0.0,0.0,1.0,0.701,0.135,0.28,1.62,0,train
000835,1,0,0,1,0,0,0,51.974,51.974,3.73,0.001366,0.0,0.0,1.0,0.725,0.124,0.28,1.64,0,test
000836,3,2,0,3,1,0,0,24.08,26.44,0.99,0.006343,0.111,0.0,0.883,0.789,0.159,0.534,1.88,0,validation
000837,11,3,0,11,2,2,2,5.891,31.79,0.89,0.154207,0.303,0.107,0.162,0.719,0.587,0.614,1.57,1,validation
000838,1,0,0,1,0,0,0,35.775,35.775,4.43,0.006114,0.333,0.0,0.883,0.727,0.187,0.368,0.17,0,train
000839,1,0,0,1,0,0,0,25.13,25.13,4.68,0.008458,0.0,0.0,1.0,0.867,0.06,0.412,1.74,0,validation
000840,9,6,8,1,5,1,1,3.221,14.526,0.04,0.291425,0.148,0.111,0.117,0.816,0.569,0.737,2.5,1,train
000841,1,1,1,0,1,0,0,8.552,8.552,1.18,0.018043,0.0,0.0,1.0,0.955,0.02,0.769,3.0,1,train
000842,3,1,0,3,1,1,1,3.74,40.976,3.06,0.06778,0.222,0.333,0.117,0.814,0.57,0.655,2.45,1,test
000843,9,3,0,9,1,0,1,9.582,32.276,3.03,0.069641,0.259,0.071,0.467,0.866,0.353,0.567,2.98,1,test
000844,4,0,0,3,0,0,0,13.872,30.907,5.91,0.015831,0.0,0.0,1.0,0.927,0.033,0.462,1.74,0,validation
000845,12,0,0,12,0,10,1,11.802,28.841,8.21,0.046186,0.583,0.069,0.227,0.771,0.528,0.568,2.97,0,train
000846,10,1,2,8,0,0,0,16.415,48.138,0.4,0.01873,0.133,0.014,0.792,0.83,0.191,0.567,3.13,0,train
000847,7,1,0,7,1,2,1,19.107,29.969,2.9,0.015645,0.429,0.076,0.357,0.649,0.511,0.488,1.89,0,train
000848,4,0,0,4,0,1,1,16.019,21.874,8.17,0.051287,0.417,0.12,0.357,0.665,0.504,0.5,3.0,0,train
000849,5,3,0,5,1,2,0,7.553,23.151,0.04,0.137953,0.533,0.032,0.546,0.71,0.38,0.649,2.92,1,train
000850,8,1,0,7,0,1,1,10.528,26.819,0.61,0.095847,0.25,0.066,0.422,0.778,0.418,0.534,1.57,0,train
000851,2,1,0,2,0,0,0,30.297,37.311,2.3,0.004104,0.167,0.0,0.883,0.756,0.174,0.433,1.68,0,train
000852,3,0,0,3,0,0,0,17.878,27.799,3.61,0.013051,0.111,0.0,0.883,0.822,0.144,0.461,1.75,0,test
000853,4,1,0,4,0,0,1,32.698,44.473,0.73,0.009137,0.0,0.095,0.753,0.827,0.214,0.489,1.91,0,train
000854,3,0,0,3,0,0,0,23.707,40.431,3.55,0.03861,0.0,0.0,1.0,0.874,0.056,0.422,2.01,0,train
000855,4,1,1,3,1,0,0,19.817,37.049,0.52,0.012368,0.0,0.0,1.0,0.895,0.047,0.584,1.98,0,train
000856,7,7,0,7,5,0,2,3.211,18.175,0.94,0.13175,0.095,0.329,0.233,0.9,0.467,0.681,2.61,1,test
000857,6,0,0,6,0,1,0,17.879,38.647,8.74,0.030819,0.167,0.037,0.624,0.739,0.325,0.476,2.1,0,train
000858,2,0,0,2,0,0,0,18.564,20.457,5.63,0.032286,0.333,0.0,0.883,0.818,0.146,0.483,2.11,0,test
000859,7,3,1,6,1,0,1,3.468,31.103,0.02,0.052008,0.095,0.143,0.233,0.898,0.467,0.651,2.62,1,train
000860,4,2,2,2,1,0,0,16.304,28.179,0.29,0.060319,0.167,0.0,0.883,0.83,0.141,0.64,3.01,1,train
000861,6,2,6,0,2,0,0,11.863,19.285,2.1,0.026588,0.056,0.018,0.812,0.854,0.169,0.664,1.63,1,train
000862,2,1,2,0,1,0,0,7.548,9.172,2.39,0.028544,0.0,0.0,1.0,0.96,0.018,0.72,1.42,1,train
000863,3,3,0,3,2,1,2,4.851,19.367,2.6,0.166046,0.333,0.497,0.085,0.724,0.628,0.732,2.27,1,train
000864,5,1,0,5,0,2,0,13.695,21.898,1.05,0.057027,0.4,0.0,0.767,0.761,0.236,0.526,2.89,0,train
000865,2,2,0,2,1,0,0,9.31,23.585,2.88,0.097991,0.0,0.03,0.961,0.951,0.044,0.544,1.91,1,train
000866,2,0,0,2,0,0,1,13.218,29.617,7.91,0.063198,0.167,0.215,0.604,0.847,0.287,0.526,2.98,0,train
000867,14,3,0,14,2,6,2,2.831,24.335,2.03,0.077504,0.476,0.119,0.0,0.735,0.669,0.756,2.98,1,validation
000868,11,2,2,9,0,0,0,15.038,47.231,0.65,0.023947,0.152,0.019,0.747,0.837,0.213,0.576,3.14,0,test
000869,4,4,0,4,0,2,0,30.834,44.915,0.34,0.002899,0.333,0.0,0.767,0.67,0.277,0.479,1.66,0,train
000870,10,4,3,7,1,5,1,13.892,30.298,0.17,0.013899,0.5,0.052,0.312,0.676,0.524,0.627,2.95,1,test
000871,5,3,0,5,0,0,0,12.535,43.615,0.04,0.038314,0.067,0.0,0.883,0.85,0.132,0.534,1.88,0,train
000872,2,1,0,2,0,0,0,17.03,34.061,3.39,0.019398,0.0,0.0,1.0,0.91,0.041,0.466,1.8,0,test
000873,3,0,0,3,0,1,0,19.614,51.542,5.01,0.106974,0.444,0.077,0.5,0.646,0.434,0.494,2.09,0,train
000874,17,13,16,1,13,2,1,4.858,14.993,0.23,0.21217,0.314,0.082,0.02,0.724,0.663,0.857,1.94,1,train
000875,4,1,0,4,0,3,1,13.334,19.981,3.14,0.050263,0.583,0.113,0.357,0.679,0.498,0.607,2.68,0,train
000876,3,2,0,3,1,1,1,14.217,20.974,0.42,0.402101,0.222,0.12,0.533,0.758,0.366,0.587,1.57,0,test
000877,6,1,0,6,0,2,1,6.047,40.066,0.7,0.139652,0.333,0.167,0.0,0.718,0.677,0.7,2.57,0,test
000878,2,0,0,2,0,1,0,30.93,38.404,12.61,0.045555,0.5,0.05,0.585,0.586,0.414,0.462,2.14,0,train
000879,3,1,0,3,0,0,0,49.134,64.047,0.08,0.003301,0.0,0.0,1.0,0.74,0.117,0.436,1.86,0,train
000880,3,0,0,3,0,0,0,28.485,36.392,17.71,0.011386,0.333,0.087,0.714,0.766,0.262,0.438,2.17,0,train
000881,2,1,0,2,0,0,0,46.655,60.515,1.19,0.011833,0.0,0.0,1.0,0.753,0.111,0.386,1.78,0,train
000882,9,7,0,9,3,2,2,4.26,23.906,0.17,0.143784,0.222,0.149,0.143,0.811,0.557,0.66,2.27,1,train
000883,7,0,1,6,0,2,3,6.333,16.129,4.81,0.093012,0.429,0.251,0.065,0.716,0.642,0.636,2.83,0,test
000884,4,4,0,4,3,1,1,4.494,16.732,2.62,0.189184,0.167,0.233,0.162,0.81,0.547,0.66,2.2,1,train
000885,5,5,0,5,3,0,0,12.379,22.112,2.42,0.035855,0.133,0.0,0.883,0.851,0.131,0.547,1.72,0,train
000886,5,1,1,4,1,0,0,23.74,53.113,0.07,0.006526,0.133,0.0,0.883,0.791,0.158,0.579,2.01,0,train
000887,6,1,0,6,0,0,0,36.766,50.979,3.16,0.011924,0.278,0.0,0.883,0.722,0.189,0.35,2.19,0,test
000888,1,0,0,1,0,0,0,38.457,38.457,15.58,0.002505,0.0,0.0,1.0,0.796,0.092,0.324,1.57,0,train
000889,5,2,4,1,1,0,0,7.223,20.793,0.04,0.050534,0.0,0.0,1.0,0.962,0.017,0.682,2.12,1,test
000890,6,2,0,6,1,1,2,4.178,19.998,2.98,0.065041,0.222,0.333,0.117,0.811,0.571,0.632,2.64,0,train
000891,1,0,0,1,0,0,0,37.219,37.219,20.37,0.003655,0.0,0.0,1.0,0.803,0.089,0.332,1.54,0,train
000892,7,3,7,0,3,0,0,8.678,14.17,2.29,0.017759,0.095,0.0,0.883,0.871,0.122,0.717,2.05,1,validation
000893,2,1,0,2,0,0,0,27.588,32.825,2.91,0.015838,0.0,0.0,1.0,0.854,0.066,0.396,2.1,0,train
000894,3,1,0,3,0,1,0,16.898,30.465,2.67,0.044714,0.333,0.0,0.65,0.661,0.345,0.467,3.07,0,test
000895,1,1,0,1,1,0,0,24.1,24.1,2.94,0.00552,0.0,0.0,1.0,0.872,0.057,0.445,1.59,0,train
000896,1,0,0,1,0,0,0,43.956,43.956,5.96,0.002159,0.0,0.0,1.0,0.767,0.105,0.287,1.68,0,train
000897,5,2,0,4,0,0,0,32.782,50.605,1.04,0.011971,0.133,0.0,0.883,0.743,0.18,0.392,2.09,0,train
000898,3,1,0,3,0,0,0,18.311,43.111,2.64,0.037074,0.111,0.0,0.883,0.82,0.145,0.458,1.72,0,train
000899,3,1,0,3,0,3,0,39.67,53.464,0.09,0.010377,0.778,0.0,0.65,0.54,0.4,0.525,1.9,0,validation
000900,1,1,0,1,0,0,0,42.87,42.87,2.61,0.001561,0.0,0.0,1.0,0.773,0.102,0.335,1.58,0,train
000901,1,1,0,1,0,0,0,33.61,33.61,0.11,0.002717,0.0,0.0,1.0,0.822,0.08,0.511,1.58,0,train
000902,9,2,2,7,0,0,1,11.351,36.874,1.81,0.05544,0.148,0.091,0.357,0.857,0.418,0.736,2.79,0,train
000903,6,1,0,6,0,2,2,8.39,15.63,0.56,0.128581,0.5,0.155,0.338,0.706,0.497,0.593,2.66,0,train
000904,4,2,0,4,0,1,0,37.714,45.333,0.05,0.004574,0.167,0.0,0.767,0.634,0.293,0.491,1.99,0,train
000905,1,0,0,1,0,0,0,33.802,33.802,8.09,0.003633,0.0,0.0,1.0,0.821,0.081,0.355,1.57,0,test
000906,6,1,1,5,0,0,1,18.916,31.543,0.0,0.014158,0.0,0.063,0.753,0.9,0.181,0.588,2.24,0,train
000907,4,3,0,4,3,0,1,3.42,14.457,1.31,0.145001,0.0,0.33,0.35,0.982,0.366,0.661,2.65,1,train
000908,2,1,0,2,0,0,0,66.465,70.409,1.35,0.000788,0.0,0.0,1.0,0.648,0.158,0.378,1.81,0,train
000909,7,7,0,6,4,4,1,5.19,24.971,2.6,0.305772,0.429,0.114,0.247,0.806,0.502,0.64,2.1,1,train
000910,13,4,3,10,2,2,1,10.597,27.275,2.28,0.093763,0.256,0.051,0.351,0.777,0.457,0.667,3.14,0,train
000911,3,2,1,2,2,1,1,4.402,12.724,2.59,0.245763,0.222,0.327,0.13,0.81,0.564,0.653,2.31,1,train
000912,6,1,0,6,1,0,1,4.643,25.701,3.42,0.057108,0.111,0.163,0.246,0.892,0.463,0.631,2.03,1,validation
000913,6,0,2,4,0,2,0,18.365,32.512,7.83,0.031322,0.389,0.0,0.65,0.653,0.349,0.534,2.86,0,train
000914,4,0,0,4,0,1,1,10.852,22.888,4.54,0.02766,0.25,0.228,0.058,0.693,0.656,0.66,2.53,0,test
000915,6,2,3,3,1,0,1,6.525,20.568,2.58,0.109774,0.111,0.102,0.656,0.882,0.242,0.724,2.11,1,validation
000916,4,1,0,4,0,1,0,29.861,45.423,0.65,0.007332,0.333,0.0,0.767,0.675,0.274,0.41,1.86,0,test
000917,4,0,0,4,0,1,1,15.832,24.274,6.36,0.038703,0.333,0.188,0.279,0.75,0.509,0.501,2.92,0,validation
000918,7,6,0,7,3,2,0,6.798,29.338,0.2,0.16903,0.286,0.036,0.604,0.797,0.309,0.589,2.04,1,train
000919,9,1,1,8,0,0,1,18.505,37.816,0.26,0.012076,0.074,0.099,0.305,0.819,0.464,0.557,2.34,0,validation
000920,4,2,0,4,1,1,0,10.687,21.603,1.77,0.06831,0.167,0.0,0.767,0.777,0.229,0.529,1.86,0,validation
000921,2,1,0,2,1,0,0,24.866,36.884,3.49,0.010002,0.167,0.0,0.883,0.785,0.161,0.415,1.69,0,test
000922,6,3,0,6,3,0,2,4.695,13.571,3.09,0.11545,0.111,0.318,0.253,0.892,0.46,0.634,2.34,1,train
000923,8,5,6,2,5,4,0,10.478,18.582,2.24,0.078756,0.417,0.0,0.767,0.778,0.228,0.716,1.94,1,validation
000924,5,1,1,4,1,1,0,21.276,48.246,0.83,0.008335,0.2,0.0,0.767,0.721,0.254,0.56,2.65,0,test
000925,5,1,2,3,1,0,1,15.74,24.977,0.42,0.026629,0.2,0.188,0.272,0.833,0.475,0.639,2.49,0,validation
000926,2,0,0,2,0,0,0,20.715,31.671,3.99,0.019582,0.167,0.0,0.883,0.807,0.151,0.442,3.09,0,train
000927,7,0,0,7,0,5,2,9.835,19.702,4.59,0.098401,0.667,0.186,0.221,0.698,0.564,0.647,2.72,0,train
000928,16,14,15,1,14,3,2,4.825,12.141,0.04,0.21202,0.271,0.113,0.02,0.724,0.663,0.797,1.51,1,train
000929,3,2,0,3,1,0,0,24.049,28.491,0.96,0.006062,0.111,0.0,0.883,0.789,0.159,0.536,1.86,0,validation
000930,4,4,0,4,2,1,0,7.73,26.407,2.08,0.16905,0.417,0.03,0.572,0.709,0.366,0.587,1.96,1,validation
000931,5,0,4,0,0,3,0,13.768,19.192,5.9,0.017213,0.667,0.0,0.65,0.677,0.338,0.708,2.15,0,validation
000932,3,0,0,3,0,1,1,14.733,49.018,4.91,0.056741,0.444,0.303,0.058,0.672,0.665,0.581,2.3,0,train
000933,1,0,0,1,0,0,0,27.193,27.193,3.63,0.005614,0.0,0.0,1.0,0.856,0.065,0.399,1.7,0,validation
000934,1,1,0,1,0,0,0,68.607,68.607,0.96,0.000612,0.0,0.0,1.0,0.637,0.163,0.396,1.57,0,train
000935,14,1,0,14,0,6,0,14.547,40.242,0.17,0.037015,0.381,0.0,0.767,0.756,0.238,0.556,1.86,0,train
000936,16,2,1,15,1,13,4,5.923,23.486,0.03,0.125348,0.688,0.159,0.065,0.719,0.641,0.693,2.29,0,train
000937,6,2,6,0,2,0,0,13.683,21.534,1.26,0.011859,0.056,0.0,0.883,0.844,0.134,0.661,1.67,1,train
000938,4,2,0,4,0,0,0,23.562,39.065,0.96,0.019902,0.167,0.0,0.883,0.792,0.158,0.45,1.95,0,train
000939,3,1,0,3,0,0,0,20.366,36.034,0.58,0.021427,0.222,0.0,0.883,0.809,0.15,0.471,1.98,0,train
000940,4,0,1,3,0,1,1,9.774,33.931,6.02,0.05389,0.333,0.203,0.234,0.698,0.557,0.748,2.27,0,train
000941,3,3,0,3,2,0,1,7.026,23.515,2.3,0.170197,0.0,0.19,0.629,0.963,0.221,0.594,1.76,1,test
000942,7,4,0,7,4,2,1,5.05,17.498,3.06,0.133135,0.286,0.144,0.175,0.807,0.541,0.626,2.18,1,validation
000943,5,1,1,4,1,1,0,8.922,28.618,0.17,0.059963,0.267,0.0,0.65,0.703,0.326,0.673,2.02,1,train
000944,11,3,0,11,1,7,2,5.071,25.084,2.59,0.186464,0.485,0.127,0.234,0.806,0.509,0.653,2.73,1,train
000945,11,11,0,11,7,4,1,4.571,23.796,1.91,0.121202,0.394,0.08,0.195,0.809,0.529,0.662,2.04,1,test
000946,5,1,0,5,0,0,0,31.336,38.111,2.21,0.008678,0.133,0.0,0.883,0.751,0.176,0.373,2.67,0,train
000947,2,0,2,0,0,0,1,5.909,8.802,3.77,0.05162,0.167,0.365,0.526,0.885,0.312,0.725,1.49,0,train
000948,4,2,0,3,0,0,0,30.793,51.638,1.35,0.020598,0.0,0.048,0.876,0.837,0.141,0.378,2.23,0,train
000949,4,0,0,4,0,2,1,25.805,39.644,13.68,0.045752,0.583,0.198,0.136,0.613,0.649,0.525,2.3,0,test
000950,1,0,0,1,0,0,0,45.85,45.85,3.58,0.001738,0.0,0.0,1.0,0.757,0.109,0.28,1.53,0,train
000951,12,4,0,11,1,1,2,16.705,25.907,0.95,0.094531,0.167,0.092,0.305,0.745,0.497,0.536,2.26,0,train
000952,3,1,0,3,1,0,0,7.803,12.431,1.38,0.129768,0.222,0.0,0.883,0.875,0.12,0.625,2.02,1,train
000953,5,2,0,5,1,3,0,16.908,33.343,0.6,0.019739,0.4,0.0,0.767,0.744,0.244,0.515,2.98,0,test
000954,1,1,0,1,1,0,0,10.012,10.012,3.19,0.074644,0.0,0.0,1.0,0.947,0.024,0.527,1.91,1,train
000955,6,0,3,3,0,0,1,13.572,25.721,8.36,0.019192,0.111,0.138,0.344,0.845,0.431,0.696,2.73,0,train
000956,12,1,0,10,1,3,1,8.358,33.239,0.1,0.141027,0.333,0.093,0.214,0.706,0.564,0.627,1.56,0,train
000957,1,0,1,0,0,0,0,10.291,10.291,4.3,0.023883,0.0,0.0,1.0,0.946,0.025,0.651,2.67,0,train
000958,4,2,1,3,1,0,0,14.919,24.352,2.77,0.040357,0.083,0.0,0.883,0.838,0.137,0.623,1.94,1,train
000959,11,8,1,10,4,4,1,5.092,33.103,0.01,0.156751,0.333,0.075,0.227,0.806,0.512,0.642,2.14,1,train
000960,1,0,0,1,0,0,0,59.031,59.031,3.77,0.000995,0.0,0.0,1.0,0.687,0.141,0.28,1.63,0,train
000961,7,5,6,1,3,0,0,8.106,17.907,0.78,0.066612,0.143,0.047,0.669,0.874,0.239,0.719,2.44,1,validation
000962,6,2,0,6,1,1,1,7.934,27.044,2.6,0.227794,0.222,0.135,0.331,0.791,0.462,0.577,2.23,0,train
000963,5,2,0,5,2,0,0,13.404,22.679,0.94,0.069235,0.133,0.0,0.883,0.846,0.134,0.555,2.91,0,test
000964,11,9,10,1,9,3,0,4.989,11.023,0.83,0.100503,0.242,0.04,0.546,0.807,0.337,0.766,2.63,1,train
000965,12,7,2,10,3,2,1,6.023,28.392,2.84,0.102861,0.333,0.083,0.299,0.801,0.475,0.737,2.94,1,train
000966,18,15,17,1,15,4,2,3.616,10.582,0.04,0.211821,0.278,0.099,0.02,0.731,0.66,0.847,3.14,1,train
000967,3,1,0,3,0,0,0,36.62,41.699,2.42,0.003273,0.111,0.0,0.883,0.723,0.189,0.385,1.71,0,train
000968,1,1,0,1,0,0,0,45.14,45.14,0.05,0.001867,0.0,0.0,1.0,0.761,0.108,0.438,1.7,0,train
000969,4,2,0,3,0,3,0,16.963,31.772,0.51,0.034351,0.833,0.0,0.65,0.66,0.345,0.512,1.67,0,train
000970,7,1,0,7,0,3,0,16.475,29.09,2.11,0.030024,0.429,0.0,0.767,0.746,0.243,0.497,2.91,0,validation
000971,9,6,5,4,5,7,2,4.69,18.643,1.04,0.06511,0.704,0.176,0.247,0.725,0.538,0.847,2.98,1,validation
000972,3,1,1,2,1,0,1,6.247,26.943,3.27,0.116827,0.0,0.35,0.37,0.967,0.362,0.692,2.21,1,train
000973,2,2,0,2,1,0,0,9.838,17.996,2.33,0.095443,0.0,0.0,1.0,0.948,0.023,0.535,1.94,1,train
000974,4,1,0,3,0,0,0,42.13,52.063,0.26,0.005736,0.167,0.0,0.883,0.694,0.202,0.432,1.93,0,train
000975,5,1,0,5,1,0,1,7.702,40.536,0.12,0.040955,0.067,0.198,0.24,0.876,0.474,0.608,2.49,0,train
000976,6,6,0,6,4,3,2,5.286,18.207,2.36,0.223289,0.389,0.23,0.189,0.722,0.571,0.699,2.09,1,test
000977,14,3,0,14,0,3,3,6.796,32.292,2.74,0.09521,0.357,0.168,0.045,0.714,0.654,0.604,2.32,0,validation
000978,2,1,0,2,1,1,0,18.562,22.271,3.28,0.012719,0.333,0.0,0.767,0.735,0.248,0.466,1.7,0,train
000979,3,1,0,3,0,1,0,37.55,59.899,0.16,0.00528,0.222,0.0,0.767,0.635,0.293,0.482,1.98,0,train
000980,6,0,0,6,0,0,0,18.779,39.462,8.23,0.024534,0.111,0.0,0.883,0.817,0.146,0.455,2.08,0,train
000981,5,1,0,5,1,3,0,17.715,30.983,2.38,0.139585,0.533,0.024,0.572,0.656,0.39,0.587,2.03,1,test
000982,11,7,5,6,5,2,3,4.126,27.111,0.21,0.308199,0.212,0.158,0.013,0.728,0.665,0.631,2.15,1,train
000983,7,6,1,6,4,1,0,6.639,19.803,0.68,0.127163,0.286,0.029,0.52,0.715,0.392,0.812,2.62,1,train
000984,4,0,0,3,0,1,0,41.755,51.122,15.75,0.009356,0.333,0.0,0.65,0.529,0.404,0.36,2.09,0,test
000985,12,4,0,12,1,3,0,8.162,34.507,0.49,0.145719,0.25,0.011,0.682,0.79,0.269,0.536,1.77,0,test
000986,12,8,0,12,4,1,1,3.198,30.049,0.87,0.123669,0.222,0.086,0.117,0.816,0.568,0.672,2.55,1,test
000987,5,0,1,4,0,1,1,7.745,15.566,4.95,0.1129,0.4,0.172,0.189,0.709,0.577,0.612,2.96,0,test
000988,4,0,1,3,0,1,1,24.384,43.955,15.45,0.010297,0.333,0.168,0.214,0.621,0.603,0.551,2.29,0,train
000989,1,0,0,1,0,0,0,25.375,25.375,4.73,0.007371,0.0,0.0,1.0,0.866,0.06,0.411,1.81,0,train
000990,2,0,0,2,0,0,1,14.631,35.447,6.8,0.046235,0.167,0.185,0.643,0.839,0.269,0.512,3.0,0,train
000991,5,1,0,5,0,1,0,19.812,33.578,0.75,0.013322,0.267,0.0,0.767,0.728,0.251,0.508,1.81,0,train
000992,13,7,5,8,4,4,1,2.983,25.117,0.62,0.291745,0.256,0.077,0.117,0.818,0.568,0.682,2.56,1,train
000993,1,0,0,1,0,0,0,45.357,45.357,11.09,0.004357,0.0,0.0,1.0,0.76,0.108,0.28,2.32,0,validation
000994,7,1,0,7,0,0,0,36.679,49.537,3.29,0.00904,0.238,0.0,0.883,0.722,0.189,0.335,2.13,0,train
000995,6,4,0,6,3,2,0,8.317,22.357,0.61,0.107966,0.222,0.0,0.767,0.789,0.223,0.564,2.05,1,train
000996,12,6,0,12,4,5,2,2.94,24.78,0.18,0.118892,0.306,0.154,0.117,0.818,0.568,0.669,2.8,1,train
000997,2,0,0,2,0,0,0,21.84,38.801,7.76,0.024314,0.167,0.0,0.883,0.801,0.154,0.434,3.01,0,test
000998,9,5,1,8,2,1,0,12.168,28.329,0.6,0.025503,0.222,0.0,0.767,0.769,0.232,0.639,1.97,1,train
000999,15,4,11,3,3,2,0,7.711,16.917,1.55,0.032721,0.156,0.029,0.591,0.793,0.318,0.739,3.03,1,validation
001000,3,1,0,3,0,0,0,15.843,37.808,2.5,0.045201,0.0,0.0,1.0,0.916,0.038,0.474,2.69,0,train
001001,1,0,0,1,0,0,0,35.255,35.255,8.99,0.003345,0.0,0.0,1.0,0.813,0.084,0.345,1.56,0,train
001002,5,1,0,5,0,1,0,18.039,32.119,0.68,0.017012,0.267,0.0,0.767,0.738,0.246,0.512,1.83,0,train
001003,7,0,1,6,0,3,2,6.876,15.794,3.64,0.157023,0.429,0.187,0.292,0.797,0.481,0.619,3.01,0,train
001004,1,1,0,1,0,0,0,34.035,34.035,3.24,0.003481,0.0,0.0,1.0,0.82,0.081,0.365,1.69,0,train
001005,1,1,0,1,1,0,0,14.969,14.969,3.12,0.024864,0.0,0.0,1.0,0.921,0.036,0.498,1.81,0,test
001006,1,0,0,1,0,0,0,43.581,43.581,8.96,0.004496,0.333,0.0,0.883,0.686,0.205,0.316,0.16,0,train
001007,8,2,0,8,1,5,1,9.316,18.859,2.62,0.28469,0.458,0.091,0.247,0.701,0.549,0.586,2.73,1,test
001008,5,2,3,2,1,1,1,4.246,19.261,1.43,0.170088,0.267,0.112,0.403,0.811,0.414,0.8,2.14,1,train
001009,5,4,0,5,0,1,0,23.589,37.837,0.52,0.008408,0.2,0.0,0.767,0.708,0.26,0.444,1.81,0,train
001010,12,8,0,12,3,1,2,4.844,29.176,0.85,0.155033,0.222,0.15,0.169,0.808,0.544,0.646,2.27,1,train
001011,9,1,0,9,0,4,2,10.756,24.699,2.86,0.056378,0.444,0.117,0.202,0.693,0.577,0.603,2.95,0,train
001012,6,5,0,6,4,0,1,6.897,16.325,2.52,0.173838,0.167,0.125,0.578,0.88,0.286,0.596,2.04,1,train
001013,11,1,0,10,1,3,1,7.738,28.89,0.17,0.155822,0.364,0.087,0.24,0.709,0.549,0.628,1.56,0,train
001014,2,2,0,2,1,0,0,22.22,42.395,0.26,0.009314,0.0,0.0,1.0,0.882,0.053,0.437,1.72,0,train
001015,8,3,2,6,3,4,1,7.164,19.747,3.05,0.180202,0.333,0.136,0.227,0.795,0.517,0.591,2.36,1,train
001016,7,6,0,7,5,2,1,3.44,25.162,0.05,0.040188,0.286,0.143,0.117,0.815,0.569,0.658,2.61,1,test
001017,3,0,0,3,0,0,0,31.705,39.76,17.39,0.009128,0.333,0.0,0.883,0.749,0.177,0.395,2.11,0,train
001018,1,1,0,1,1,0,0,11.547,11.547,2.81,0.047363,0.0,0.0,1.0,0.939,0.028,0.535,1.84,1,test
001019,1,0,1,0,0,0,0,60.576,60.576,8.48,0.000424,0.0,0.0,1.0,0.679,0.144,0.42,1.73,0,validation
001020,5,4,0,5,3,0,0,6.617,25.229,0.23,0.174312,0.133,0.064,0.675,0.882,0.232,0.602,1.72,1,train
001021,7,1,1,6,0,2,1,18.743,33.484,3.18,0.011575,0.333,0.12,0.104,0.651,0.65,0.577,2.89,0,test
001022,5,1,1,4,1,0,1,4.605,29.243,3.16,0.109416,0.067,0.192,0.259,0.892,0.456,0.642,1.83,1,train
001023,4,1,0,4,0,0,0,21.752,39.24,0.2,0.009294,0.0,0.0,1.0,0.885,0.052,0.514,2.06,0,train
001024,7,1,0,7,0,0,1,36.544,46.926,1.45,0.010897,0.238,0.101,0.422,0.723,0.443,0.42,2.19,0,train
001025,3,2,0,2,0,0,0,10.313,30.623,2.99,0.075534,0.0,0.0,1.0,0.945,0.025,0.511,1.89,0,test
001026,3,2,1,2,1,0,0,23.72,33.549,0.43,0.007186,0.0,0.0,1.0,0.874,0.057,0.482,1.74,0,test
001027,3,1,1,2,1,1,0,21.127,23.718,0.01,0.048351,0.444,0.0,0.65,0.638,0.355,0.659,1.88,0,test
001028,8,1,0,8,1,3,1,6.961,31.616,3.39,0.14389,0.292,0.052,0.494,0.796,0.37,0.572,2.05,1,validation
001029,1,1,1,0,1,0,0,7.989,7.989,2.27,0.028873,0.0,0.0,1.0,0.958,0.019,0.723,2.24,1,validation
001030,1,0,0,1,0,0,0,20.608,20.608,5.68,0.015164,0.0,0.0,1.0,0.891,0.049,0.443,1.87,0,test
001031,1,0,1,0,0,0,0,9.598,9.598,5.62,0.032243,0.333,0.0,0.883,0.866,0.125,0.683,2.54,0,test
001032,5,2,0,5,0,0,0,29.088,40.92,2.7,0.006415,0.2,0.0,0.883,0.763,0.171,0.398,2.45,0,train
001033,1,1,1,0,1,0,0,9.654,9.654,3.36,0.023766,0.0,0.0,1.0,0.949,0.023,0.662,2.74,1,train
001034,5,0,2,3,0,1,0,20.637,36.957,7.93,0.022713,0.4,0.0,0.65,0.641,0.354,0.523,2.88,0,train
001035,11,5,1,10,4,4,1,5.631,20.54,1.83,0.15941,0.333,0.075,0.292,0.804,0.478,0.705,2.12,1,train
001036,1,0,1,0,0,0,0,8.515,8.515,4.4,0.039441,0.0,0.0,1.0,0.955,0.02,0.663,0.55,0,train
001037,1,0,1,0,0,0,0,8.279,8.279,3.59,0.029344,0.0,0.0,1.0,0.956,0.02,0.665,0.55,0,train
001038,12,3,0,12,1,5,0,13.289,35.084,0.19,0.079758,0.333,0.028,0.552,0.763,0.353,0.491,2.66,0,train
001039,5,2,0,5,0,1,0,9.765,43.198,1.43,0.094484,0.133,0.0,0.767,0.782,0.227,0.515,1.78,0,test
001040,5,0,1,4,0,0,0,15.849,36.468,6.98,0.049751,0.067,0.03,0.786,0.833,0.193,0.503,2.18,0,train
001041,2,1,0,2,1,0,0,7.958,30.463,3.05,0.131994,0.0,0.08,0.896,0.958,0.076,0.56,1.93,1,train
001042,5,3,1,4,2,0,0,14.929,31.675,0.83,0.039493,0.067,0.0,0.883,0.838,0.137,0.609,1.93,1,test
001043,9,2,0,9,1,2,2,6.071,32.9,2.72,0.175332,0.296,0.139,0.338,0.801,0.454,0.611,2.97,1,train
001044,13,4,0,13,2,3,3,4.269,29.742,0.05,0.153151,0.256,0.201,0.013,0.727,0.666,0.659,2.37,1,train
001045,9,4,1,8,2,6,0,12.78,26.128,0.47,0.07208,0.556,0.0,0.65,0.682,0.335,0.568,2.37,1,validation
001046,11,9,10,1,7,4,0,6.098,13.181,0.67,0.04176,0.303,0.006,0.721,0.801,0.243,0.855,2.38,1,test
001047,1,0,0,1,0,0,0,54.586,54.586,7.63,0.002178,0.0,0.0,1.0,0.711,0.13,0.28,1.97,0,train
001048,6,0,0,6,0,0,1,13.722,25.864,3.79,0.044387,0.167,0.065,0.63,0.844,0.274,0.52,2.2,0,test
001049,14,4,10,4,3,2,0,9.021,20.236,0.72,0.022875,0.214,0.007,0.702,0.786,0.261,0.68,2.29,1,test
001050,14,3,1,13,0,4,0,31.298,47.44,0.43,0.008632,0.405,0.0,0.65,0.584,0.38,0.511,2.92,0,validation
001051,2,1,0,1,0,0,0,33.418,42.588,2.43,0.003243,0.0,0.0,1.0,0.823,0.08,0.406,1.62,0,validation
001052,11,5,0,9,2,7,2,5.872,23.843,0.56,0.141874,0.667,0.119,0.143,0.719,0.598,0.697,2.66,1,train
001053,2,1,0,2,0,0,0,58.484,65.957,0.31,0.001894,0.0,0.0,1.0,0.69,0.139,0.426,1.87,0,test
001054,13,1,0,12,1,4,2,10.311,32.984,0.33,0.072041,0.333,0.074,0.332,0.695,0.505,0.6,1.69,0,train
001055,8,4,1,7,3,2,0,5.775,29.902,0.72,0.110399,0.292,0.031,0.604,0.803,0.306,0.723,2.51,1,train
001056,5,2,0,5,1,0,0,10.278,26.874,2.42,0.235995,0.067,0.042,0.747,0.862,0.201,0.526,2.12,0,test
001057,1,1,1,0,1,0,0,9.346,9.346,3.44,0.03332,0.0,0.0,1.0,0.951,0.022,0.66,0.35,1,train
001058,5,2,0,5,0,1,0,10.456,41.991,1.6,0.075744,0.133,0.0,0.767,0.778,0.228,0.51,1.81,0,train
001059,4,1,0,4,0,1,0,37.075,47.295,3.16,0.011689,0.333,0.0,0.767,0.637,0.292,0.348,2.16,0,test
001060,7,3,0,7,1,2,1,11.391,47.391,0.87,0.060958,0.238,0.071,0.442,0.773,0.409,0.547,2.48,1,validation
001061,4,1,2,2,0,0,0,18.014,38.082,3.08,0.022504,0.083,0.0,0.883,0.821,0.145,0.627,3.02,0,validation
001062,11,4,1,10,3,2,1,5.282,23.829,1.43,0.091755,0.333,0.085,0.045,0.722,0.65,0.681,2.3,1,validation
001063,3,0,0,3,0,0,0,26.183,47.422,12.73,0.016857,0.0,0.0,1.0,0.861,0.062,0.405,2.07,0,train
001064,2,0,0,2,0,0,0,46.359,54.585,5.5,0.002882,0.0,0.0,1.0,0.755,0.11,0.28,2.27,0,train
001065,11,6,1,10,3,5,1,3.717,31.211,2.33,0.143166,0.394,0.09,0.123,0.814,0.566,0.669,2.85,1,train
001066,1,0,0,1,0,0,0,13.935,13.935,5.39,0.055808,0.0,0.0,1.0,0.926,0.033,0.487,0.2,0,test
001067,2,0,0,2,0,0,0,14.267,16.428,7.16,0.071109,0.167,0.0,0.883,0.841,0.136,0.485,0.77,0,test
001068,8,4,7,1,3,1,0,6.395,15.468,0.84,0.07567,0.208,0.02,0.663,0.799,0.276,0.795,2.16,1,validation
001069,8,2,5,3,0,0,1,20.599,35.577,1.17,0.016716,0.125,0.076,0.487,0.808,0.369,0.532,2.98,0,train
001070,11,5,9,2,4,4,0,6.381,17.706,1.01,0.051488,0.273,0.005,0.747,0.8,0.229,0.762,3.03,1,train
001071,12,1,0,11,1,6,1,7.797,26.267,2.71,0.12761,0.444,0.08,0.24,0.709,0.549,0.554,2.84,0,train
001072,4,2,0,4,1,1,0,10.918,24.541,3.07,0.047014,0.25,0.0,0.767,0.776,0.229,0.524,2.02,1,train
001073,1,0,0,1,0,0,0,39.959,39.959,8.05,0.004613,0.333,0.0,0.883,0.705,0.197,0.34,2.95,0,train
001074,1,1,0,1,1,0,0,11.239,11.239,3.18,0.053286,0.0,0.0,1.0,0.94,0.027,0.52,1.87,1,test
001075,5,2,0,4,0,0,0,43.574,58.937,0.46,0.004034,0.2,0.0,0.883,0.686,0.205,0.419,1.92,0,train
001076,3,2,0,3,0,1,0,32.919,44.707,1.12,0.002449,0.222,0.0,0.767,0.659,0.282,0.469,1.61,0,validation
001077,14,5,1,13,2,9,1,4.511,27.259,2.34,0.13446,0.429,0.066,0.162,0.809,0.547,0.658,2.82,1,test
001078,8,3,0,8,1,5,0,6.695,26.83,2.55,0.199953,0.5,0.077,0.442,0.715,0.435,0.608,2.76,1,train
001079,2,2,0,1,1,0,0,15.192,24.272,2.49,0.016378,0.0,0.0,1.0,0.92,0.036,0.404,1.87,0,test
001080,3,2,0,3,1,0,0,23.974,38.66,0.83,0.006267,0.0,0.0,1.0,0.873,0.057,0.542,1.83,0,train
001081,3,0,0,3,0,0,0,33.74,45.497,5.92,0.00651,0.111,0.0,0.883,0.738,0.182,0.355,2.45,0,test
001082,14,1,0,14,0,6,0,13.622,39.166,0.18,0.043004,0.381,0.0,0.767,0.761,0.236,0.557,1.87,0,train
001083,9,3,0,9,1,2,0,8.096,35.158,2.99,0.141917,0.296,0.008,0.721,0.79,0.248,0.549,2.97,1,train
001084,7,6,0,7,3,3,0,11.245,24.028,1.12,0.091131,0.381,0.029,0.52,0.69,0.403,0.602,2.63,1,train
001085,5,4,0,5,1,0,0,21.662,33.124,1.06,0.008957,0.2,0.0,0.883,0.802,0.153,0.486,1.75,0,train
001086,8,7,1,7,4,3,1,4.338,23.71,2.42,0.133908,0.25,0.116,0.162,0.81,0.546,0.658,1.84,1,validation
001087,5,1,0,5,0,2,0,11.292,26.288,0.7,0.075928,0.4,0.066,0.552,0.774,0.348,0.558,2.87,0,train
001088,1,0,1,0,0,0,0,8.574,8.574,4.33,0.02848,0.0,0.0,1.0,0.955,0.02,0.663,2.57,0,train
001089,7,2,0,7,2,3,0,9.71,27.232,1.37,0.154733,0.333,0.013,0.708,0.782,0.259,0.554,1.76,0,train
001090,1,1,0,1,0,0,0,40.927,40.927,3.09,0.002176,0.0,0.0,1.0,0.783,0.098,0.326,1.54,0,validation
001091,1,0,1,0,0,1,0,9.012,9.012,5.46,0.036685,1.0,0.04,0.624,0.702,0.341,0.743,0.66,0,validation
001092,2,1,0,2,0,0,0,49.531,62.958,1.03,0.006249,0.0,0.0,1.0,0.738,0.118,0.393,1.86,0,validation
001093,2,1,0,2,0,0,0,8.201,20.315,0.01,0.147374,0.0,0.13,0.831,0.957,0.112,0.546,2.03,0,train
001094,3,2,0,3,0,0,0,28.97,36.491,1.08,0.005357,0.111,0.0,0.883,0.763,0.171,0.396,1.83,0,validation
001095,3,2,0,3,0,1,0,35.277,46.348,1.08,0.002088,0.222,0.0,0.767,0.647,0.287,0.455,1.59,0,train
001096,6,6,0,6,2,2,1,6.802,26.204,2.97,0.150635,0.222,0.085,0.435,0.797,0.402,0.596,1.89,1,train
001097,5,2,0,5,2,1,1,5.323,12.953,1.55,0.113354,0.133,0.182,0.175,0.805,0.541,0.617,2.27,1,train
001098,1,1,0,1,1,0,0,23.741,23.741,0.71,0.006285,0.0,0.0,1.0,0.874,0.057,0.549,1.6,0,test
001099,2,2,0,2,1,0,0,24.63,36.814,2.8,0.009505,0.0,0.0,1.0,0.87,0.059,0.448,1.67,0,train
001100,13,5,3,10,2,2,1,10.204,26.388,2.23,0.096082,0.282,0.064,0.305,0.779,0.481,0.67,3.11,0,train
001101,11,9,10,1,9,2,1,4.307,10.021,1.01,0.130384,0.212,0.067,0.435,0.811,0.396,0.782,2.62,1,validation
001102,9,1,0,9,0,4,0,25.248,36.923,2.87,0.010492,0.481,0.03,0.475,0.616,0.462,0.447,1.81,0,validation
001103,5,1,0,4,0,1,2,24.42,38.619,1.87,0.014036,0.267,0.156,0.39,0.621,0.506,0.448,1.93,0,train
001104,8,1,0,7,1,1,1,6.296,27.789,0.0,0.071876,0.25,0.119,0.149,0.8,0.558,0.614,1.57,0,train
001105,1,1,0,1,1,0,0,18.674,18.674,2.95,0.014586,0.0,0.0,1.0,0.901,0.044,0.481,1.78,0,train
001106,9,7,8,1,6,1,1,2.769,15.686,0.14,0.013962,0.111,0.111,0.117,0.819,0.567,0.738,2.84,1,test
001107,6,4,0,6,2,2,1,4.015,25.008,1.94,0.092364,0.389,0.165,0.007,0.729,0.668,0.656,2.95,1,train
001108,10,5,0,10,2,4,2,4.604,20.569,2.63,0.134513,0.4,0.193,0.045,0.726,0.648,0.65,2.94,1,test
001109,1,1,0,1,0,0,0,26.711,26.711,3.43,0.006155,0.0,0.0,1.0,0.859,0.064,0.405,1.72,0,train
001110,2,0,0,2,0,0,0,9.432,19.657,3.85,0.11572,0.167,0.0,0.883,0.867,0.124,0.517,2.0,0,train
001111,3,1,1,2,1,1,0,21.173,21.525,0.07,0.092583,0.444,0.0,0.65,0.638,0.355,0.659,1.88,0,test
001112,5,0,2,3,0,0,0,15.496,27.117,8.36,0.022066,0.067,0.0,0.883,0.835,0.139,0.617,2.71,0,test
001113,1,1,1,0,1,0,0,8.491,8.491,2.01,0.03106,0.0,0.0,1.0,0.955,0.02,0.732,2.75,1,train
001114,4,0,1,3,0,0,0,9.549,25.244,3.86,0.030085,0.083,0.0,0.883,0.866,0.124,0.656,2.1,0,test
001115,2,1,0,2,0,0,0,45.624,60.853,0.64,0.00313,0.167,0.0,0.883,0.675,0.21,0.411,1.99,0,train
001116,5,5,0,5,3,0,1,5.116,23.707,2.55,0.144949,0.133,0.16,0.363,0.89,0.4,0.648,2.09,1,test
001117,5,3,0,5,2,0,0,11.15,27.99,2.37,0.221873,0.067,0.012,0.844,0.858,0.15,0.508,2.09,1,validation
001118,5,0,0,5,0,0,0,36.307,48.608,8.15,0.009867,0.2,0.0,0.883,0.724,0.188,0.365,3.07,0,validation
001119,5,0,0,5,0,2,3,4.951,16.715,4.15,0.045089,0.467,0.512,0.0,0.724,0.674,0.667,2.5,0,train
001120,8,3,0,8,3,2,2,4.922,18.492,3.15,0.117184,0.25,0.232,0.13,0.807,0.565,0.626,2.3,0,train
001121,3,1,0,3,1,0,1,3.768,22.661,3.03,0.087519,0.111,0.333,0.233,0.897,0.468,0.656,2.4,1,validation
001122,3,1,0,3,0,0,0,44.518,52.818,2.07,0.009086,0.111,0.0,0.883,0.681,0.208,0.349,1.96,0,test
001123,7,3,3,4,1,1,0,13.22,32.261,2.56,0.031368,0.143,0.0,0.767,0.763,0.235,0.541,1.85,1,train
001124,1,1,1,0,1,0,0,7.872,7.872,3.25,0.039152,0.0,0.0,1.0,0.958,0.019,0.679,0.57,1,train
001125,9,2,0,9,1,5,2,9.817,26.795,2.76,0.109455,0.37,0.127,0.299,0.781,0.484,0.572,2.96,0,test
001126,2,0,0,2,0,1,0,25.511,32.874,4.88,0.006016,0.333,0.0,0.767,0.698,0.264,0.41,1.61,0,validation
001127,7,7,0,7,5,2,2,3.84,20.454,2.68,0.119365,0.19,0.28,0.117,0.813,0.57,0.672,2.33,1,test
001128,5,2,0,5,1,1,0,7.921,27.077,2.32,0.184652,0.133,0.028,0.676,0.791,0.272,0.538,2.71,0,train
001129,4,3,0,4,0,0,0,40.395,47.859,0.04,0.004942,0.167,0.0,0.883,0.703,0.198,0.438,2.05,0,train
001130,2,0,0,2,0,0,0,32.894,39.394,17.15,0.007786,0.333,0.0,0.883,0.743,0.18,0.387,2.08,0,train
001131,3,1,0,3,0,0,0,23.305,41.614,0.35,0.027356,0.222,0.0,0.883,0.793,0.157,0.451,1.93,0,train
001132,7,5,6,1,3,0,0,9.623,19.065,0.66,0.054318,0.143,0.0,0.883,0.866,0.125,0.683,2.32,1,test
001133,3,1,0,3,0,0,1,18.911,36.765,0.26,0.018537,0.222,0.213,0.467,0.817,0.376,0.532,2.29,0,train
001134,6,4,2,4,3,1,0,13.277,30.967,1.74,0.019586,0.222,0.0,0.767,0.763,0.235,0.662,1.87,1,test
001135,1,1,0,1,1,0,0,15.047,15.047,2.66,0.022634,0.0,0.0,1.0,0.92,0.036,0.518,1.77,0,test
001136,9,5,0,9,3,2,2,3.464,20.646,3.1,0.083855,0.333,0.171,0.117,0.815,0.569,0.678,2.66,1,validation
001137,2,0,0,2,0,0,0,12.274,17.042,4.93,0.077436,0.0,0.0,1.0,0.935,0.029,0.498,2.25,0,train
001138,12,1,0,10,1,2,0,9.913,34.443,0.13,0.097718,0.306,0.028,0.546,0.781,0.348,0.62,1.56,0,train
001139,7,1,0,7,1,2,0,20.107,30.94,2.88,0.015526,0.429,0.037,0.481,0.644,0.446,0.482,1.87,0,validation
001140,6,2,0,6,1,1,0,12.272,27.468,3.0,0.065229,0.333,0.0,0.767,0.768,0.233,0.533,2.07,0,train
001141,5,3,1,4,1,0,0,18.325,34.786,0.14,0.022095,0.133,0.0,0.883,0.82,0.145,0.582,1.88,1,validation
001142,15,6,0,15,3,6,3,4.257,24.611,2.66,0.158688,0.467,0.175,0.039,0.727,0.651,0.736,2.99,1,train
001143,4,1,0,4,0,0,0,15.462,38.862,0.66,0.047275,0.25,0.058,0.734,0.835,0.221,0.522,2.14,0,train
001144,2,1,0,1,0,1,0,32.262,41.356,2.68,0.003598,0.333,0.0,0.767,0.663,0.28,0.456,1.63,0,test
001145,5,3,1,4,1,0,0,21.467,31.717,0.9,0.021228,0.133,0.0,0.883,0.803,0.153,0.592,2.44,1,train
001146,5,3,0,5,1,0,0,8.681,31.556,2.42,0.170723,0.2,0.024,0.805,0.871,0.165,0.538,1.94,1,train
001147,7,6,1,6,4,3,0,12.25,21.466,2.49,0.036494,0.286,0.0,0.767,0.768,0.233,0.633,1.91,1,validation
001148,5,1,1,4,0,1,1,8.14,44.419,0.18,0.017608,0.4,0.124,0.247,0.707,0.546,0.795,2.27,0,train
001149,3,0,3,0,0,2,0,9.182,23.65,3.95,0.05125,0.667,0.0,0.65,0.701,0.327,0.659,2.23,0,train
001150,6,2,0,6,2,3,1,4.93,22.539,3.32,0.109568,0.444,0.157,0.156,0.807,0.551,0.654,3.04,1,train
001151,6,5,0,6,2,1,1,4.62,23.764,0.24,0.136969,0.222,0.153,0.169,0.809,0.543,0.661,1.97,1,train
001152,3,1,0,3,0,0,0,44.581,61.854,1.78,0.002174,0.0,0.0,1.0,0.764,0.106,0.359,1.76,0,train
001153,6,2,0,6,2,2,2,6.686,17.235,0.28,0.156493,0.5,0.345,0.0,0.715,0.678,0.774,2.01,1,train
001154,4,1,0,4,0,0,0,36.246,49.7,2.27,0.006885,0.0,0.0,1.0,0.808,0.086,0.338,2.06,0,train
001155,1,1,0,1,0,0,0,27.335,27.335,2.39,0.004897,0.0,0.0,1.0,0.855,0.065,0.449,1.67,0,train
001156,3,2,0,3,2,0,1,2.77,21.4,2.36,0.12145,0.111,0.413,0.233,0.902,0.466,0.694,2.68,1,train
001157,4,1,0,4,0,0,0,13.118,39.975,0.56,0.039017,0.167,0.0,0.883,0.847,0.133,0.543,1.91,0,train
001158,8,1,0,6,0,2,0,10.64,30.35,0.97,0.243957,0.292,0.025,0.52,0.694,0.402,0.582,1.57,0,train
001159,6,3,0,6,1,0,0,17.792,35.059,2.21,0.022394,0.167,0.0,0.883,0.822,0.144,0.463,2.47,0,test
001160,2,0,1,1,0,0,1,9.237,11.992,4.44,0.052454,0.0,0.345,0.552,0.951,0.269,0.658,0.85,0,test
001161,1,0,1,0,0,0,0,8.721,8.721,4.5,0.044567,0.0,0.0,1.0,0.954,0.021,0.662,0.52,0,validation
001162,9,3,0,9,2,2,1,7.394,26.263,0.2,0.291894,0.259,0.117,0.111,0.711,0.619,0.637,2.86,1,train
001163,9,8,0,9,6,2,2,5.131,22.441,2.75,0.159408,0.259,0.188,0.214,0.806,0.519,0.644,2.17,1,validation
001164,5,4,0,5,1,2,0,13.145,33.057,0.34,0.028035,0.267,0.0,0.767,0.764,0.235,0.538,1.76,0,train
001165,3,1,0,3,0,0,0,34.281,45.67,0.88,0.00414,0.0,0.0,1.0,0.819,0.082,0.471,1.57,0,train
001166,2,2,0,2,1,0,0,9.629,32.215,3.06,0.080757,0.0,0.0,1.0,0.949,0.023,0.536,1.86,1,validation
001167,2,0,1,1,0,0,0,32.018,35.334,5.9,0.005072,0.167,0.0,0.883,0.747,0.178,0.533,1.97,0,train
001168,4,1,1,3,0,0,0,22.153,26.256,0.61,0.011185,0.0,0.0,1.0,0.883,0.053,0.572,2.14,0,validation
001169,10,5,9,0,2,3,0,12.429,24.487,1.08,0.012977,0.367,0.0,0.767,0.768,0.233,0.744,2.89,1,validation
001170,6,2,0,6,1,0,1,13.313,29.303,0.15,0.054615,0.167,0.092,0.526,0.846,0.33,0.562,2.01,0,train
001171,5,1,1,4,1,0,0,20.083,32.486,0.34,0.052515,0.0,0.0,1.0,0.894,0.048,0.591,2.09,0,train
001172,6,3,0,6,0,2,1,11.396,31.054,0.54,0.074036,0.389,0.08,0.455,0.773,0.402,0.569,2.35,0,train
001173,4,1,0,4,0,1,0,39.408,58.284,1.03,0.014568,0.25,0.0,0.767,0.625,0.297,0.393,2.17,0,train
001174,1,0,1,0,0,0,0,10.092,10.092,4.08,0.018547,0.0,0.0,1.0,0.947,0.024,0.653,2.35,0,train
001175,15,8,0,15,5,11,2,8.932,22.468,0.07,0.26476,0.6,0.055,0.357,0.703,0.487,0.623,2.21,1,train
001176,2,1,0,2,0,0,0,39.548,50.119,0.3,0.002382,0.0,0.0,1.0,0.791,0.094,0.426,1.65,0,train
001177,3,0,1,2,0,0,1,5.324,25.099,5.17,0.093523,0.111,0.333,0.233,0.888,0.472,0.625,2.62,0,validation
001178,4,0,0,4,0,3,0,13.264,25.928,3.62,0.028577,0.5,0.0,0.767,0.763,0.235,0.51,1.8,0,train
001179,4,2,1,3,1,0,0,13.64,23.251,2.86,0.049323,0.083,0.0,0.883,0.844,0.134,0.635,1.96,1,train
001180,12,9,3,9,6,6,2,3.527,20.366,2.35,0.181189,0.389,0.128,0.13,0.815,0.562,0.687,2.27,1,train
001181,5,1,0,5,0,1,0,12.765,24.314,1.54,0.073479,0.267,0.052,0.598,0.766,0.327,0.522,2.42,0,validation
001182,6,3,0,5,1,0,0,6.906,25.295,0.17,0.174192,0.167,0.04,0.727,0.88,0.204,0.568,2.9,1,test
001183,6,5,0,6,5,0,2,5.459,14.709,2.53,0.17685,0.167,0.27,0.318,0.888,0.426,0.643,2.19,1,train
001184,7,2,1,6,0,2,0,13.728,44.797,1.77,0.144635,0.333,0.0,0.767,0.761,0.236,0.628,2.79,0,train
001185,5,0,0,5,0,1,0,15.121,27.638,4.76,0.039344,0.267,0.0,0.767,0.753,0.239,0.506,2.34,0,validation
001186,1,1,0,1,0,0,0,60.162,60.162,1.97,0.000938,0.0,0.0,1.0,0.681,0.143,0.35,1.63,0,train
001187,6,2,0,6,1,0,1,6.537,25.535,2.03,0.171471,0.167,0.187,0.285,0.882,0.446,0.61,2.33,1,train
001188,3,1,1,2,0,0,0,16.514,46.749,3.18,0.006638,0.222,0.0,0.883,0.829,0.141,0.637,2.84,0,train
001189,1,0,1,0,0,0,0,9.849,9.849,4.54,0.026126,0.0,0.0,1.0,0.948,0.023,0.654,0.68,0,train
001190,7,7,0,7,5,2,1,5.973,23.388,1.5,0.168424,0.333,0.076,0.422,0.802,0.407,0.628,1.99,1,train
001191,1,0,1,0,0,0,0,9.81,9.81,4.81,0.027911,0.0,0.0,1.0,0.948,0.023,0.655,2.63,0,train
001192,4,4,0,4,3,2,0,12.816,21.441,2.87,0.033929,0.333,0.0,0.767,0.765,0.234,0.537,1.8,1,test
001193,8,6,6,2,6,4,0,6.159,13.228,0.16,0.053732,0.333,0.018,0.676,0.801,0.268,0.808,3.13,1,validation
001194,2,1,0,2,0,0,0,58.596,66.017,1.58,0.001149,0.0,0.0,1.0,0.69,0.14,0.368,1.73,0,train
001195,10,3,0,10,3,3,1,9.496,26.6,0.68,0.096226,0.3,0.046,0.468,0.783,0.39,0.548,1.57,1,test
001196,7,3,4,3,3,1,1,7.198,19.155,2.1,0.21153,0.238,0.169,0.039,0.712,0.658,0.681,3.06,1,test
001197,1,0,0,1,0,0,0,40.307,40.307,4.63,0.002664,0.0,0.0,1.0,0.787,0.096,0.311,1.66,0,train
001198,8,5,6,2,5,4,0,9.356,17.47,2.22,0.111254,0.417,0.0,0.767,0.784,0.226,0.725,1.97,1,test
001199,11,4,0,11,2,7,2,7.626,18.27,3.19,0.071133,0.606,0.188,0.013,0.71,0.674,0.64,2.61,1,train
001200,5,1,0,5,0,1,0,34.948,41.031,1.52,0.00664,0.2,0.0,0.767,0.648,0.287,0.379,2.72,0,train
001201,7,1,0,7,0,1,1,31.699,44.73,2.92,0.009416,0.381,0.059,0.383,0.582,0.527,0.481,2.23,0,test
001202,1,0,0,1,0,0,0,56.733,56.733,3.58,0.001137,0.0,0.0,1.0,0.7,0.135,0.28,1.67,0,train
001203,5,3,1,4,1,0,1,7.26,24.255,2.19,0.10694,0.0,0.172,0.441,0.962,0.325,0.649,2.3,1,train
001204,8,4,1,7,4,2,1,4.481,25.94,0.49,0.148004,0.292,0.12,0.143,0.81,0.557,0.671,2.68,1,train
001205,1,0,1,0,0,0,0,9.582,9.582,5.58,0.029557,0.0,0.0,1.0,0.949,0.023,0.656,0.68,0,validation
001206,8,3,0,8,3,1,2,4.14,16.774,0.24,0.400828,0.208,0.247,0.117,0.811,0.571,0.674,2.02,1,train
001207,6,5,6,0,5,0,0,11.934,16.875,0.13,0.011464,0.056,0.0,0.883,0.853,0.13,0.74,1.76,1,test
001208,1,0,1,0,0,0,0,8.798,8.798,4.22,0.033596,0.0,0.0,1.0,0.953,0.021,0.661,0.4,0,train
001209,14,1,0,14,0,5,1,6.877,35.623,0.23,0.093414,0.381,0.05,0.312,0.797,0.47,0.59,1.75,0,train
001210,1,0,0,1,0,0,0,40.399,40.399,4.99,0.001931,0.0,0.0,1.0,0.786,0.096,0.311,1.62,0,test
001211,3,0,3,0,0,0,0,14.479,17.448,5.38,0.008509,0.0,0.0,1.0,0.923,0.034,0.623,3.09,0,train
001212,2,1,0,2,0,0,0,38.071,43.436,0.03,0.006423,0.167,0.0,0.883,0.715,0.192,0.439,2.04,0,test
001213,2,1,1,1,1,0,0,10.022,34.912,0.19,0.045401,0.0,0.0,1.0,0.947,0.024,0.665,1.59,1,train
001214,4,2,0,4,2,1,1,4.575,20.06,1.63,0.110896,0.167,0.237,0.149,0.809,0.554,0.65,2.19,1,test
001215,1,0,0,1,0,0,0,11.132,11.132,4.15,0.094414,0.0,0.0,1.0,0.941,0.027,0.506,0.21,0,train
001216,5,2,1,4,1,1,1,6.427,38.435,0.77,0.102791,0.2,0.216,0.117,0.799,0.576,0.695,2.52,1,train
001217,5,4,0,5,2,1,1,3.39,25.753,1.69,0.078595,0.333,0.2,0.0,0.732,0.671,0.686,2.58,1,test
001218,3,0,1,2,0,0,0,20.748,32.549,6.92,0.009669,0.111,0.0,0.883,0.807,0.151,0.582,2.05,0,test
001219,2,0,0,2,0,0,0,35.131,47.043,4.19,0.003382,0.0,0.0,1.0,0.814,0.084,0.346,1.7,0,train
001220,11,5,10,1,4,4,0,7.454,21.642,0.06,0.034385,0.333,0.0,0.767,0.794,0.221,0.813,2.9,1,train
001221,11,5,4,7,3,1,0,6.668,21.276,0.29,0.171097,0.152,0.031,0.617,0.798,0.301,0.68,2.04,1,validation
001222,10,4,1,9,2,4,2,7.342,25.326,0.71,0.124582,0.4,0.136,0.078,0.711,0.637,0.679,2.77,1,train
001223,13,2,0,13,0,3,0,19.399,41.898,0.65,0.032151,0.308,0.0,0.767,0.731,0.25,0.451,2.77,0,train
001224,9,4,0,9,4,3,2,5.575,20.42,0.52,0.200201,0.444,0.124,0.26,0.72,0.533,0.678,2.23,1,validation
001225,6,1,1,5,0,1,0,10.817,27.899,3.13,0.064637,0.222,0.0,0.767,0.776,0.229,0.644,2.63,0,test
001226,6,3,0,6,0,1,0,12.474,48.896,0.25,0.064226,0.111,0.0,0.767,0.767,0.233,0.497,1.74,0,validation
001227,15,3,0,15,1,4,0,13.936,37.92,0.49,0.052238,0.289,0.009,0.682,0.76,0.283,0.618,2.37,0,test
001228,1,0,1,0,0,0,0,9.661,9.661,4.86,0.027145,0.333,0.0,0.883,0.866,0.125,0.682,0.54,0,train
001229,5,2,0,5,1,1,0,23.383,36.082,2.91,0.011107,0.267,0.0,0.767,0.71,0.259,0.431,2.46,0,validation
001230,13,2,0,13,0,8,3,10.078,25.712,3.08,0.091919,0.538,0.124,0.169,0.697,0.594,0.55,2.86,0,validation
001231,2,0,0,2,0,0,0,53.463,60.09,5.13,0.003218,0.167,0.0,0.883,0.634,0.229,0.307,1.67,0,train
001232,8,1,0,8,0,4,1,7.184,26.161,1.42,0.103709,0.375,0.102,0.234,0.795,0.514,0.624,2.24,0,train
001233,1,0,1,0,0,0,0,10.592,10.592,5.79,0.020165,0.333,0.0,0.883,0.861,0.127,0.676,0.63,0,validation
001234,2,0,0,2,0,0,0,28.849,39.523,4.21,0.010839,0.167,0.0,0.883,0.764,0.17,0.414,1.64,0,train
001235,2,1,0,1,1,0,0,13.262,26.063,3.28,0.023416,0.0,0.0,1.0,0.93,0.032,0.422,1.71,0,train
001236,2,0,0,2,0,0,0,35.366,41.381,15.8,0.006929,0.0,0.0,1.0,0.813,0.084,0.344,2.03,0,train
001237,10,4,0,10,3,7,1,6.23,21.167,2.51,0.169395,0.467,0.076,0.461,0.8,0.386,0.612,2.96,1,train
001238,7,0,5,2,0,0,2,8.177,15.54,3.72,0.076828,0.238,0.173,0.331,0.873,0.425,0.679,2.4,0,train
001239,1,1,0,1,1,0,0,14.099,14.099,1.18,0.035434,0.0,0.0,1.0,0.925,0.034,0.592,0.27,0,test
001240,6,4,0,6,3,1,1,8.393,21.163,0.66,0.129133,0.167,0.063,0.52,0.789,0.359,0.564,2.19,1,train
001241,6,2,0,6,1,0,0,15.041,29.482,0.14,0.019662,0.278,0.0,0.883,0.837,0.137,0.568,2.53,0,train
001242,2,1,1,1,1,1,0,7.562,27.044,1.65,0.04754,0.5,0.0,0.65,0.71,0.323,0.834,1.9,1,train
001243,6,1,0,6,0,1,0,18.434,34.974,0.28,0.026473,0.333,0.0,0.767,0.736,0.247,0.544,2.03,0,train
001244,11,2,0,11,1,4,2,4.735,27.168,0.55,0.140168,0.333,0.135,0.033,0.725,0.656,0.642,1.57,1,train
001245,5,0,1,4,0,2,0,38.379,55.223,5.91,0.004889,0.4,0.0,0.65,0.547,0.396,0.516,2.04,0,train
001246,11,2,0,10,0,6,1,9.515,26.702,2.37,0.078804,0.455,0.068,0.364,0.783,0.448,0.566,3.07,0,train
001247,6,1,0,6,1,1,0,7.031,40.173,0.09,0.09975,0.167,0.0,0.767,0.796,0.22,0.689,2.68,1,validation
001248,14,6,0,12,3,10,0,11.123,24.739,1.26,0.043355,0.619,0.0,0.65,0.691,0.331,0.582,2.28,1,train
001249,1,0,1,0,0,0,0,8.712,8.712,4.15,0.024373,0.333,0.0,0.883,0.871,0.122,0.689,2.65,0,validation
001250,2,0,0,2,0,0,1,11.385,27.485,8.03,0.048714,0.167,0.385,0.383,0.856,0.404,0.566,2.97,0,test
001251,2,1,0,2,0,0,0,51.44,62.42,1.68,0.00156,0.0,0.0,1.0,0.728,0.123,0.363,1.75,0,test
001252,6,5,6,0,4,0,0,12.699,18.2,0.52,0.010035,0.056,0.0,0.883,0.849,0.132,0.727,1.72,1,train
001253,4,2,0,4,0,0,0,23.713,40.076,0.81,0.021158,0.083,0.0,0.883,0.791,0.158,0.422,2.05,0,train
001254,11,6,2,8,3,0,1,5.936,26.689,0.87,0.33972,0.121,0.078,0.324,0.885,0.423,0.633,2.07,1,train
001255,5,2,0,4,0,0,0,46.617,60.111,0.45,0.003741,0.2,0.0,0.883,0.67,0.213,0.419,1.9,0,train
001256,1,0,1,0,0,0,0,9.749,9.749,3.7,0.015416,0.0,0.0,1.0,0.948,0.023,0.655,0.45,0,test
001257,3,1,0,3,0,0,0,41.116,59.472,1.85,0.00267,0.0,0.0,1.0,0.782,0.098,0.355,1.78,0,test
001258,1,0,0,1,0,0,0,53.552,53.552,3.9,0.001342,0.0,0.0,1.0,0.716,0.128,0.28,1.61,0,train
001259,2,2,0,2,1,0,0,19.246,41.023,0.22,0.013305,0.0,0.0,1.0,0.898,0.046,0.458,1.75,0,train
001260,2,0,0,2,0,0,1,9.509,11.244,4.36,0.113333,0.167,0.27,0.532,0.866,0.317,0.563,2.07,0,train
001261,5,4,0,5,2,0,1,3.624,22.548,1.28,0.174889,0.0,0.2,0.35,0.981,0.366,0.65,2.54,1,validation
001262,14,2,2,12,1,11,1,13.128,27.96,0.06,0.056045,0.738,0.062,0.286,0.681,0.536,0.606,2.38,0,train
001263,4,1,1,3,0,0,1,15.066,35.994,0.27,0.027798,0.167,0.133,0.539,0.837,0.327,0.62,2.24,0,train
001264,4,1,0,4,0,1,0,29.05,45.671,0.0,0.005008,0.167,0.0,0.767,0.68,0.273,0.546,1.72,0,test
001265,2,0,0,2,0,1,0,27.027,38.027,4.49,0.011071,0.333,0.0,0.767,0.69,0.268,0.4,3.1,0,train
001266,3,1,1,2,1,0,1,4.605,27.124,3.16,0.109544,0.111,0.32,0.259,0.892,0.456,0.642,1.7,1,validation
001267,7,6,6,1,5,0,1,4.857,16.335,0.04,0.356414,0.048,0.137,0.259,0.891,0.456,0.751,2.24,1,train
001268,6,6,1,5,3,1,0,7.801,26.505,0.06,0.127297,0.222,0.015,0.592,0.709,0.356,0.709,1.77,1,validation
001269,2,1,0,2,0,0,0,15.064,39.953,1.68,0.04082,0.0,0.0,1.0,0.92,0.036,0.48,2.06,0,train
001270,6,2,0,6,2,0,0,11.795,28.857,1.33,0.084068,0.111,0.0,0.883,0.854,0.13,0.601,2.89,1,train
001271,3,2,0,2,0,0,0,11.653,32.091,2.93,0.051676,0.111,0.0,0.883,0.855,0.129,0.502,1.86,0,test
001272,1,0,1,0,0,0,0,11.408,11.408,6.76,0.046468,0.0,0.0,1.0,0.94,0.027,0.644,2.88,0,train
001273,3,0,0,3,0,1,1,5.317,15.393,3.6,0.063131,0.333,0.323,0.02,0.722,0.664,0.702,2.28,0,train
001274,9,5,2,7,4,0,1,3.85,22.087,0.95,0.171879,0.111,0.11,0.24,0.896,0.465,0.664,2.34,1,train
001275,4,1,0,4,0,0,0,33.088,42.815,0.13,0.004412,0.25,0.0,0.883,0.741,0.18,0.434,1.88,0,train
001276,6,0,0,6,0,1,0,17.454,33.721,4.38,0.027643,0.222,0.0,0.767,0.741,0.245,0.464,2.09,0,train
001277,8,8,0,8,5,3,1,4.639,22.69,1.88,0.14653,0.375,0.11,0.195,0.809,0.529,0.666,2.12,1,validation
001278,5,1,0,5,1,0,0,24.316,38.564,0.55,0.017766,0.133,0.0,0.883,0.788,0.16,0.553,2.17,0,validation
001279,1,0,1,0,0,0,0,10.096,10.096,3.93,0.021691,0.0,0.0,1.0,0.947,0.024,0.653,2.71,0,validation
001280,8,5,0,8,5,1,0,11.073,28.928,0.19,0.048476,0.25,0.0,0.767,0.775,0.23,0.668,1.82,1,validation
001281,5,1,2,3,0,1,0,39.65,55.744,0.21,0.004997,0.267,0.0,0.65,0.54,0.399,0.536,2.15,0,train
001282,1,1,0,1,1,0,0,23.186,23.186,3.16,0.007235,0.0,0.0,1.0,0.877,0.055,0.441,1.73,0,train
001283,3,1,1,2,0,0,1,5.627,21.299,3.48,0.111101,0.0,0.303,0.408,0.97,0.339,0.615,2.27,0,train
001284,5,1,0,5,0,1,0,15.993,41.962,2.23,0.048172,0.333,0.06,0.455,0.665,0.45,0.524,3.0,0,train
001285,2,1,0,2,0,0,0,40.637,44.633,0.02,0.00622,0.167,0.0,0.883,0.702,0.198,0.439,2.0,0,train
001286,3,1,1,2,0,1,0,18.718,48.972,3.27,0.005882,0.333,0.0,0.767,0.734,0.248,0.649,2.85,0,validation
001287,12,4,0,12,2,2,1,4.182,28.719,0.43,0.07027,0.222,0.083,0.117,0.811,0.571,0.633,1.74,1,train
001288,7,7,0,7,4,4,0,10.41,27.981,0.84,0.056123,0.476,0.0,0.767,0.778,0.228,0.55,1.8,1,test
001289,4,1,1,3,1,0,1,4.605,31.224,3.16,0.109486,0.083,0.24,0.259,0.892,0.456,0.642,1.81,1,train
001290,10,4,1,9,2,8,0,11.413,24.681,0.38,0.099301,0.667,0.0,0.65,0.69,0.332,0.584,2.31,1,train
001291,3,1,0,3,0,1,0,35.778,40.458,1.19,0.003126,0.222,0.0,0.767,0.644,0.289,0.44,1.7,0,test
001292,3,3,0,3,0,1,0,38.108,51.302,0.13,0.001748,0.222,0.0,0.767,0.632,0.294,0.487,1.58,0,train
001293,10,1,0,10,0,2,1,24.529,44.247,1.37,0.019042,0.3,0.051,0.435,0.703,0.444,0.416,2.86,0,train
001294,8,1,0,8,0,4,2,7.683,20.511,1.74,0.065861,0.417,0.18,0.085,0.709,0.634,0.64,2.94,0,train
001295,7,2,5,2,0,0,0,26.635,38.66,0.6,0.0171,0.095,0.0,0.883,0.776,0.165,0.554,2.89,0,test
001296,4,2,0,4,0,0,0,21.308,37.539,1.02,0.028012,0.167,0.0,0.883,0.804,0.152,0.465,2.0,0,train
001297,2,2,0,1,0,0,0,25.82,34.938,3.18,0.004759,0.0,0.0,1.0,0.863,0.062,0.341,1.79,0,train
001298,1,0,0,1,0,0,0,67.293,67.293,4.07,0.000921,0.0,0.0,1.0,0.644,0.16,0.28,1.76,0,train
001299,3,1,0,3,0,0,1,7.694,25.916,1.07,0.114834,0.0,0.253,0.506,0.959,0.29,0.59,1.76,0,validation
001300,1,1,1,0,1,0,0,7.887,7.887,2.47,0.02703,0.0,0.0,1.0,0.958,0.019,0.715,0.92,1,validation
001301,12,1,0,12,0,2,0,7.841,36.06,0.08,0.120748,0.278,0.028,0.604,0.792,0.311,0.551,2.11,0,train
001302,2,1,0,2,0,0,0,47.83,50.881,0.03,0.006459,0.0,0.0,1.0,0.747,0.114,0.439,1.89,0,train
001303,3,1,0,3,0,0,0,19.142,22.998,0.84,0.026308,0.222,0.0,0.883,0.815,0.147,0.546,2.55,0,train
001304,5,1,0,4,0,0,0,29.144,50.84,0.28,0.012249,0.0,0.0,1.0,0.846,0.069,0.436,2.15,0,validation
001305,6,1,0,5,0,0,0,28.442,52.739,0.17,0.010834,0.056,0.0,0.883,0.766,0.169,0.455,2.03,0,test
001306,12,1,0,10,1,2,3,6.938,32.081,0.1,0.116145,0.333,0.177,0.065,0.713,0.643,0.652,1.56,0,train
001307,4,1,2,2,0,2,0,9.275,21.39,1.41,0.015078,0.417,0.0,0.767,0.784,0.225,0.712,2.02,0,test
001308,5,2,1,3,1,0,2,4.613,17.958,1.27,0.10931,0.2,0.364,0.259,0.892,0.456,0.642,2.22,1,train
001309,5,4,0,5,2,1,0,12.164,30.274,0.25,0.034555,0.2,0.0,0.767,0.769,0.232,0.537,1.77,0,train
001310,3,1,1,2,1,0,1,7.321,28.653,3.27,0.099981,0.0,0.25,0.512,0.961,0.286,0.682,2.1,1,train
001311,11,8,1,10,5,5,1,4.698,26.242,0.34,0.164876,0.364,0.081,0.188,0.808,0.533,0.702,2.17,1,test
001312,2,0,0,2,0,0,0,43.569,55.331,4.46,0.002076,0.0,0.0,1.0,0.769,0.104,0.29,1.68,0,test
001313,2,2,0,2,2,0,0,8.022,13.568,1.44,0.144687,0.0,0.0,1.0,0.958,0.019,0.561,2.01,1,test
001314,2,1,2,0,1,0,0,7.215,7.857,2.96,0.039122,0.167,0.0,0.883,0.878,0.119,0.723,1.27,1,test
001315,1,0,0,1,0,0,0,39.882,39.882,8.15,0.001997,0.0,0.0,1.0,0.789,0.095,0.314,1.61,0,train
001316,2,1,0,2,1,0,0,19.607,44.333,0.51,0.009435,0.0,0.0,1.0,0.896,0.047,0.586,1.57,0,train
001317,6,0,0,6,0,2,1,18.418,26.858,9.59,0.046176,0.333,0.157,0.156,0.736,0.583,0.559,2.81,0,train
001318,4,1,0,4,0,1,0,21.403,39.318,0.55,0.018942,0.333,0.0,0.767,0.72,0.254,0.464,1.96,0,train
001319,6,2,4,2,2,2,0,9.425,15.242,2.38,0.189921,0.278,0.037,0.624,0.783,0.304,0.703,2.58,1,validation
001320,4,2,0,4,0,0,0,32.05,45.853,0.07,0.003723,0.0,0.0,1.0,0.83,0.076,0.523,2.0,0,test
001321,1,1,0,1,1,0,0,10.195,10.195,3.29,0.086203,0.0,0.0,1.0,0.946,0.024,0.522,1.89,1,train
001322,8,1,3,5,1,1,0,15.565,36.054,0.13,0.044119,0.208,0.0,0.767,0.751,0.24,0.659,2.15,0,test
001323,1,0,1,0,0,0,0,9.56,9.56,5.57,0.030411,0.0,0.0,1.0,0.949,0.023,0.656,2.4,0,validation
001324,2,0,0,2,0,1,0,20.002,27.317,4.41,0.011347,0.333,0.0,0.767,0.727,0.251,0.447,1.66,0,test
001325,3,0,1,2,0,0,0,23.92,38.941,3.96,0.008397,0.0,0.0,1.0,0.873,0.057,0.421,1.86,0,train
001326,6,1,0,4,1,0,0,22.211,38.692,0.17,0.007822,0.111,0.0,0.883,0.799,0.155,0.584,2.05,0,train
001327,2,2,0,2,1,0,0,13.166,35.824,3.04,0.032282,0.0,0.0,1.0,0.93,0.031,0.513,1.78,0,train
001328,5,1,2,3,0,1,1,16.369,41.425,2.62,0.011208,0.2,0.12,0.377,0.747,0.457,0.659,2.28,0,train
001329,2,1,0,2,0,0,0,47.431,54.264,1.0,0.024886,0.0,0.0,1.0,0.749,0.113,0.394,1.84,0,train
001330,7,1,1,6,0,3,0,17.24,34.934,3.04,0.014894,0.333,0.0,0.767,0.742,0.244,0.58,2.86,0,validation
001331,3,1,0,3,0,0,0,41.965,54.835,0.65,0.00498,0.111,0.09,0.708,0.694,0.298,0.41,2.94,0,train
001332,5,2,0,5,0,1,0,23.358,37.31,1.36,0.027052,0.2,0.0,0.767,0.71,0.259,0.424,2.05,0,train
001333,7,6,1,6,4,4,0,8.81,18.159,2.55,0.094459,0.381,0.0,0.767,0.787,0.224,0.698,1.97,1,train
001334,5,0,4,0,0,3,0,12.466,17.793,5.94,0.024281,0.6,0.0,0.65,0.684,0.335,0.717,2.33,0,test
001335,2,0,0,2,0,0,0,31.979,35.608,3.65,0.006166,0.0,0.0,1.0,0.831,0.076,0.367,1.71,0,train
001336,8,3,3,5,2,1,2,3.628,22.232,2.6,0.150226,0.167,0.221,0.123,0.814,0.566,0.676,2.31,1,validation
001337,6,6,0,6,5,2,0,7.475,17.144,2.55,0.167055,0.222,0.043,0.682,0.794,0.268,0.577,2.02,1,train
001338,2,0,0,1,0,0,0,19.196,32.427,4.38,0.010311,0.0,0.0,1.0,0.898,0.046,0.452,1.69,0,validation
001339,2,0,0,2,0,0,1,6.475,17.782,3.95,0.094146,0.0,0.4,0.48,0.966,0.301,0.601,1.92,0,train
001340,4,0,3,0,0,0,0,11.337,18.966,5.07,0.019455,0.0,0.0,1.0,0.94,0.027,0.614,2.1,0,train
001341,1,1,0,1,1,0,0,23.734,23.734,0.45,0.006629,0.0,0.0,1.0,0.874,0.057,0.561,1.49,0,train
001342,1,0,0,1,0,0,0,47.011,47.011,25.89,0.006401,0.333,0.0,0.883,0.668,0.214,0.307,0.19,0,test
001343,2,0,0,2,0,1,0,35.007,47.025,3.61,0.004355,0.333,0.0,0.767,0.648,0.287,0.347,1.66,0,train
001344,5,0,0,4,0,4,1,19.141,32.721,10.29,0.050589,0.8,0.104,0.312,0.649,0.537,0.532,1.75,0,train
001345,3,0,1,2,0,2,1,15.105,31.556,6.05,0.193737,0.667,0.21,0.24,0.67,0.566,0.699,2.08,0,train
001346,5,0,0,5,0,2,1,13.727,45.362,3.88,0.011996,0.533,0.186,0.045,0.677,0.67,0.643,2.31,0,train
001347,3,0,0,3,0,0,0,36.497,44.161,4.24,0.003528,0.111,0.0,0.883,0.723,0.189,0.337,1.75,0,train
001348,1,1,1,0,1,0,0,6.915,6.915,1.41,0.040011,0.0,0.0,1.0,0.963,0.016,0.769,3.05,1,train
001349,13,1,0,13,0,4,1,6.046,33.149,0.13,0.136019,0.333,0.068,0.188,0.801,0.536,0.611,1.89,0,validation
001350,2,1,0,2,0,0,0,54.333,59.872,1.2,0.00083,0.0,0.0,1.0,0.712,0.129,0.385,1.58,0,test
001351,6,1,1,5,1,0,1,23.71,52.549,0.08,0.006543,0.111,0.1,0.493,0.791,0.373,0.578,2.23,0,validation
001352,3,1,0,3,0,0,0,24.465,45.156,0.55,0.025617,0.0,0.0,1.0,0.87,0.058,0.417,2.17,0,train
001353,1,1,0,1,0,0,0,62.62,62.62,0.08,0.000862,0.0,0.0,1.0,0.668,0.149,0.436,1.66,0,validation
001354,6,5,6,0,5,1,1,3.578,15.211,0.32,0.124909,0.111,0.103,0.364,0.814,0.434,0.807,2.51,1,train
001355,13,8,12,1,7,2,1,3.595,18.077,0.64,0.126537,0.282,0.062,0.24,0.731,0.539,0.815,2.71,1,train
001356,5,2,0,5,0,0,0,31.635,59.524,0.31,0.015816,0.067,0.068,0.662,0.749,0.299,0.426,2.16,0,test
001357,8,3,8,0,3,2,1,6.506,23.427,0.1,0.048158,0.375,0.091,0.175,0.716,0.581,0.815,2.19,1,validation
001358,6,3,4,2,2,0,0,9.74,19.42,1.42,0.088606,0.056,0.053,0.675,0.865,0.239,0.714,2.07,1,train
001359,3,1,0,3,0,0,0,14.932,63.415,0.25,0.054134,0.111,0.0,0.883,0.838,0.137,0.507,2.17,0,train
001360,7,3,4,3,3,2,0,10.062,22.437,1.8,0.275185,0.286,0.03,0.63,0.78,0.302,0.708,2.83,1,train
001361,4,3,0,4,0,0,0,34.357,44.653,0.25,0.003054,0.167,0.0,0.883,0.735,0.184,0.455,1.71,0,train
001362,1,0,0,1,0,0,0,43.27,43.27,8.28,0.004338,0.333,0.0,0.883,0.688,0.205,0.318,0.27,0,validation
001363,5,2,0,5,1,1,0,23.83,34.337,0.92,0.022857,0.133,0.0,0.767,0.707,0.26,0.539,2.06,0,train
001364,1,0,0,1,0,0,0,38.764,38.764,14.3,0.002329,0.0,0.0,1.0,0.795,0.092,0.322,1.57,0,validation
001365,4,1,0,4,1,1,0,8.072,11.369,2.09,0.104487,0.167,0.0,0.767,0.791,0.223,0.57,1.97,1,train
001366,13,1,9,4,0,0,2,7.658,20.026,0.72,0.059482,0.154,0.124,0.37,0.876,0.402,0.745,2.26,0,train
001367,9,3,0,9,3,2,2,6.582,25.698,1.19,0.17229,0.296,0.142,0.104,0.715,0.621,0.603,2.17,1,validation
001368,15,9,1,14,5,8,2,3.684,24.272,0.64,0.108004,0.444,0.127,0.007,0.73,0.668,0.755,2.69,1,train
001369,7,0,0,7,0,1,1,13.75,34.886,7.64,0.033555,0.19,0.1,0.312,0.761,0.486,0.544,2.29,0,train
001370,15,5,2,13,3,11,1,7.861,24.836,0.07,0.04489,0.6,0.025,0.403,0.708,0.46,0.685,2.37,1,validation
001371,7,6,1,6,3,4,0,8.115,31.134,0.01,0.137812,0.381,0.006,0.741,0.79,0.237,0.562,1.92,1,train
001372,5,3,1,4,1,0,0,10.67,30.973,3.12,0.078368,0.133,0.0,0.883,0.86,0.127,0.66,2.01,1,validation
001373,4,1,0,4,0,0,0,25.796,50.51,0.57,0.006798,0.167,0.0,0.883,0.78,0.163,0.542,1.97,0,test
001374,1,0,1,0,0,0,0,9.667,9.667,4.51,0.025875,0.0,0.0,1.0,0.949,0.023,0.656,2.63,0,test
001375,1,1,0,1,0,0,0,40.485,40.485,2.62,0.002212,0.0,0.0,1.0,0.786,0.096,0.35,1.69,0,validation
001376,7,7,0,6,5,0,2,2.814,18.057,2.12,0.169151,0.143,0.193,0.233,0.902,0.466,0.692,2.51,1,validation
001377,4,4,0,4,2,1,0,8.945,27.655,2.2,0.1163,0.417,0.0,0.65,0.703,0.326,0.569,1.91,1,validation
001378,8,2,1,7,0,2,0,14.057,44.418,1.76,0.047169,0.292,0.0,0.767,0.759,0.237,0.626,2.95,0,validation
001379,1,1,0,1,0,0,0,35.041,35.041,0.25,0.002426,0.0,0.0,1.0,0.814,0.083,0.495,1.58,0,train
001380,7,4,3,4,1,0,0,10.478,28.719,2.6,0.058933,0.048,0.0,0.883,0.861,0.127,0.572,1.9,1,train
001381,2,1,0,1,0,0,0,14.371,23.371,2.79,0.028341,0.0,0.0,1.0,0.924,0.034,0.484,1.81,0,train
001382,2,0,0,2,0,1,0,10.465,21.846,5.74,0.069384,0.333,0.0,0.767,0.778,0.228,0.51,1.62,0,train
001383,12,2,0,12,1,3,1,13.257,30.741,0.35,0.038323,0.25,0.055,0.338,0.763,0.471,0.591,2.29,0,train
001384,2,0,1,1,0,0,1,8.86,11.838,4.47,0.056514,0.167,0.345,0.435,0.87,0.369,0.688,2.58,0,train
001385,1,0,0,1,0,0,0,46.962,46.962,3.65,0.001649,0.0,0.0,1.0,0.751,0.112,0.28,1.65,0,train
001386,2,0,0,2,0,1,1,15.45,16.283,7.73,0.037743,0.5,0.315,0.24,0.668,0.567,0.607,0.63,0,validation
001387,3,1,0,3,0,1,0,39.567,56.492,0.15,0.004903,0.222,0.0,0.767,0.624,0.298,0.433,1.93,0,test
001388,8,1,0,7,1,1,1,10.994,17.911,2.9,0.086239,0.208,0.134,0.202,0.692,0.578,0.581,2.72,0,train
001389,7,2,0,7,1,5,1,13.15,21.785,0.12,0.048204,0.619,0.096,0.332,0.68,0.512,0.612,2.99,0,train
001390,4,1,0,4,0,0,0,25.678,43.188,2.5,0.013347,0.083,0.0,0.883,0.781,0.163,0.409,2.45,0,train
001391,10,1,0,10,0,4,1,9.236,23.19,2.83,0.083847,0.433,0.073,0.292,0.784,0.486,0.603,2.83,0,train
001392,4,0,0,4,0,2,0,11.646,21.173,4.55,0.051928,0.417,0.0,0.767,0.772,0.231,0.502,1.96,0,test
001393,7,3,0,6,3,3,1,5.83,20.179,2.85,0.23898,0.333,0.124,0.338,0.802,0.453,0.613,2.05,1,train
001394,1,1,1,0,1,0,0,8.451,8.451,3.18,0.027089,0.0,0.0,1.0,0.955,0.02,0.678,2.69,1,train
001395,1,1,0,1,0,0,0,37.32,37.32,2.86,0.002648,0.0,0.0,1.0,0.802,0.089,0.36,1.69,0,train
001396,7,3,3,4,1,3,0,23.414,39.658,0.37,0.005582,0.476,0.0,0.65,0.626,0.361,0.565,3.01,0,train
001397,1,1,1,0,1,0,0,7.868,7.868,0.77,0.028162,0.0,0.0,1.0,0.958,0.019,0.792,3.06,1,test
001398,6,1,0,6,0,2,1,7.018,42.124,0.28,0.202129,0.333,0.158,0.033,0.713,0.661,0.689,2.39,0,train
001399,1,0,0,1,0,0,0,50.845,50.845,3.7,0.00137,0.0,0.0,1.0,0.731,0.121,0.28,1.64,0,train
001400,1,0,0,1,0,0,0,33.287,33.287,10.73,0.006028,0.0,0.0,1.0,0.824,0.079,0.358,1.86,0,train
001401,1,0,0,1,0,0,0,78.275,78.275,11.87,0.000526,0.0,0.0,1.0,0.586,0.186,0.28,1.51,0,validation
001402,2,1,0,2,1,0,0,24.439,49.899,0.66,0.005866,0.0,0.0,1.0,0.871,0.058,0.547,1.66,0,train
001403,6,2,0,6,1,1,1,4.101,24.932,2.56,0.093227,0.222,0.167,0.117,0.812,0.571,0.633,2.83,0,train
001404,16,7,6,10,4,2,2,5.071,22.598,0.75,0.088433,0.208,0.114,0.169,0.806,0.544,0.758,2.4,1,train
001405,3,0,3,0,0,0,0,17.495,20.101,5.32,0.00555,0.0,0.0,1.0,0.907,0.042,0.603,3.01,0,train
001406,1,1,1,0,1,0,0,8.401,8.401,0.42,0.03201,0.0,0.0,1.0,0.956,0.02,0.805,0.07,1,test
001407,14,1,1,13,0,3,0,35.616,51.837,3.08,0.00568,0.381,0.0,0.65,0.561,0.39,0.483,3.13,0,test
001408,1,0,0,1,0,0,0,42.053,42.053,3.7,0.002067,0.0,0.0,1.0,0.777,0.1,0.3,1.66,0,train
001409,4,1,3,1,0,0,2,8.964,17.685,2.44,0.025979,0.083,0.345,0.344,0.869,0.42,0.727,1.79,1,train
001410,12,2,0,12,1,6,2,7.613,21.833,3.1,0.081781,0.472,0.154,0.013,0.71,0.673,0.608,2.82,1,train
001411,3,1,0,3,1,1,1,6.792,15.482,1.74,0.120298,0.333,0.237,0.189,0.714,0.575,0.672,2.16,0,train
001412,13,8,1,12,5,3,2,3.474,27.482,0.15,0.125276,0.256,0.152,0.117,0.815,0.569,0.671,2.86,1,train
001413,5,0,0,5,0,1,0,20.888,30.958,4.42,0.017022,0.2,0.0,0.767,0.723,0.253,0.441,2.05,0,train
001414,5,3,0,5,1,0,1,6.768,40.614,0.0,0.143015,0.067,0.086,0.604,0.881,0.272,0.579,2.07,1,train
001415,6,2,0,6,2,0,2,6.43,15.532,3.08,0.160866,0.167,0.202,0.487,0.883,0.335,0.594,2.12,1,train
001416,5,1,0,5,0,3,1,12.733,33.424,1.0,0.06147,0.467,0.086,0.371,0.683,0.489,0.61,3.04,0,validation
001417,10,4,0,10,4,4,3,5.974,21.195,2.83,0.162816,0.467,0.179,0.214,0.718,0.559,0.689,3.13,1,test
001418,3,1,0,3,0,0,0,10.69,40.989,1.07,0.066737,0.111,0.0,0.883,0.86,0.127,0.509,2.95,0,validation
001419,9,5,7,2,3,2,0,5.996,18.644,1.13,0.045346,0.185,0.027,0.702,0.802,0.253,0.777,2.91,1,train
001420,2,0,0,2,0,0,0,58.181,59.4,4.24,0.001255,0.0,0.0,1.0,0.692,0.139,0.28,1.84,0,validation
001421,1,1,1,0,1,0,0,8.613,8.613,0.48,0.01862,0.0,0.0,1.0,0.954,0.021,0.801,3.08,1,train
001422,10,4,9,1,3,1,0,7.808,20.007,0.33,0.030393,0.233,0.0,0.767,0.792,0.222,0.784,2.9,1,train
001423,1,0,1,0,0,0,0,8.633,8.633,3.7,0.03133,0.0,0.0,1.0,0.954,0.021,0.662,0.25,0,train
001424,8,0,1,6,0,0,0,28.98,42.771,5.97,0.01449,0.208,0.0,0.883,0.763,0.171,0.447,2.17,0,train
001425,5,0,3,2,0,1,0,17.636,25.729,7.99,0.049522,0.2,0.0,0.65,0.657,0.347,0.601,2.64,0,train
001426,17,2,3,14,1,14,2,6.83,25.049,0.06,0.097159,0.686,0.096,0.078,0.714,0.636,0.675,2.4,0,train
001427,1,0,0,1,0,0,0,44.319,44.319,16.0,0.002971,0.0,0.0,1.0,0.765,0.106,0.285,1.91,0,train
001428,8,3,8,0,3,2,1,9.624,24.667,0.68,0.013829,0.375,0.115,0.052,0.699,0.657,0.785,2.18,1,train
001429,11,4,0,11,2,6,2,6.832,23.781,0.1,0.145046,0.545,0.11,0.221,0.714,0.557,0.667,2.58,0,validation
001430,3,3,0,3,0,1,0,29.471,47.795,1.2,0.006674,0.222,0.0,0.767,0.677,0.274,0.465,1.44,0,train
001431,1,0,1,0,0,0,0,9.519,9.519,5.47,0.032626,0.0,0.0,1.0,0.95,0.023,0.657,0.65,0,test
001432,2,2,0,1,1,0,1,4.321,16.531,2.53,0.085686,0.0,0.475,0.383,0.977,0.35,0.565,2.22,1,train
001433,6,0,2,4,0,2,1,21.322,32.389,5.15,0.01068,0.278,0.115,0.318,0.72,0.501,0.602,2.73,0,train
001434,4,3,0,4,3,0,0,8.876,14.208,1.34,0.08749,0.167,0.0,0.883,0.87,0.123,0.634,2.79,1,train
001435,6,3,0,6,0,2,1,10.454,30.329,2.53,0.044976,0.389,0.138,0.227,0.778,0.525,0.603,2.43,0,test
001436,4,1,0,4,0,1,0,25.767,47.29,0.6,0.008992,0.25,0.0,0.767,0.697,0.265,0.541,2.0,0,train
001437,1,1,0,1,0,0,0,49.981,49.981,1.76,0.001398,0.0,0.0,1.0,0.735,0.119,0.36,1.67,0,test
001438,8,4,1,7,1,1,2,5.567,36.16,2.7,0.155236,0.292,0.145,0.279,0.804,0.485,0.651,3.09,1,train
001439,4,1,1,3,0,0,0,14.911,40.208,0.33,0.015997,0.0,0.0,1.0,0.921,0.036,0.621,1.96,0,train
001440,1,0,0,1,0,0,0,32.579,32.579,8.39,0.007341,0.333,0.0,0.883,0.744,0.179,0.389,2.9,0,train
001441,1,1,1,0,1,0,0,7.735,7.735,2.25,0.028253,0.0,0.0,1.0,0.959,0.018,0.726,2.85,1,train
001442,5,1,0,5,0,1,0,15.632,44.631,1.11,0.05597,0.267,0.014,0.605,0.667,0.367,0.561,2.11,0,train
001443,5,5,0,5,2,1,0,9.268,29.183,2.59,0.090691,0.2,0.0,0.767,0.784,0.225,0.554,1.84,1,validation
001444,1,1,1,0,1,0,0,8.258,8.258,1.75,0.026144,0.0,0.0,1.0,0.956,0.02,0.745,0.34,1,train
001445,5,0,0,5,0,0,1,5.384,24.193,3.68,0.065203,0.067,0.188,0.272,0.888,0.451,0.619,1.92,0,validation
001446,9,1,0,7,0,2,1,7.279,29.551,0.84,0.277713,0.259,0.091,0.234,0.795,0.514,0.597,1.57,0,train
001447,5,1,0,5,1,0,0,24.849,41.998,0.66,0.019238,0.133,0.0,0.883,0.785,0.161,0.544,2.15,0,train
001448,4,3,0,4,0,0,0,40.392,48.874,0.09,0.004943,0.167,0.0,0.883,0.703,0.198,0.436,2.05,0,test
001449,1,0,1,0,0,0,0,9.744,9.744,3.71,0.019916,0.0,0.0,1.0,0.948,0.023,0.655,2.73,0,train
001450,4,0,1,3,0,3,1,14.986,34.789,6.05,0.165299,0.75,0.247,0.007,0.671,0.695,0.668,2.26,0,test
001451,2,2,0,2,1,0,0,19.187,31.35,2.69,0.017721,0.0,0.0,1.0,0.898,0.046,0.478,1.71,0,test
001452,6,1,0,6,1,0,0,7.031,40.725,0.09,0.099741,0.056,0.0,0.883,0.879,0.118,0.689,2.68,1,train
001453,4,1,0,4,0,0,0,42.57,48.254,3.06,0.00959,0.167,0.0,0.883,0.691,0.203,0.316,2.06,0,train
001454,6,2,6,0,2,0,0,12.776,20.398,1.69,0.015438,0.056,0.0,0.883,0.849,0.132,0.658,1.65,1,test
001455,4,1,1,3,0,0,0,25.09,40.49,0.7,0.005548,0.0,0.0,1.0,0.867,0.06,0.541,1.91,0,validation
001456,4,0,0,4,0,2,0,8.922,18.797,3.74,0.153249,0.417,0.007,0.747,0.786,0.235,0.538,2.04,0,train
001457,16,1,0,16,1,6,1,6.796,34.053,0.31,0.104791,0.375,0.057,0.175,0.797,0.545,0.609,2.51,0,validation
001458,9,5,1,8,4,2,2,6.387,18.391,1.5,0.143999,0.296,0.158,0.299,0.8,0.476,0.76,2.1,1,train
001459,3,1,0,3,0,0,0,15.898,27.308,0.02,0.022183,0.111,0.0,0.883,0.832,0.14,0.521,2.24,0,train
001460,5,1,0,5,1,1,0,13.297,23.451,2.35,0.050748,0.133,0.0,0.767,0.763,0.235,0.526,2.01,0,test
001461,7,0,0,5,0,0,0,29.233,45.98,13.49,0.015732,0.19,0.0,0.883,0.762,0.171,0.412,2.22,0,validation
001462,3,1,0,3,0,0,1,8.695,26.871,1.14,0.129497,0.111,0.17,0.552,0.871,0.305,0.589,1.76,0,train
001463,6,1,0,5,0,1,1,19.461,49.309,0.26,0.017733,0.222,0.105,0.24,0.647,0.577,0.581,2.26,0,validation
001464,21,3,2,19,2,14,3,6.008,22.845,0.48,0.139657,0.603,0.101,0.058,0.718,0.645,0.734,2.29,1,train
001465,8,4,0,6,2,5,0,9.965,22.771,0.18,0.082095,0.542,0.0,0.65,0.697,0.329,0.567,2.85,1,train
001466,5,2,3,2,0,1,0,35.611,48.091,0.25,0.007745,0.2,0.0,0.767,0.645,0.288,0.569,3.12,0,train
001467,6,4,6,0,4,0,0,6.733,10.363,2.85,0.036346,0.056,0.007,0.857,0.881,0.132,0.708,1.97,1,train
001468,18,4,2,16,2,11,1,8.018,23.851,0.54,0.127293,0.5,0.048,0.136,0.708,0.607,0.676,2.33,1,validation
001469,9,1,0,8,1,2,0,9.34,26.84,0.17,0.115763,0.296,0.023,0.63,0.784,0.301,0.604,1.56,0,train
001470,5,1,0,5,0,1,0,26.7,49.852,1.98,0.008821,0.267,0.0,0.767,0.692,0.267,0.429,2.14,0,train
001471,3,1,0,3,0,0,0,35.791,57.453,0.87,0.006137,0.111,0.0,0.883,0.727,0.187,0.462,2.06,0,train
001472,6,3,0,6,1,2,0,18.36,54.314,0.12,0.042698,0.222,0.0,0.767,0.736,0.247,0.612,1.94,0,train
001473,2,0,0,2,0,0,1,28.471,43.51,8.7,0.061903,0.0,0.26,0.662,0.849,0.254,0.432,1.64,0,train
001474,5,5,0,5,2,3,0,16.345,26.291,1.88,0.01676,0.467,0.0,0.767,0.747,0.242,0.513,1.72,1,train
001475,12,5,0,12,3,4,2,2.867,24.48,0.78,0.1353,0.389,0.149,0.0,0.735,0.669,0.682,2.65,1,train
001476,10,5,0,10,4,5,2,4.91,23.798,0.6,0.156819,0.333,0.185,0.149,0.807,0.555,0.652,2.75,1,train
001477,1,0,1,0,0,0,0,9.954,9.954,4.21,0.018792,0.0,0.0,1.0,0.947,0.024,0.654,0.45,0,test
001478,2,1,0,2,1,1,0,17.039,34.257,3.33,0.013996,0.333,0.0,0.767,0.743,0.244,0.474,1.72,0,train
001479,3,3,0,3,1,1,0,23.901,50.827,0.14,0.006433,0.222,0.0,0.767,0.707,0.26,0.547,1.79,0,train
001480,3,1,0,3,0,0,0,26.061,48.215,3.46,0.029206,0.0,0.0,1.0,0.862,0.062,0.408,1.92,0,train
001481,9,1,0,9,0,1,2,10.975,24.67,0.33,0.102278,0.222,0.16,0.169,0.775,0.558,0.576,1.57,0,validation
001482,2,0,0,2,0,0,0,25.871,48.388,6.68,0.01426,0.333,0.0,0.883,0.78,0.163,0.434,2.87,0,train
001483,7,1,0,7,1,2,2,7.011,47.476,0.1,0.099551,0.238,0.197,0.072,0.713,0.64,0.689,2.44,1,train
001484,3,1,0,3,0,0,0,29.898,52.054,0.68,0.003944,0.111,0.0,0.883,0.758,0.173,0.51,2.07,0,validation
001485,4,1,2,2,0,1,0,40.694,50.661,0.25,0.004051,0.333,0.0,0.65,0.535,0.402,0.529,2.07,0,train
001486,5,4,0,5,2,1,0,8.104,22.309,0.38,0.118923,0.133,0.0,0.767,0.79,0.223,0.559,1.84,1,test
001487,3,3,2,1,2,0,0,22.508,27.821,0.9,0.003035,0.0,0.0,1.0,0.881,0.054,0.688,2.11,1,train
001488,2,1,1,1,1,1,0,13.937,15.681,3.26,0.035735,0.333,0.0,0.767,0.76,0.237,0.604,1.82,1,test
001489,3,2,0,2,1,1,1,5.106,24.874,3.21,0.106499,0.333,0.32,0.026,0.723,0.66,0.703,2.28,0,train
001490,6,1,0,6,1,0,1,24.93,40.61,0.7,0.016491,0.111,0.157,0.272,0.785,0.497,0.542,2.37,0,test
001491,6,3,0,6,1,0,0,15.666,33.044,2.36,0.031848,0.167,0.0,0.883,0.834,0.139,0.476,2.48,0,train
001492,2,1,0,2,0,0,0,47.99,49.637,0.02,0.006409,0.0,0.0,1.0,0.746,0.114,0.439,1.91,0,test
001493,6,1,0,6,0,0,1,37.429,46.38,1.02,0.010739,0.167,0.058,0.656,0.719,0.316,0.438,2.19,0,test
001494,12,4,0,11,1,1,1,17.203,26.532,0.25,0.102835,0.167,0.088,0.273,0.742,0.516,0.502,2.25,0,test
001495,6,3,0,6,3,2,2,5.085,15.588,0.44,0.200937,0.444,0.182,0.214,0.723,0.557,0.733,2.03,1,train
001496,9,4,8,1,4,4,2,3.636,19.93,0.85,0.107564,0.519,0.187,0.078,0.731,0.628,0.897,2.2,1,validation
001497,8,3,0,8,3,1,2,6.493,18.873,0.21,0.386912,0.208,0.203,0.117,0.799,0.576,0.668,2.14,1,train
001498,5,2,0,5,0,1,0,25.711,37.983,2.82,0.008804,0.267,0.0,0.767,0.697,0.265,0.418,2.46,0,train
001499,4,1,0,4,0,0,0,33.049,46.933,0.77,0.010253,0.0,0.0,1.0,0.825,0.079,0.484,1.9,0,train
001500,4,4,0,4,2,1,0,7.976,20.442,0.38,0.118444,0.167,0.003,0.76,0.791,0.226,0.573,1.59,1,train
001501,2,1,0,2,0,0,0,51.013,62.147,0.15,0.002287,0.0,0.0,1.0,0.73,0.122,0.433,1.87,0,validation
001502,2,2,1,1,1,1,0,6.177,25.66,2.23,0.082209,0.5,0.045,0.592,0.717,0.352,0.824,1.96,1,train
001503,2,0,0,2,0,0,0,45.204,51.459,5.72,0.003212,0.0,0.0,1.0,0.761,0.108,0.28,2.35,0,test
001504,5,5,5,0,3,0,0,6.548,17.898,2.11,0.03042,0.0,0.002,0.994,0.965,0.019,0.726,2.05,1,train
001505,12,6,0,9,2,3,1,6.541,18.493,1.82,0.139418,0.361,0.091,0.24,0.799,0.508,0.565,2.1,1,train
001506,8,7,0,8,3,2,3,2.69,22.831,0.2,0.158552,0.208,0.241,0.117,0.819,0.567,0.683,2.79,1,train
001507,4,2,0,4,0,1,1,19.909,52.224,0.24,0.020918,0.25,0.175,0.195,0.645,0.603,0.583,2.28,0,train
001508,7,3,0,7,2,1,1,4.84,28.939,0.66,0.146374,0.286,0.123,0.208,0.808,0.522,0.645,2.52,1,train
001509,1,1,1,0,1,0,0,9.618,9.618,1.89,0.011519,0.0,0.0,1.0,0.949,0.023,0.729,2.97,1,train
001510,6,3,0,6,1,0,0,16.726,34.052,2.28,0.026527,0.167,0.0,0.883,0.828,0.142,0.469,2.48,0,train
001511,3,1,0,3,0,0,0,27.298,47.389,0.47,0.016702,0.0,0.0,1.0,0.855,0.065,0.419,2.1,0,test
001512,12,3,0,12,1,4,1,7.927,32.601,0.84,0.15331,0.278,0.057,0.325,0.791,0.465,0.582,2.33,1,validation
001513,9,3,0,8,3,4,2,4.208,16.927,2.67,0.330156,0.37,0.184,0.117,0.811,0.571,0.659,2.69,1,validation
001514,11,2,0,11,1,4,3,7.07,26.069,1.12,0.142242,0.394,0.165,0.202,0.713,0.569,0.638,1.57,1,test
001515,5,1,0,5,0,0,1,30.602,45.425,0.34,0.016719,0.067,0.114,0.513,0.755,0.378,0.499,2.28,0,train
001516,3,1,1,2,1,0,0,9.332,35.184,0.2,0.053802,0.0,0.0,1.0,0.951,0.022,0.669,1.79,1,train
001517,4,1,0,4,0,1,0,47.194,57.868,0.77,0.002331,0.333,0.0,0.767,0.583,0.316,0.405,1.77,0,validation
001518,5,1,0,5,1,0,1,7.648,25.029,0.04,0.189989,0.0,0.2,0.35,0.96,0.376,0.609,1.54,0,validation
001519,1,0,1,0,0,0,0,8.382,8.382,3.86,0.037649,0.0,0.0,1.0,0.956,0.02,0.664,2.68,0,train
001520,5,1,0,5,0,0,0,32.46,42.53,0.04,0.015867,0.267,0.012,0.844,0.745,0.2,0.522,2.24,0,validation
001521,3,0,0,3,0,1,0,9.162,19.799,4.87,0.108149,0.444,0.06,0.533,0.701,0.391,0.613,1.9,0,validation
001522,13,1,0,13,1,9,1,4.951,31.229,3.05,0.148915,0.487,0.093,0.175,0.807,0.54,0.64,2.88,1,train
001523,6,0,2,4,0,0,0,26.302,48.321,3.8,0.005518,0.167,0.0,0.883,0.777,0.164,0.504,3.1,0,train
001524,2,1,0,2,0,0,0,42.372,47.958,1.18,0.004846,0.0,0.0,1.0,0.776,0.101,0.386,1.89,0,train
001525,4,2,3,1,2,1,2,4.266,10.652,2.55,0.090796,0.25,0.277,0.279,0.811,0.482,0.778,2.55,1,train
001526,2,0,0,2,0,1,0,25.477,36.47,4.39,0.012556,0.333,0.0,0.767,0.698,0.264,0.41,3.1,0,validation
001527,3,1,0,3,0,0,0,34.161,55.841,0.88,0.009518,0.222,0.0,0.883,0.736,0.183,0.4,2.67,0,test
001528,5,1,0,5,0,2,0,18.5,49.093,3.14,0.039243,0.467,0.0,0.65,0.652,0.349,0.51,2.07,0,train
001529,11,5,10,1,4,3,1,4.359,19.529,0.36,0.099067,0.273,0.059,0.344,0.81,0.446,0.8,2.94,1,test
001530,9,1,0,9,1,4,0,7.031,36.764,0.09,0.099884,0.333,0.0,0.767,0.796,0.22,0.689,3.04,1,test
001531,4,0,1,3,0,0,1,11.792,16.541,6.2,0.078175,0.333,0.17,0.643,0.854,0.262,0.586,2.7,0,train
001532,3,2,0,3,0,1,0,43.987,52.983,1.55,0.006976,0.222,0.0,0.767,0.6,0.308,0.376,1.62,0,validation
001533,11,1,0,10,1,3,1,6.291,29.325,0.08,0.236038,0.364,0.089,0.026,0.717,0.663,0.615,1.56,0,validation
001534,3,2,0,3,1,0,0,23.924,44.783,0.81,0.006392,0.0,0.0,1.0,0.873,0.057,0.543,1.8,0,train
001535,9,3,0,9,2,5,0,8.413,21.012,2.38,0.144116,0.407,0.028,0.604,0.789,0.313,0.573,1.84,1,train
001536,4,1,0,4,0,0,0,22.225,41.874,0.5,0.017272,0.167,0.0,0.883,0.799,0.155,0.458,1.96,0,test
001537,5,1,0,5,0,0,1,27.367,60.956,2.8,0.009938,0.133,0.092,0.584,0.772,0.331,0.461,2.18,0,test
001538,6,1,0,6,0,1,0,14.799,40.661,2.53,0.027748,0.167,0.0,0.767,0.755,0.239,0.481,2.17,0,validation
001539,6,1,0,6,1,0,0,14.091,33.996,0.17,0.023373,0.056,0.0,0.883,0.842,0.135,0.638,2.61,0,train
001540,2,1,1,1,1,0,1,8.832,11.814,3.18,0.053626,0.0,0.345,0.552,0.953,0.268,0.676,0.85,1,train
001541,6,0,0,6,0,1,0,15.606,39.187,6.96,0.070627,0.167,0.035,0.63,0.751,0.316,0.493,2.2,0,train
001542,4,1,0,4,0,0,0,30.143,40.697,0.14,0.005515,0.25,0.0,0.883,0.757,0.173,0.434,1.91,0,train
001543,3,0,3,0,0,0,0,15.976,18.858,5.36,0.006645,0.0,0.0,1.0,0.915,0.038,0.613,3.05,0,test
001544,1,0,1,0,0,0,0,9.486,9.486,3.59,0.019724,0.0,0.0,1.0,0.95,0.023,0.657,2.76,0,train
001545,8,6,0,8,3,3,1,6.352,28.594,0.31,0.225423,0.292,0.089,0.305,0.8,0.472,0.605,1.95,1,train
001546,2,1,0,2,0,0,0,24.168,45.016,1.79,0.009504,0.0,0.0,1.0,0.872,0.058,0.419,1.87,0,train
001547,1,0,1,0,0,0,0,10.191,10.191,4.8,0.022131,0.333,0.0,0.883,0.863,0.126,0.679,0.47,0,train
001548,1,1,1,0,1,0,0,8.785,8.785,0.3,0.020684,0.0,0.0,1.0,0.953,0.021,0.808,3.12,1,train
001549,4,2,3,1,1,1,0,9.044,15.454,2.49,0.026429,0.167,0.0,0.767,0.785,0.225,0.702,2.89,1,train
001550,8,1,0,8,1,4,1,6.43,27.603,3.31,0.144889,0.333,0.135,0.279,0.799,0.487,0.597,2.3,0,train
001551,5,2,0,5,0,1,0,11.889,23.965,3.42,0.048894,0.267,0.0,0.767,0.77,0.232,0.501,2.0,0,validation
001552,8,8,0,7,6,2,0,9.905,23.982,2.25,0.075414,0.25,0.0,0.767,0.781,0.227,0.569,1.82,1,train
001553,4,0,0,4,0,1,2,8.558,16.285,4.61,0.151393,0.417,0.225,0.345,0.705,0.493,0.6,2.47,0,test
001554,1,1,0,1,0,0,0,41.51,41.51,0.15,0.001687,0.0,0.0,1.0,0.78,0.099,0.456,1.53,0,train
001555,4,1,0,4,1,0,1,6.957,20.65,0.86,0.116256,0.0,0.185,0.519,0.963,0.281,0.593,2.09,0,train
001556,3,1,0,3,0,0,0,34.111,44.514,0.87,0.004601,0.0,0.0,1.0,0.819,0.081,0.473,1.57,0,test
001557,8,7,1,7,4,4,2,3.945,16.03,2.51,0.145607,0.375,0.244,0.136,0.812,0.56,0.715,2.25,1,train
001558,3,3,3,0,3,0,0,8.559,9.135,0.71,0.021214,0.0,0.0,1.0,0.955,0.02,0.79,1.29,1,train
001559,6,1,0,6,0,0,1,35.193,43.146,0.19,0.010484,0.167,0.102,0.487,0.73,0.404,0.473,2.2,0,train
001560,8,2,0,8,2,2,2,4.277,17.536,3.12,0.075999,0.25,0.247,0.117,0.811,0.571,0.631,2.45,1,train
001561,2,0,0,2,0,0,0,37.942,50.02,4.28,0.002838,0.0,0.0,1.0,0.799,0.09,0.327,1.69,0,train
001562,5,5,0,5,3,0,0,6.699,25.421,2.45,0.154158,0.133,0.064,0.675,0.881,0.232,0.598,1.96,1,train
001563,3,0,0,3,0,0,0,22.442,28.434,11.02,0.017868,0.222,0.0,0.883,0.798,0.155,0.43,2.0,0,train
001564,13,4,0,13,1,3,0,11.141,35.314,0.45,0.054322,0.256,0.013,0.656,0.774,0.291,0.506,1.77,0,train
001565,8,1,0,7,0,2,1,13.795,30.963,1.1,0.070162,0.292,0.08,0.383,0.677,0.484,0.571,1.57,0,train
001566,3,2,1,2,0,0,0,19.439,27.988,1.9,0.036078,0.111,0.0,0.883,0.814,0.148,0.545,3.02,0,validation
001567,2,2,0,2,1,0,0,16.453,39.741,0.19,0.019916,0.0,0.0,1.0,0.913,0.039,0.478,1.77,0,train
001568,2,1,1,1,1,0,1,8.821,11.805,3.07,0.053705,0.0,0.345,0.552,0.953,0.268,0.681,0.85,1,test
001569,4,1,0,4,0,0,0,33.195,47.147,2.33,0.009518,0.0,0.0,1.0,0.824,0.079,0.359,2.12,0,validation
001570,6,3,4,2,2,0,1,8.581,18.043,1.36,0.088807,0.056,0.097,0.506,0.871,0.329,0.715,2.17,1,train
001571,1,0,1,0,0,0,0,8.797,8.797,4.2,0.021584,0.333,0.0,0.883,0.87,0.123,0.688,2.69,0,train
001572,5,3,5,0,3,0,1,10.588,18.423,2.78,0.006434,0.0,0.168,0.454,0.944,0.326,0.717,1.65,1,test
001573,8,4,0,8,4,2,2,5.7,19.47,3.22,0.148124,0.25,0.204,0.195,0.803,0.532,0.612,2.18,1,train
001574,1,1,1,0,1,0,0,7.321,7.321,0.77,0.035808,0.0,0.0,1.0,0.961,0.017,0.796,0.01,1,validation
001575,2,0,0,2,0,0,0,32.317,39.592,4.37,0.003555,0.167,0.0,0.883,0.746,0.179,0.365,1.58,0,train
001576,9,1,0,9,0,1,0,12.56,28.4,1.24,0.057091,0.259,0.016,0.676,0.767,0.283,0.518,1.57,0,train
001577,4,0,0,3,0,0,0,54.026,58.759,7.78,0.00334,0.25,0.0,0.883,0.631,0.23,0.307,2.95,0,train
001578,4,1,0,4,0,2,0,10.453,27.326,1.16,0.080627,0.417,0.0,0.767,0.778,0.228,0.564,2.95,0,validation
001579,4,0,0,3,0,0,1,6.604,16.252,3.7,0.199069,0.25,0.185,0.402,0.882,0.382,0.595,2.06,0,train
001580,14,6,1,13,3,9,1,7.769,23.998,0.09,0.071275,0.548,0.063,0.078,0.709,0.638,0.679,2.21,1,train
001581,1,0,0,1,0,0,0,17.753,17.753,9.85,0.044744,0.0,0.02,0.987,0.906,0.049,0.463,2.11,0,train
001582,6,6,0,6,4,3,0,8.437,21.321,2.06,0.129095,0.444,0.0,0.65,0.705,0.325,0.627,1.89,1,train
001583,15,5,0,15,3,13,2,8.806,20.784,2.57,0.108575,0.644,0.077,0.13,0.703,0.612,0.665,2.95,1,test
001584,4,1,0,4,1,0,0,6.572,16.492,2.66,0.168909,0.083,0.077,0.682,0.882,0.228,0.599,2.02,1,test
001585,7,7,0,6,4,2,0,14.475,29.949,2.36,0.027078,0.286,0.0,0.767,0.757,0.238,0.535,1.74,1,train
001586,5,2,0,4,1,0,0,6.854,26.829,0.73,0.053517,0.067,0.056,0.701,0.88,0.218,0.537,1.83,0,test
001587,1,0,0,1,0,0,0,45.359,45.359,17.54,0.004982,0.333,0.0,0.883,0.677,0.21,0.307,0.17,0,validation
001588,4,0,1,3,0,1,1,24.529,45.088,15.75,0.006886,0.417,0.185,0.169,0.62,0.628,0.556,2.3,0,validation
001589,6,2,5,1,1,1,1,5.392,19.755,3.09,0.06221,0.167,0.185,0.169,0.721,0.582,0.768,2.67,1,validation
001590,6,3,0,6,2,1,1,5.513,20.061,2.59,0.133156,0.167,0.137,0.234,0.804,0.51,0.624,2.08,1,train
001591,8,8,0,8,6,4,0,8.472,20.838,2.35,0.117763,0.375,0.015,0.695,0.788,0.263,0.576,1.89,1,train
001592,11,5,4,7,3,1,1,3.805,25.283,0.68,0.106501,0.182,0.091,0.117,0.813,0.57,0.657,1.88,1,train
001593,7,7,0,7,5,0,2,4.187,19.577,0.99,0.128503,0.143,0.269,0.266,0.894,0.451,0.664,2.31,1,train
001594,5,5,0,5,2,2,1,4.62,24.992,3.05,0.112416,0.267,0.19,0.149,0.809,0.554,0.646,2.24,1,validation
001595,7,3,0,7,1,2,1,14.129,48.216,0.68,0.035189,0.238,0.107,0.279,0.759,0.505,0.574,2.55,0,train
001596,14,5,0,14,3,8,2,5.228,27.831,3.03,0.125448,0.429,0.103,0.214,0.806,0.52,0.63,3.14,1,test
001597,5,3,0,5,1,0,1,3.204,30.227,0.73,0.095353,0.067,0.2,0.233,0.9,0.467,0.673,2.04,1,train
001598,1,0,0,1,0,0,0,54.767,54.767,5.09,0.001251,0.0,0.0,1.0,0.71,0.13,0.28,1.66,0,train
001599,2,2,0,1,1,0,0,17.565,26.64,2.87,0.01142,0.0,0.0,1.0,0.907,0.042,0.394,1.84,0,train
001600,4,1,1,3,1,0,1,4.605,29.773,3.16,0.109474,0.083,0.24,0.259,0.892,0.456,0.642,1.82,1,test
001601,3,1,0,2,0,0,0,12.094,35.798,3.46,0.045431,0.0,0.0,1.0,0.936,0.029,0.499,1.76,0,train
001602,8,1,0,8,1,0,0,10.904,31.044,0.31,0.099902,0.083,0.019,0.786,0.859,0.181,0.653,2.88,1,train
001603,12,1,0,11,1,3,0,12.235,34.725,1.29,0.064774,0.278,0.017,0.637,0.769,0.304,0.541,1.65,0,train
001604,6,1,0,6,0,2,0,29.7,34.252,0.11,0.006279,0.278,0.0,0.767,0.676,0.274,0.537,1.97,0,test
001605,3,2,1,2,2,0,1,6.204,19.301,1.32,0.171658,0.0,0.14,0.727,0.967,0.165,0.62,1.95,1,test
001606,7,5,0,7,2,4,1,4.557,25.507,0.38,0.128506,0.571,0.134,0.039,0.726,0.652,0.734,2.86,1,train
001607,6,1,0,6,1,0,1,24.487,41.172,0.57,0.011274,0.167,0.142,0.331,0.787,0.464,0.551,2.32,0,test
001608,8,4,3,5,1,4,0,19.7,32.031,0.19,0.011704,0.458,0.0,0.65,0.646,0.352,0.584,2.99,1,validation
001609,1,1,1,0,1,0,0,7.323,7.323,0.69,0.039224,0.0,0.0,1.0,0.961,0.017,0.8,0.03,1,train
001610,10,6,2,8,2,0,1,6.512,37.249,2.13,0.181036,0.1,0.036,0.649,0.882,0.246,0.596,2.03,1,train
001611,14,4,13,0,1,1,0,8.815,24.756,0.25,0.046887,0.167,0.0,0.767,0.787,0.224,0.756,2.91,1,train
001612,16,1,0,16,0,6,0,11.782,39.267,0.21,0.060372,0.375,0.0,0.767,0.771,0.231,0.558,1.9,0,train
001613,3,0,0,3,0,1,0,61.503,65.797,14.11,0.009152,0.444,0.0,0.65,0.424,0.452,0.36,1.9,0,train
001614,11,2,0,8,2,3,0,12.801,23.579,1.34,0.076198,0.333,0.018,0.65,0.766,0.298,0.599,2.45,0,train
001615,2,2,0,2,1,0,0,20.97,33.152,2.75,0.014211,0.0,0.0,1.0,0.889,0.05,0.465,1.7,0,validation
001616,10,2,0,10,1,4,1,8.804,28.29,0.81,0.132336,0.367,0.077,0.273,0.787,0.496,0.542,1.56,1,train
001617,2,1,0,2,0,0,0,43.595,58.348,0.03,0.003552,0.0,0.0,1.0,0.769,0.104,0.439,1.92,0,validation
001618,11,4,1,10,2,3,1,4.698,21.542,1.15,0.088906,0.303,0.09,0.123,0.808,0.568,0.674,2.47,1,test
001619,1,1,0,1,1,0,0,10.916,10.916,2.84,0.053729,0.0,0.0,1.0,0.942,0.026,0.537,1.83,1,train
001620,2,0,0,2,0,0,0,19.595,36.457,7.84,0.032334,0.167,0.0,0.883,0.813,0.148,0.449,3.0,0,train
001621,3,0,0,3,0,0,1,17.125,22.885,10.67,0.044191,0.111,0.143,0.604,0.826,0.296,0.5,2.27,0,train
001622,3,0,2,0,0,0,0,13.953,19.364,5.12,0.010135,0.0,0.0,1.0,0.926,0.033,0.596,2.05,0,train
001623,3,1,0,3,0,0,0,41.741,50.122,0.24,0.0088,0.0,0.0,1.0,0.779,0.099,0.451,1.91,0,train
001624,8,2,7,1,1,0,0,8.622,17.466,2.14,0.044694,0.125,0.0,0.883,0.871,0.122,0.671,2.88,1,test
001625,11,2,0,11,1,5,1,8.09,27.18,0.34,0.146948,0.424,0.046,0.39,0.707,0.467,0.569,1.57,0,train
001626,2,0,0,2,0,0,1,8.426,28.255,3.86,0.34094,0.167,0.385,0.383,0.872,0.397,0.585,3.02,0,validation
001627,3,1,1,2,1,0,0,9.402,30.7,0.2,0.052814,0.0,0.0,1.0,0.95,0.022,0.668,1.93,1,validation
001628,2,1,0,2,1,0,1,6.083,14.487,0.07,0.07374,0.0,0.5,0.35,0.968,0.372,0.619,1.52,0,train
001629,3,2,1,2,2,0,0,13.12,14.626,0.04,0.157875,0.222,0.0,0.883,0.847,0.133,0.801,2.22,1,train
001630,9,3,0,9,1,7,1,7.689,23.291,0.08,0.164325,0.667,0.089,0.338,0.709,0.495,0.647,2.26,0,validation
001631,4,0,0,4,0,3,0,10.765,23.455,3.67,0.053334,0.5,0.0,0.767,0.776,0.229,0.527,1.87,0,train
001632,1,1,1,0,1,0,0,7.363,7.363,0.43,0.033439,0.0,0.0,1.0,0.961,0.018,0.811,0.05,1,validation
001633,5,0,0,5,0,3,1,13.099,20.599,4.57,0.052763,0.467,0.138,0.286,0.681,0.536,0.566,2.76,0,train
001634,10,2,0,10,1,4,2,3.927,33.075,2.83,0.100466,0.4,0.17,0.13,0.813,0.563,0.661,2.27,1,validation
001635,1,1,0,1,0,0,0,59.452,59.452,0.5,0.000961,0.0,0.0,1.0,0.685,0.142,0.417,1.66,0,train
001636,4,1,2,2,0,0,0,16.821,36.708,2.37,0.022459,0.083,0.0,0.883,0.828,0.142,0.608,3.04,0,train
001637,3,1,0,3,1,1,2,12.3,17.554,0.14,0.041124,0.333,0.36,0.182,0.685,0.592,0.592,2.28,0,train
001638,13,1,0,10,1,4,1,14.257,25.065,1.68,0.039134,0.308,0.062,0.24,0.758,0.527,0.558,2.42,0,train
001639,2,0,0,2,0,0,0,40.825,41.974,6.4,0.004043,0.167,0.0,0.883,0.701,0.199,0.319,2.44,0,train
001640,10,2,8,2,1,1,0,20.17,28.542,2.59,0.011065,0.1,0.0,0.767,0.727,0.251,0.592,3.13,1,train
001641,1,1,0,1,0,0,0,55.1,55.1,2.35,0.001098,0.0,0.0,1.0,0.708,0.131,0.333,1.66,0,train
001642,1,0,0,1,0,0,0,40.929,40.929,8.34,0.004896,0.333,0.0,0.883,0.7,0.199,0.334,0.28,0,train
001643,15,4,1,14,2,11,1,10.016,26.646,2.5,0.094838,0.511,0.025,0.409,0.697,0.461,0.62,3.0,1,validation
001644,10,1,8,2,0,1,0,10.595,22.164,1.37,0.041779,0.133,0.0,0.767,0.777,0.229,0.659,2.89,1,train
001645,4,2,0,4,2,1,1,7.632,18.249,2.17,0.147522,0.167,0.087,0.539,0.793,0.347,0.557,2.0,0,train
001646,8,1,0,8,0,4,0,22.11,33.389,0.18,0.016472,0.375,0.0,0.767,0.716,0.256,0.53,2.1,0,train
001647,3,1,0,3,0,1,0,12.947,31.758,2.97,0.044112,0.333,0.0,0.65,0.681,0.336,0.494,2.03,0,train
001648,15,5,11,4,4,1,1,7.359,20.086,0.72,0.0526,0.2,0.037,0.474,0.794,0.382,0.76,2.27,1,validation
001649,8,0,0,8,0,5,2,8.569,19.433,4.49,0.078234,0.583,0.204,0.085,0.705,0.636,0.622,2.76,0,train
001650,2,2,0,1,1,0,0,10.48,23.227,3.26,0.044389,0.0,0.0,1.0,0.945,0.025,0.441,1.78,0,train
001651,5,1,0,5,1,1,1,4.774,39.798,3.44,0.090173,0.333,0.194,0.02,0.725,0.663,0.709,2.98,1,train
001652,3,1,0,3,0,1,0,35.201,50.307,0.83,0.005716,0.222,0.0,0.767,0.647,0.287,0.447,1.51,0,train
001653,1,0,0,1,0,0,0,40.193,40.193,6.02,0.001948,0.0,0.0,1.0,0.787,0.096,0.312,1.61,0,train
001654,1,1,1,0,1,0,0,8.712,8.712,0.85,0.01941,0.0,0.0,1.0,0.954,0.021,0.783,1.48,1,test
001655,4,3,3,1,3,0,0,16.226,18.703,0.92,0.018304,0.0,0.0,1.0,0.914,0.039,0.73,1.76,1,train
001656,3,3,0,3,3,0,1,4.124,9.628,0.09,0.143979,0.111,0.313,0.272,0.895,0.448,0.673,2.21,1,train
001657,3,3,0,2,1,0,1,3.497,26.05,2.72,0.067505,0.0,0.333,0.35,0.981,0.366,0.659,2.55,1,train
001658,4,1,0,4,0,0,1,13.242,36.986,0.66,0.027622,0.25,0.198,0.37,0.847,0.416,0.582,2.26,0,test
001659,9,2,0,9,2,2,0,7.031,36.098,0.09,0.099894,0.222,0.0,0.767,0.796,0.22,0.689,3.02,1,validation
001660,2,0,0,2,0,0,0,36.573,40.412,16.22,0.010282,0.0,0.0,1.0,0.806,0.087,0.336,2.13,0,train
001661,3,0,3,0,0,0,0,15.09,21.385,5.35,0.008238,0.333,0.0,0.883,0.837,0.138,0.646,1.81,0,train
001662,7,2,1,6,0,0,2,6.337,24.667,0.42,0.209894,0.143,0.186,0.409,0.883,0.378,0.643,2.23,0,validation
001663,7,1,0,7,0,2,1,15.105,32.833,0.1,0.007055,0.286,0.134,0.156,0.753,0.575,0.555,2.31,0,validation
001664,5,0,0,4,0,2,1,5.21,17.093,3.51,0.117368,0.4,0.188,0.156,0.806,0.552,0.62,2.25,0,train
001665,4,2,1,3,2,0,1,7.705,19.044,0.04,0.144676,0.167,0.102,0.617,0.876,0.267,0.757,2.21,1,train
001666,4,2,0,4,1,0,0,7.503,31.327,1.97,0.147693,0.083,0.048,0.76,0.877,0.187,0.582,2.84,1,train
001667,7,7,6,1,5,6,1,4.544,17.452,2.29,0.055487,0.667,0.123,0.292,0.726,0.512,0.854,2.47,1,train
001668,4,4,0,4,1,1,0,24.597,36.213,0.87,0.00642,0.25,0.0,0.767,0.703,0.262,0.471,1.55,0,train
001669,2,2,0,2,1,0,1,4.594,18.537,3.01,0.122149,0.0,0.48,0.376,0.976,0.354,0.649,2.25,1,train
001670,6,1,0,5,0,4,2,16.185,35.903,1.32,0.036677,0.722,0.175,0.299,0.664,0.537,0.536,2.9,0,test
001671,5,2,0,4,1,1,0,18.167,45.679,0.44,0.023173,0.2,0.0,0.767,0.737,0.247,0.565,1.92,0,validation
001672,15,2,11,4,1,2,0,9.361,21.304,0.46,0.027702,0.2,0.007,0.702,0.784,0.261,0.779,2.29,1,train
001673,10,0,0,10,0,6,2,8.882,20.028,4.64,0.095693,0.533,0.141,0.149,0.703,0.601,0.614,2.87,0,validation
001674,17,2,1,16,1,11,2,8.972,23.668,0.36,0.128269,0.588,0.073,0.149,0.703,0.602,0.611,2.32,0,train
001675,2,1,0,2,0,0,0,36.299,54.599,0.05,0.00618,0.0,0.0,1.0,0.808,0.086,0.438,2.0,0,validation
001676,11,3,1,10,2,1,2,4.247,22.399,1.5,0.150251,0.242,0.157,0.0,0.728,0.673,0.746,2.55,0,train
001677,4,0,1,3,0,0,0,16.394,38.802,6.02,0.047517,0.083,0.003,0.877,0.83,0.144,0.517,2.16,0,train
001678,3,1,0,3,0,0,1,28.19,34.803,0.16,0.022374,0.111,0.18,0.532,0.767,0.362,0.545,2.28,0,test
001679,6,4,0,6,3,1,1,8.418,20.038,0.68,0.102414,0.111,0.155,0.162,0.789,0.556,0.589,2.4,1,train
001680,4,3,0,3,2,0,0,6.528,23.835,1.84,0.098961,0.0,0.075,0.805,0.965,0.123,0.498,1.94,0,train
001681,13,1,0,13,0,2,1,7.16,36.896,0.11,0.136105,0.282,0.036,0.461,0.795,0.388,0.57,1.93,0,validation
001682,6,2,2,4,2,2,1,4.173,14.666,2.9,0.121527,0.389,0.2,0.143,0.811,0.556,0.683,2.73,1,train
001683,8,3,0,8,2,4,1,6.516,23.564,2.6,0.162087,0.375,0.055,0.481,0.799,0.376,0.595,2.89,1,train
001684,3,1,0,3,0,0,0,37.084,57.476,0.87,0.007001,0.222,0.0,0.883,0.72,0.19,0.4,2.64,0,train
001685,8,0,0,7,0,5,1,20.328,34.954,5.59,0.019904,0.5,0.08,0.305,0.642,0.543,0.494,2.74,0,train
001686,4,3,0,4,1,0,0,19.284,40.06,0.09,0.011276,0.0,0.0,1.0,0.898,0.046,0.528,1.93,0,train
001687,7,0,0,6,0,4,2,11.683,29.731,5.82,0.074203,0.476,0.187,0.24,0.688,0.558,0.619,2.75,0,validation
001688,5,1,0,5,0,0,0,17.321,35.379,0.11,0.020652,0.067,0.0,0.883,0.825,0.143,0.512,2.05,0,test
001689,1,1,1,0,1,0,0,9.114,9.114,1.37,0.022286,0.0,0.0,1.0,0.952,0.022,0.757,3.06,1,train
001690,15,1,0,15,0,5,1,7.716,35.228,0.24,0.123941,0.356,0.079,0.175,0.792,0.547,0.554,2.35,0,test
001691,5,2,0,4,1,1,0,9.463,23.466,0.99,0.094853,0.2,0.0,0.767,0.783,0.226,0.527,1.91,1,test
001692,9,3,9,0,3,3,0,8.687,20.385,1.09,0.02076,0.333,0.0,0.767,0.787,0.224,0.686,2.7,1,train
001693,14,5,10,3,4,3,0,7.922,16.335,0.92,0.027874,0.214,0.0,0.767,0.791,0.222,0.752,2.99,1,train
001694,2,1,0,1,0,0,0,25.501,34.662,3.13,0.006627,0.0,0.0,1.0,0.865,0.061,0.41,1.69,0,train
001695,5,3,0,5,0,1,0,15.892,27.549,1.9,0.020862,0.267,0.0,0.767,0.749,0.241,0.501,1.9,0,train
001696,3,1,1,2,1,0,0,19.637,41.459,0.53,0.009405,0.0,0.0,1.0,0.896,0.047,0.585,1.9,0,train
001697,12,1,0,11,1,1,1,14.896,36.71,1.87,0.053279,0.25,0.046,0.351,0.671,0.505,0.57,1.6,0,train
001698,2,0,0,2,0,0,0,26.721,38.459,4.0,0.006424,0.0,0.0,1.0,0.859,0.064,0.402,1.73,0,test
001699,5,0,0,5,0,3,0,15.301,23.064,5.68,0.057304,0.4,0.04,0.637,0.752,0.311,0.514,2.83,0,train
001700,5,3,4,1,2,0,0,13.19,21.623,1.49,0.051042,0.0,0.0,1.0,0.93,0.031,0.716,1.91,1,train
001701,9,4,0,9,2,4,0,9.771,29.095,0.14,0.087454,0.407,0.016,0.559,0.698,0.378,0.598,2.9,1,validation
001702,2,1,1,1,1,0,0,7.632,14.649,2.29,0.11337,0.0,0.07,0.909,0.96,0.068,0.596,1.88,1,train
001703,2,1,0,2,0,0,0,37.762,48.148,3.38,0.002521,0.0,0.0,1.0,0.8,0.09,0.334,1.54,0,train
001704,2,1,0,2,0,1,0,27.192,50.03,2.0,0.017667,0.5,0.0,0.65,0.606,0.37,0.479,1.82,0,train
001705,10,1,0,9,0,2,1,9.114,28.191,0.62,0.116183,0.3,0.038,0.52,0.785,0.361,0.55,1.57,0,validation
001706,4,0,1,3,0,0,0,12.172,28.766,3.94,0.015308,0.083,0.0,0.883,0.852,0.131,0.639,1.97,0,test
001707,3,1,1,2,0,0,0,18.427,28.074,0.18,0.016356,0.111,0.0,0.883,0.819,0.146,0.624,1.95,0,train
001708,5,2,0,5,0,0,0,17.839,47.285,0.01,0.014512,0.0,0.0,1.0,0.906,0.042,0.537,1.87,0,train
001709,8,3,0,7,2,4,1,6.5,19.701,2.77,0.175176,0.333,0.064,0.461,0.799,0.387,0.608,2.95,1,train
001710,7,4,0,7,3,1,0,9.506,20.504,2.28,0.096101,0.286,0.0,0.767,0.783,0.226,0.539,2.01,1,validation
001711,5,0,0,4,0,0,0,44.539,51.841,4.54,0.005192,0.2,0.0,0.883,0.681,0.208,0.307,3.08,0,train
001712,5,1,1,4,0,0,1,15.413,42.911,0.35,0.16432,0.2,0.188,0.272,0.835,0.474,0.632,3.0,0,train
001713,4,1,2,2,0,2,0,8.931,20.512,1.01,0.02018,0.417,0.0,0.767,0.786,0.225,0.714,2.04,0,test
001714,13,2,11,2,2,4,1,9.738,20.417,0.31,0.079198,0.308,0.059,0.331,0.782,0.466,0.759,2.92,1,train
001715,1,0,0,1,0,0,0,49.426,49.426,3.66,0.001438,0.0,0.0,1.0,0.738,0.118,0.28,1.65,0,train
001716,18,6,14,4,4,0,1,8.197,21.612,0.19,0.01409,0.111,0.056,0.292,0.873,0.447,0.791,2.28,1,validation
001717,3,1,1,2,0,1,0,47.147,60.27,0.52,0.00213,0.333,0.0,0.65,0.5,0.417,0.5,1.83,0,validation
001718,7,3,0,7,2,1,1,6.876,28.573,0.31,0.28922,0.238,0.063,0.364,0.714,0.479,0.636,2.87,1,validation
001719,2,1,0,2,0,0,0,46.884,59.328,1.16,0.013464,0.0,0.0,1.0,0.752,0.112,0.387,1.79,0,train
001720,5,0,1,4,0,0,1,14.081,34.974,6.52,0.036571,0.067,0.13,0.461,0.842,0.368,0.538,2.27,0,train
001721,11,6,2,8,3,0,1,7.517,28.586,0.82,0.343839,0.152,0.047,0.545,0.877,0.305,0.596,1.96,1,train
001722,3,2,0,3,1,1,0,20.488,25.473,1.08,0.020707,0.444,0.0,0.767,0.725,0.252,0.581,2.58,0,validation
001723,11,3,0,11,1,2,1,5.686,25.951,2.91,0.089198,0.303,0.088,0.136,0.803,0.564,0.62,2.35,0,validation
001724,2,1,0,1,0,0,0,9.392,18.347,2.12,0.059837,0.0,0.0,1.0,0.95,0.022,0.461,2.02,0,train
001725,10,5,9,0,2,2,0,12.585,25.733,0.65,0.012299,0.267,0.0,0.767,0.767,0.233,0.757,2.79,1,train
001726,3,1,0,3,0,0,0,17.786,65.627,0.21,0.027729,0.111,0.0,0.883,0.823,0.144,0.488,2.06,0,train
001727,3,0,1,2,0,2,0,29.167,32.966,6.11,0.027955,0.667,0.0,0.65,0.596,0.374,0.606,2.02,0,train
001728,2,0,0,2,0,0,0,19.996,21.819,5.72,0.026355,0.333,0.0,0.883,0.811,0.149,0.473,2.08,0,train
001729,2,1,0,2,1,0,1,4.489,15.574,3.34,0.075029,0.0,0.495,0.357,0.976,0.365,0.637,2.2,1,test
001730,2,0,0,2,0,0,0,38.344,56.734,3.54,0.002722,0.0,0.0,1.0,0.797,0.091,0.324,1.68,0,validation
001731,7,1,0,7,1,3,1,5.618,27.255,3.11,0.090572,0.333,0.131,0.169,0.804,0.546,0.616,2.33,1,train
001732,1,0,0,1,0,0,0,41.871,41.871,3.89,0.004533,0.333,0.0,0.883,0.695,0.201,0.328,0.16,0,train
001733,8,4,2,6,2,0,0,12.374,38.134,2.24,0.037254,0.125,0.0,0.883,0.851,0.131,0.535,1.82,0,test
001734,9,2,0,9,2,4,1,4.079,28.308,3.2,0.12296,0.296,0.11,0.123,0.812,0.567,0.646,2.45,1,test
001735,6,1,0,6,0,0,1,35.765,46.109,1.99,0.012655,0.222,0.127,0.389,0.727,0.459,0.411,2.24,0,train
001736,5,2,0,4,1,1,1,5.503,17.066,2.25,0.106472,0.2,0.182,0.175,0.804,0.542,0.616,2.21,0,train
001737,4,2,0,4,1,2,0,16.06,45.161,0.03,0.016523,0.417,0.0,0.65,0.665,0.343,0.632,1.99,0,train
001738,6,1,1,5,1,0,0,20.212,33.586,0.27,0.132363,0.0,0.0,1.0,0.893,0.048,0.593,2.15,0,train
001739,2,1,0,2,0,0,0,39.668,52.457,3.18,0.002312,0.167,0.0,0.883,0.707,0.196,0.33,1.54,0,validation
001740,6,2,0,6,1,0,2,5.373,23.849,1.28,0.152624,0.111,0.293,0.233,0.888,0.472,0.624,2.54,1,train
001741,13,4,0,12,1,3,0,9.541,33.513,0.32,0.113847,0.308,0.013,0.539,0.699,0.389,0.572,1.86,1,train
001742,7,1,0,7,1,0,1,5.687,21.867,0.15,0.072412,0.143,0.15,0.24,0.887,0.469,0.621,1.57,0,train
001743,11,3,0,11,1,2,1,6.834,27.318,2.94,0.12016,0.303,0.075,0.234,0.797,0.513,0.6,2.21,0,train
001744,4,3,0,4,1,0,0,21.868,41.665,0.08,0.00832,0.0,0.0,1.0,0.884,0.052,0.529,1.92,0,train
001745,9,1,0,9,0,4,1,6.114,23.339,2.97,0.108297,0.407,0.094,0.214,0.801,0.522,0.634,2.21,0,train
001746,8,0,0,8,0,5,3,7.784,17.987,4.43,0.134858,0.5,0.196,0.195,0.709,0.574,0.601,2.95,0,validation
001747,10,5,0,9,3,7,1,4.669,23.993,0.59,0.111391,0.633,0.116,0.02,0.725,0.663,0.721,2.59,1,train
001748,4,3,3,1,3,0,0,16.082,17.366,0.8,0.021185,0.0,0.0,1.0,0.915,0.038,0.734,1.77,1,train
001749,1,1,0,1,0,0,0,40.825,40.825,1.11,0.004673,0.333,0.0,0.883,0.701,0.199,0.444,0.15,0,test
001750,8,0,1,6,0,3,1,23.186,37.708,5.94,0.021131,0.458,0.098,0.371,0.627,0.514,0.517,2.23,0,train
001751,4,1,0,4,0,0,0,15.13,27.822,0.86,0.057002,0.25,0.0,0.883,0.837,0.138,0.506,2.12,0,test
001752,2,1,0,2,0,1,0,66.117,69.854,0.47,0.001896,0.5,0.0,0.65,0.4,0.463,0.419,1.84,0,test
001753,7,1,0,7,1,2,0,7.021,38.152,0.09,0.100101,0.238,0.0,0.767,0.796,0.22,0.689,2.85,1,test
001754,5,0,0,5,0,2,1,6.953,16.195,4.57,0.108201,0.467,0.184,0.13,0.713,0.608,0.598,2.57,0,train
001755,5,3,1,4,1,0,0,24.811,34.804,1.02,0.010852,0.133,0.0,0.883,0.785,0.161,0.579,2.43,1,validation
001756,2,1,0,2,0,0,0,20.539,37.758,3.42,0.012049,0.0,0.0,1.0,0.891,0.049,0.443,1.77,0,train
001757,3,1,0,3,0,0,0,26.956,37.779,0.02,0.019676,0.111,0.0,0.883,0.774,0.166,0.456,2.15,0,train
001758,1,0,1,0,0,0,0,8.562,8.562,4.29,0.03759,0.0,0.0,1.0,0.955,0.02,0.663,2.57,0,train
001759,6,2,0,6,1,1,0,12.694,30.09,2.54,0.059933,0.222,0.0,0.767,0.766,0.234,0.495,2.52,0,train
001760,3,1,1,2,1,0,0,19.687,38.526,0.53,0.009348,0.0,0.0,1.0,0.896,0.047,0.585,1.92,0,train
001761,2,0,0,2,0,0,0,27.768,45.505,7.8,0.005316,0.167,0.0,0.883,0.77,0.168,0.395,1.78,0,validation
001762,4,0,1,3,0,2,0,28.985,37.738,6.08,0.01512,0.5,0.0,0.65,0.597,0.374,0.581,2.14,0,train
001763,7,1,2,5,1,2,2,9.837,35.8,0.14,0.117834,0.333,0.164,0.156,0.698,0.6,0.741,2.24,0,train
001764,12,1,0,11,1,1,1,10.403,33.306,1.64,0.048997,0.194,0.061,0.292,0.778,0.489,0.569,1.63,0,train
001765,9,7,0,9,5,3,2,5.127,17.215,2.57,0.233245,0.333,0.167,0.136,0.806,0.562,0.623,1.98,1,train
001766,6,1,1,5,0,0,1,16.88,49.548,3.27,0.022463,0.111,0.112,0.448,0.827,0.381,0.521,3.11,0,train
001767,15,2,0,15,1,5,0,12.692,35.057,0.49,0.077704,0.333,0.008,0.689,0.766,0.276,0.586,2.47,0,test
001768,2,1,0,2,0,0,0,36.709,48.9,0.32,0.002837,0.0,0.0,1.0,0.806,0.087,0.425,1.66,0,validation
001769,7,0,0,7,0,1,1,13.379,35.883,7.43,0.032562,0.19,0.11,0.266,0.763,0.51,0.552,2.27,0,test
001770,7,6,1,6,2,2,0,13.328,34.817,0.15,0.025638,0.286,0.0,0.767,0.763,0.235,0.542,1.77,1,train
001771,6,2,0,6,2,2,0,8.765,20.145,1.63,0.143087,0.222,0.0,0.767,0.787,0.224,0.531,1.95,1,validation
001772,5,4,0,5,4,1,2,4.215,17.665,2.46,0.225966,0.267,0.394,0.123,0.811,0.567,0.663,2.37,1,train
001773,15,3,0,14,2,2,4,4.891,26.842,1.77,0.07837,0.222,0.185,0.0,0.724,0.674,0.65,2.16,0,test
001774,4,1,1,3,0,2,1,8.346,39.111,0.31,0.093677,0.5,0.165,0.221,0.706,0.561,0.744,2.28,0,validation
001775,5,4,0,5,1,1,0,22.226,34.161,1.08,0.008377,0.267,0.0,0.767,0.716,0.256,0.484,1.74,0,validation
001776,10,6,8,2,6,1,1,6.554,14.489,0.28,0.06402,0.133,0.075,0.429,0.799,0.405,0.752,2.9,1,train
001777,1,0,1,0,0,0,0,9.896,9.896,4.07,0.022366,0.0,0.0,1.0,0.948,0.024,0.654,2.66,0,train
001778,7,6,0,7,3,3,1,9.822,22.415,1.34,0.093506,0.381,0.071,0.325,0.698,0.507,0.61,2.55,1,train
001779,7,0,1,6,0,1,3,5.661,15.152,4.71,0.084837,0.333,0.32,0.123,0.803,0.571,0.648,2.79,0,validation
001780,10,1,0,10,0,5,2,8.202,19.689,2.5,0.095378,0.4,0.141,0.098,0.707,0.628,0.593,2.9,0,train
001781,3,0,0,3,0,1,1,8.177,18.731,4.45,0.110899,0.333,0.14,0.377,0.707,0.475,0.639,1.96,0,train
001782,1,0,1,0,0,0,0,9.532,9.532,5.7,0.033146,0.333,0.0,0.883,0.866,0.124,0.683,0.77,0,train
001783,2,2,1,1,1,1,1,3.954,23.104,0.56,0.078837,0.5,0.44,0.078,0.729,0.629,0.885,2.35,1,train
001784,2,2,0,2,2,0,0,9.35,13.544,3.12,0.087808,0.0,0.0,1.0,0.95,0.022,0.528,1.92,1,train
001785,16,7,12,4,6,1,1,6.824,20.928,0.24,0.055547,0.167,0.042,0.39,0.797,0.427,0.768,2.27,1,train
001786,3,1,1,2,0,0,0,17.587,28.672,0.25,0.02057,0.111,0.0,0.883,0.824,0.144,0.603,2.08,0,train
001787,5,1,1,4,0,0,0,8.929,36.269,0.76,0.076366,0.067,0.056,0.701,0.869,0.223,0.683,2.24,0,validation
001788,12,3,3,8,1,1,2,6.868,20.077,2.32,0.07769,0.222,0.138,0.156,0.797,0.556,0.749,2.83,0,test
001789,2,0,0,2,0,0,0,26.269,31.619,3.61,0.006997,0.167,0.0,0.883,0.778,0.164,0.405,1.72,0,train
001790,2,2,2,0,2,0,0,9.075,9.519,2.59,0.025515,0.167,0.0,0.883,0.869,0.123,0.695,1.61,1,test
001791,4,1,0,4,1,0,1,11.602,22.629,0.02,0.312895,0.0,0.235,0.389,0.939,0.364,0.594,1.54,0,train
001792,5,2,1,3,2,0,1,10.769,22.407,0.64,0.032377,0.133,0.176,0.311,0.86,0.442,0.671,2.8,1,train
001793,1,1,0,1,1,0,0,24.995,24.995,3.27,0.007674,0.0,0.0,1.0,0.868,0.06,0.424,1.71,0,validation
001794,14,2,0,13,1,3,1,6.765,33.265,1.08,0.040325,0.286,0.069,0.143,0.798,0.563,0.612,1.74,0,validation
001795,4,2,3,1,1,1,0,9.875,16.44,2.42,0.020108,0.25,0.0,0.767,0.781,0.227,0.697,2.92,1,test
001796,7,1,1,6,0,3,1,5.762,24.559,1.86,0.105046,0.381,0.134,0.039,0.719,0.655,0.697,2.26,0,validation
001797,4,0,0,4,0,3,0,8.377,20.988,3.65,0.123167,0.5,0.0,0.767,0.789,0.223,0.543,1.96,0,test
001798,1,1,0,1,0,0,0,42.712,42.712,2.95,0.001933,0.0,0.0,1.0,0.774,0.102,0.32,1.65,0,validation
001799,3,1,0,3,1,0,0,24.75,53.158,0.72,0.005714,0.111,0.0,0.883,0.786,0.161,0.542,1.68,0,validation
001800,2,0,0,2,0,0,1,7.521,18.822,4.3,0.098137,0.0,0.295,0.617,0.96,0.229,0.577,1.82,0,train
001801,12,7,1,11,4,2,1,4.022,28.015,0.14,0.17891,0.25,0.113,0.117,0.812,0.57,0.636,2.84,1,train
001802,2,1,0,2,0,0,0,26.74,38.996,1.79,0.02042,0.0,0.0,1.0,0.858,0.064,0.402,2.1,0,test
001803,3,2,0,3,1,0,0,23.944,42.739,0.82,0.00635,0.0,0.0,1.0,0.873,0.057,0.543,1.81,0,train
001804,1,1,1,0,1,0,0,6.76,6.76,0.07,0.028997,0.0,0.0,1.0,0.964,0.016,0.832,1.58,1,validation
001805,3,0,0,2,0,0,0,13.111,36.851,4.17,0.034531,0.0,0.0,1.0,0.931,0.031,0.493,1.74,0,train
001806,14,7,0,12,4,8,0,9.441,23.338,0.8,0.069033,0.571,0.0,0.65,0.7,0.327,0.588,2.28,1,train
001807,2,1,0,2,0,0,0,27.588,37.778,3.38,0.024705,0.0,0.0,1.0,0.854,0.066,0.402,1.88,0,test
001808,4,1,0,3,0,1,0,28.77,49.041,0.01,0.030845,0.25,0.0,0.65,0.598,0.374,0.44,2.19,0,train
001809,1,0,0,1,0,0,0,41.775,41.775,4.52,0.002419,0.0,0.0,1.0,0.779,0.1,0.301,1.65,0,train
001810,2,2,0,2,1,0,1,6.981,23.33,3.31,0.141815,0.0,0.305,0.603,0.963,0.235,0.582,2.09,1,validation
001811,4,2,1,3,2,2,1,5.326,11.132,1.14,0.067142,0.5,0.23,0.052,0.722,0.647,0.772,1.78,1,validation
001812,16,1,0,16,0,5,0,10.067,37.198,0.23,0.090116,0.354,0.0,0.767,0.78,0.227,0.561,1.99,0,test
001813,5,0,0,5,0,0,0,34.665,47.085,8.82,0.011671,0.267,0.0,0.883,0.733,0.184,0.376,3.07,0,train
001814,3,1,1,2,1,0,1,4.613,18.366,3.16,0.10921,0.222,0.32,0.259,0.892,0.456,0.642,1.59,1,test
001815,5,1,0,5,0,0,1,8.067,28.681,2.29,0.278217,0.2,0.1,0.558,0.874,0.3,0.566,1.7,0,train
001816,6,1,0,4,1,0,0,21.963,33.317,0.36,0.012213,0.167,0.052,0.682,0.8,0.265,0.577,2.16,0,test
001817,1,1,1,0,1,0,0,9.152,9.152,2.09,0.013244,0.0,0.0,1.0,0.952,0.022,0.723,0.21,1,train
001818,7,1,0,6,0,1,1,21.034,51.704,0.1,0.092892,0.286,0.071,0.325,0.639,0.534,0.56,2.19,0,test
001819,1,1,1,0,1,0,0,8.771,8.771,0.6,0.02315,0.0,0.0,1.0,0.954,0.021,0.794,3.11,1,test
001820,8,7,0,8,3,2,1,5.828,28.832,0.74,0.162839,0.292,0.094,0.279,0.802,0.485,0.618,2.14,1,train
001821,3,0,0,3,0,1,1,6.702,13.681,4.42,0.095002,0.222,0.297,0.188,0.798,0.537,0.607,2.25,0,train
001822,6,3,5,1,2,0,0,10.809,18.928,0.39,0.036151,0.167,0.0,0.883,0.859,0.127,0.664,2.19,1,validation
001823,3,3,0,3,0,1,0,30.717,35.406,1.86,0.003721,0.222,0.0,0.767,0.671,0.277,0.442,1.78,0,test
001824,4,0,1,3,0,2,0,34.48,43.033,6.05,0.009285,0.5,0.0,0.65,0.567,0.387,0.564,2.04,0,validation
001825,9,7,0,8,4,2,1,4.321,27.112,0.75,0.172171,0.259,0.109,0.13,0.81,0.564,0.647,2.37,1,test
001826,3,1,0,3,0,0,0,29.054,39.264,0.0,0.014546,0.111,0.0,0.883,0.763,0.171,0.457,2.1,0,train
001827,3,0,1,2,0,0,1,7.85,14.18,3.99,0.080274,0.111,0.27,0.357,0.875,0.41,0.619,2.39,0,test
001828,3,1,0,3,0,1,0,35.43,51.237,2.66,0.003528,0.222,0.0,0.767,0.646,0.288,0.382,2.02,0,validation
001829,6,0,0,6,0,0,0,17.49,34.925,3.94,0.019913,0.167,0.0,0.883,0.824,0.143,0.463,1.92,0,train
001830,2,0,1,1,0,0,1,13.274,17.511,6.94,0.004587,0.167,0.49,0.246,0.846,0.484,0.597,1.28,0,train
001831,4,3,0,4,0,0,0,40.38,49.76,0.14,0.004944,0.167,0.0,0.883,0.703,0.198,0.434,2.05,0,validation
001832,2,2,0,2,2,0,1,3.55,6.793,2.5,0.12951,0.0,0.495,0.357,0.981,0.362,0.68,2.21,1,train
001833,4,1,0,4,0,0,0,15.439,45.345,1.98,0.051529,0.167,0.0,0.883,0.835,0.138,0.477,1.67,0,train
001834,2,0,0,2,0,0,1,29.166,42.356,8.32,0.063357,0.0,0.23,0.701,0.846,0.234,0.422,1.65,0,train
001835,1,1,1,0,1,0,0,9.084,9.084,1.82,0.023754,0.0,0.0,1.0,0.952,0.022,0.736,2.93,1,test
001836,8,3,0,8,2,3,0,7.021,36.003,0.09,0.100121,0.333,0.0,0.65,0.713,0.322,0.689,3.02,1,test
001837,10,1,1,9,0,2,0,25.604,42.178,0.47,0.009665,0.233,0.026,0.598,0.698,0.357,0.548,2.48,0,validation
001838,9,1,0,6,1,2,3,8.778,18.107,0.76,0.079155,0.333,0.248,0.188,0.787,0.542,0.619,2.42,0,validation
001839,8,0,0,8,0,6,0,12.756,26.642,4.51,0.085642,0.583,0.0,0.767,0.766,0.234,0.522,2.89,0,validation
001840,12,1,0,11,1,5,1,9.04,27.332,2.65,0.108867,0.417,0.039,0.345,0.702,0.495,0.52,2.86,0,train
001841,7,1,0,7,0,3,0,26.156,30.396,0.16,0.009971,0.333,0.0,0.767,0.695,0.266,0.532,2.02,0,train
001842,6,1,0,5,0,1,0,12.372,38.615,1.04,0.034778,0.167,0.0,0.767,0.768,0.233,0.418,2.76,0,train
001843,10,5,0,8,2,7,0,8.557,24.986,0.34,0.12421,0.6,0.009,0.592,0.705,0.358,0.56,2.76,1,train
001844,6,0,0,6,0,2,3,15.952,24.62,4.92,0.033918,0.333,0.352,0.039,0.666,0.679,0.5,2.95,0,train
001845,6,0,0,6,0,5,0,21.093,33.768,8.35,0.019335,0.611,0.0,0.767,0.722,0.254,0.466,3.03,0,train
001846,1,0,1,0,0,0,0,10.757,10.757,5.83,0.023263,0.333,0.0,0.883,0.86,0.127,0.675,0.55,0,train
001847,5,1,0,5,1,0,1,11.793,29.439,0.07,0.287496,0.0,0.176,0.428,0.938,0.343,0.595,1.55,0,train
001848,8,2,1,6,1,2,0,7.777,24.601,0.93,0.18179,0.333,0.018,0.676,0.792,0.272,0.653,2.84,0,train
001849,7,0,1,6,0,1,2,6.007,14.536,4.95,0.102779,0.333,0.306,0.007,0.718,0.673,0.619,2.87,0,validation
001850,8,3,0,8,2,3,1,12.515,36.098,3.08,0.096403,0.292,0.114,0.175,0.767,0.558,0.527,2.67,1,train
001851,3,1,0,3,0,0,0,22.205,68.992,0.25,0.013377,0.111,0.0,0.883,0.799,0.155,0.478,1.96,0,train
001852,9,2,0,9,1,4,2,10.036,21.571,2.32,0.072133,0.407,0.127,0.202,0.697,0.576,0.577,2.98,0,train
001853,2,1,1,1,1,0,0,5.884,10.46,1.46,0.047363,0.167,0.055,0.812,0.886,0.155,0.783,2.89,1,train
001854,3,1,0,3,0,0,0,66.363,69.773,1.86,0.005229,0.111,0.0,0.883,0.565,0.26,0.355,1.57,0,train
001855,12,1,0,11,1,3,2,6.234,31.297,0.16,0.130996,0.361,0.144,0.045,0.717,0.652,0.661,1.56,0,train
001856,7,6,0,7,5,2,1,6.458,26.697,2.03,0.376602,0.381,0.106,0.286,0.799,0.483,0.654,2.03,1,train
001857,5,1,0,5,0,1,1,7.168,28.986,0.08,0.16515,0.133,0.116,0.39,0.795,0.428,0.579,2.12,0,validation
001858,9,1,0,7,1,2,0,8.638,30.035,0.34,0.117309,0.296,0.034,0.475,0.704,0.422,0.611,1.56,0,test
001859,9,1,0,9,0,4,1,4.169,20.337,3.33,0.147215,0.37,0.117,0.117,0.811,0.571,0.659,2.65,0,train
001860,7,0,0,7,0,4,1,12.756,23.207,7.28,0.0579,0.476,0.123,0.195,0.682,0.586,0.574,3.07,0,train
001861,2,1,0,2,1,0,0,13.489,17.486,3.42,0.063833,0.167,0.0,0.883,0.845,0.134,0.49,2.37,0,train
001862,7,4,0,6,2,3,2,7.452,27.443,0.47,0.321299,0.286,0.157,0.403,0.794,0.421,0.564,2.44,1,train
001863,4,2,1,3,1,1,1,4.806,40.622,0.79,0.072391,0.25,0.21,0.221,0.808,0.515,0.767,1.75,1,train
001864,1,1,1,0,1,0,0,9.153,9.153,2.01,0.020022,0.0,0.0,1.0,0.952,0.022,0.727,2.94,1,test
001865,2,2,0,2,0,0,0,41.865,46.724,1.7,0.00205,0.0,0.0,1.0,0.778,0.1,0.383,1.55,0,train
001866,2,0,0,2,0,0,1,3.89,23.43,3.77,0.004507,0.167,0.5,0.233,0.896,0.468,0.634,3.0,0,train
001867,7,6,0,7,6,3,2,4.54,17.661,2.62,0.13392,0.286,0.266,0.156,0.809,0.55,0.658,2.81,1,train
001868,10,6,2,8,2,0,1,4.218,34.2,2.06,0.13197,0.033,0.096,0.259,0.894,0.455,0.658,2.28,1,train
001869,2,1,0,2,0,0,0,29.751,40.755,1.75,0.014245,0.0,0.0,1.0,0.842,0.071,0.382,2.04,0,train
001870,9,2,7,2,2,1,2,10.401,15.677,2.43,0.138959,0.148,0.128,0.364,0.778,0.45,0.692,2.62,1,test
001871,1,0,0,1,0,0,0,38.368,38.368,3.69,0.002545,0.0,0.0,1.0,0.797,0.091,0.324,1.67,0,test
001872,7,6,0,7,5,0,1,6.229,27.26,1.92,0.1617,0.095,0.07,0.565,0.884,0.292,0.592,2.11,1,train
001873,2,1,2,0,1,0,0,17.138,18.869,3.45,0.005321,0.167,0.0,0.883,0.826,0.142,0.632,1.81,1,train
001874,9,7,1,8,3,4,0,8.266,34.782,0.21,0.101948,0.37,0.0,0.767,0.79,0.223,0.577,1.88,1,train
001875,3,1,0,3,0,2,0,14.92,48.565,1.63,0.056074,0.556,0.0,0.65,0.671,0.341,0.561,2.13,0,train
001876,6,1,0,4,1,0,0,22.47,44.283,0.08,0.007013,0.167,0.0,0.883,0.798,0.155,0.587,1.98,0,train
001877,5,1,1,4,1,0,1,4.605,28.052,3.16,0.109401,0.133,0.192,0.259,0.892,0.456,0.642,1.84,1,train
001878,8,4,1,7,1,1,1,7.229,28.663,0.03,0.148904,0.167,0.091,0.403,0.795,0.421,0.577,3.04,1,train
001879,3,0,2,1,0,0,0,17.06,18.732,4.45,0.022958,0.222,0.0,0.883,0.826,0.142,0.63,2.64,0,train
001880,3,1,1,2,1,1,0,21.11,22.605,0.04,0.065304,0.444,0.0,0.65,0.638,0.355,0.659,1.88,0,test
001881,3,1,1,2,0,1,0,49.311,63.293,0.6,0.002109,0.333,0.0,0.65,0.489,0.422,0.5,1.81,0,validation
001882,6,3,0,6,3,1,1,5.799,27.865,1.59,0.124185,0.278,0.142,0.214,0.803,0.521,0.617,2.19,1,train
001883,8,1,0,8,0,0,1,32.159,46.687,2.24,0.009689,0.167,0.068,0.532,0.746,0.371,0.409,2.25,0,test
001884,3,1,0,3,0,2,0,38.88,57.964,0.0,0.005,0.556,0.0,0.65,0.544,0.398,0.481,1.94,0,train
001885,5,0,0,4,0,0,0,40.644,48.596,5.93,0.006504,0.2,0.0,0.883,0.701,0.198,0.331,3.06,0,train
001886,3,3,0,3,0,1,0,29.262,31.896,1.33,0.005326,0.222,0.0,0.767,0.678,0.273,0.477,1.79,0,train
001887,3,0,0,3,0,0,0,10.16,23.23,3.62,0.101058,0.111,0.0,0.883,0.863,0.126,0.512,1.99,0,train
001888,3,1,1,2,1,0,1,4.605,24.374,3.16,0.109523,0.111,0.32,0.259,0.892,0.456,0.642,1.61,1,train
001889,2,0,0,2,0,0,0,48.623,59.552,5.17,0.00238,0.0,0.0,1.0,0.743,0.116,0.28,2.15,0,validation
001890,3,2,0,3,0,1,0,40.221,54.405,0.25,0.00155,0.222,0.0,0.767,0.62,0.299,0.482,1.58,0,train
001891,14,1,0,14,0,5,1,6.1,34.572,0.23,0.123271,0.357,0.069,0.136,0.801,0.565,0.617,1.76,0,train
001892,3,0,0,2,0,0,0,61.39,65.481,9.99,0.002495,0.222,0.0,0.883,0.592,0.248,0.307,3.03,0,validation
001893,11,1,0,10,0,1,1,10.263,27.827,0.62,0.112823,0.273,0.079,0.208,0.779,0.535,0.592,1.57,0,validation
001894,1,0,0,1,0,0,0,36.975,36.975,21.39,0.0041,0.0,0.0,1.0,0.804,0.088,0.333,1.53,0,test
001895,9,3,1,8,0,2,0,12.325,42.832,0.73,0.018755,0.333,0.0,0.767,0.768,0.233,0.638,2.58,0,train
001896,7,1,0,7,0,0,0,20.428,42.572,0.25,0.011365,0.095,0.0,0.883,0.809,0.15,0.503,1.96,0,train
001897,8,3,1,7,1,2,1,8.323,29.264,1.23,0.039841,0.25,0.114,0.175,0.789,0.548,0.631,2.5,0,test
001898,8,3,0,8,2,3,0,8.331,30.802,0.19,0.194245,0.292,0.031,0.604,0.789,0.313,0.631,1.82,1,train
001899,1,0,0,1,0,0,0,59.461,59.461,3.95,0.001127,0.0,0.0,1.0,0.685,0.142,0.28,1.63,0,validation
001900,2,1,0,2,0,0,0,45.231,52.571,0.23,0.001744,0.0,0.0,1.0,0.761,0.108,0.429,1.64,0,train
001901,3,1,0,3,0,0,0,44.782,53.765,1.94,0.008932,0.111,0.0,0.883,0.68,0.208,0.353,1.95,0,train
001902,1,1,1,0,1,0,0,9.01,9.01,2.38,0.014938,0.0,0.0,1.0,0.952,0.021,0.711,0.25,1,test
001903,1,0,0,1,0,0,0,26.429,26.429,8.06,0.015047,0.0,0.0,1.0,0.86,0.063,0.404,0.31,0,train
001904,5,0,0,4,0,1,0,10.774,30.983,4.06,0.021822,0.2,0.0,0.767,0.776,0.229,0.509,1.71,0,validation
001905,2,0,0,2,0,0,0,14.662,16.26,8.31,0.062538,0.0,0.1,0.87,0.922,0.106,0.498,0.73,0,train
001906,2,1,0,2,0,0,0,31.227,44.48,0.68,0.003593,0.0,0.0,1.0,0.835,0.074,0.501,2.0,0,test
001907,6,1,0,6,1,0,1,16.01,31.981,0.08,0.019692,0.111,0.117,0.467,0.832,0.369,0.63,2.52,0,test
001908,16,12,1,15,8,10,2,3.946,22.719,0.3,0.163575,0.5,0.096,0.039,0.729,0.65,0.88,2.33,1,validation
001909,9,3,0,9,2,2,0,8.434,27.295,0.33,0.20908,0.222,0.033,0.468,0.705,0.425,0.599,2.87,1,train
001910,6,4,6,0,4,0,0,10.529,15.694,2.19,0.010281,0.0,0.0,1.0,0.944,0.025,0.709,1.84,1,train
001911,2,1,2,0,1,0,0,8.93,10.049,0.43,0.021345,0.0,0.0,1.0,0.953,0.021,0.801,1.58,1,train
001912,5,2,2,3,2,1,1,13.991,28.273,1.21,0.0234,0.267,0.222,0.13,0.676,0.624,0.729,2.68,1,test
001913,1,0,0,1,0,0,0,52.913,52.913,5.93,0.001383,0.0,0.0,1.0,0.72,0.126,0.28,1.65,0,train
001914,6,1,0,4,1,1,0,22.581,46.57,0.18,0.006942,0.222,0.0,0.767,0.714,0.257,0.581,1.95,0,validation
001915,2,0,2,0,0,0,0,11.475,11.48,5.41,0.019541,0.0,0.0,1.0,0.939,0.027,0.643,1.09,0,train
001916,12,9,1,11,6,5,2,3.39,26.193,0.51,0.193666,0.389,0.113,0.117,0.815,0.569,0.69,2.58,1,test
001917,6,3,0,5,2,1,1,3.562,22.183,2.72,0.147419,0.278,0.187,0.13,0.814,0.562,0.59,2.32,1,validation
001918,4,1,1,3,0,0,0,25.388,30.267,0.65,0.006391,0.0,0.0,1.0,0.866,0.06,0.55,2.05,0,test
001919,9,4,0,9,4,6,1,5.931,22.675,2.0,0.146277,0.444,0.073,0.338,0.802,0.453,0.616,3.0,1,validation
001920,3,0,1,2,0,0,1,5.446,26.744,4.96,0.165425,0.0,0.333,0.35,0.971,0.37,0.624,2.46,0,validation
001921,12,7,2,10,3,2,2,5.466,27.412,2.71,0.094469,0.333,0.141,0.175,0.804,0.542,0.756,2.85,1,test
001922,5,1,0,5,0,1,0,33.68,42.262,0.09,0.014531,0.4,0.016,0.598,0.572,0.414,0.511,2.25,0,validation
001923,1,1,1,0,1,0,0,8.655,8.655,2.42,0.025206,0.0,0.0,1.0,0.954,0.021,0.712,2.79,1,train
001924,4,0,0,4,0,2,1,6.225,18.765,3.57,0.140464,0.417,0.19,0.273,0.8,0.49,0.599,2.13,0,train
001925,5,2,0,5,2,2,1,9.235,23.47,0.46,0.386272,0.333,0.2,0.117,0.784,0.583,0.598,1.57,1,validation
001926,11,5,1,10,4,4,2,4.625,19.29,1.73,0.154294,0.333,0.143,0.169,0.809,0.543,0.726,2.26,1,validation
001927,2,0,0,2,0,1,1,14.921,16.362,8.83,0.054592,0.5,0.205,0.383,0.671,0.487,0.593,0.68,0,train
001928,9,2,0,9,1,2,1,13.67,27.423,0.77,0.030484,0.259,0.098,0.195,0.761,0.55,0.559,1.57,0,train
001929,11,5,1,10,4,7,0,6.812,25.721,2.41,0.147932,0.455,0.029,0.559,0.797,0.334,0.585,2.97,1,train
001930,3,1,0,3,0,0,0,32.167,45.061,0.69,0.007358,0.0,0.0,1.0,0.83,0.077,0.494,1.93,0,test
001931,6,3,3,3,3,1,1,6.041,13.889,0.78,0.151094,0.278,0.102,0.429,0.801,0.404,0.811,2.74,1,test
001932,4,1,0,4,0,0,1,7.55,27.176,3.08,0.147956,0.083,0.13,0.545,0.877,0.306,0.571,2.12,0,validation
001933,2,1,0,2,0,0,0,55.75,61.356,1.04,0.000786,0.0,0.0,1.0,0.705,0.133,0.392,1.56,0,train
001934,3,1,0,3,0,0,0,37.653,57.088,1.92,0.003346,0.0,0.0,1.0,0.801,0.09,0.352,1.8,0,train
001935,1,1,0,1,1,0,0,24.911,24.911,0.73,0.00566,0.0,0.0,1.0,0.868,0.059,0.541,1.59,0,train
001936,2,1,0,2,0,0,0,21.987,33.329,0.18,0.014119,0.167,0.0,0.883,0.8,0.154,0.46,1.93,0,train
001937,10,1,0,8,1,2,1,11.281,30.802,0.18,0.059164,0.267,0.06,0.377,0.774,0.445,0.621,1.56,0,train
001938,5,0,0,5,0,2,0,9.824,18.113,4.62,0.131037,0.467,0.002,0.76,0.781,0.23,0.547,3.06,0,train
001939,11,2,0,8,2,3,0,13.105,23.951,0.75,0.061263,0.333,0.0,0.767,0.764,0.235,0.609,2.44,0,train
001940,14,2,1,13,0,3,0,33.882,50.083,0.22,0.006556,0.381,0.0,0.65,0.571,0.386,0.494,3.05,0,validation
001941,11,2,0,11,1,8,0,7.994,24.508,2.69,0.177942,0.576,0.034,0.475,0.708,0.421,0.611,2.85,1,validation
001942,6,1,0,5,0,2,1,9.79,19.992,0.46,0.203779,0.333,0.125,0.279,0.782,0.495,0.589,1.58,0,train
001943,3,1,0,3,0,1,1,11.131,40.769,1.98,0.035311,0.444,0.283,0.098,0.691,0.635,0.654,2.32,0,validation
001944,2,0,0,2,0,0,0,34.833,37.605,3.66,0.005805,0.0,0.0,1.0,0.816,0.083,0.348,1.71,0,train
001945,4,1,2,2,0,1,0,23.01,37.584,0.48,0.013255,0.333,0.0,0.65,0.628,0.36,0.647,2.28,0,train
001946,2,1,1,1,1,1,0,8.216,27.662,1.25,0.037604,0.5,0.0,0.65,0.707,0.325,0.848,1.89,1,train
001947,8,6,0,8,4,2,1,3.627,22.135,3.09,0.164038,0.292,0.143,0.117,0.814,0.569,0.648,2.47,1,train
001948,5,0,3,2,0,1,1,13.419,22.065,8.21,0.068241,0.133,0.088,0.481,0.762,0.393,0.597,2.48,0,train
001949,3,0,0,2,0,0,0,16.191,39.966,4.58,0.01811,0.0,0.0,1.0,0.914,0.039,0.472,1.7,0,test
001950,1,0,0,1,0,0,0,72.307,72.307,11.48,0.000604,0.0,0.0,1.0,0.617,0.172,0.28,1.52,0,train
001951,9,0,1,8,0,3,0,12.756,38.83,5.74,0.071326,0.296,0.0,0.767,0.766,0.234,0.508,2.33,0,train
001952,2,1,0,2,0,0,0,27.623,36.226,0.16,0.007035,0.167,0.0,0.883,0.77,0.167,0.434,1.85,0,train
001953,3,0,0,3,0,0,0,21.705,27.656,9.95,0.017822,0.222,0.0,0.883,0.802,0.153,0.435,1.98,0,validation
001954,9,4,0,9,3,1,2,6.554,23.912,3.12,0.168605,0.333,0.156,0.214,0.799,0.523,0.621,2.71,1,train
001955,15,7,0,15,5,8,2,4.252,21.987,2.6,0.105221,0.467,0.107,0.0,0.727,0.673,0.632,2.89,1,train
001956,6,1,0,6,0,0,1,25.001,42.057,0.73,0.014268,0.111,0.133,0.363,0.784,0.447,0.54,2.33,0,validation
001957,2,1,1,1,1,0,0,17.994,20.77,0.52,0.026588,0.0,0.0,1.0,0.905,0.043,0.699,2.79,1,train
001958,8,1,8,0,1,4,0,8.586,26.61,1.28,0.03587,0.625,0.0,0.65,0.705,0.325,0.844,3.02,1,test
001959,9,1,0,8,1,2,3,9.155,19.835,2.95,0.068274,0.259,0.26,0.007,0.702,0.681,0.625,2.66,0,validation
001960,4,2,0,4,0,1,0,15.513,26.644,1.81,0.021235,0.167,0.0,0.767,0.751,0.24,0.493,1.76,0,train
001961,1,0,0,1,0,0,0,47.208,47.208,10.17,0.00381,0.0,0.0,1.0,0.75,0.112,0.28,2.26,0,train
001962,5,1,1,4,1,0,0,22.86,38.146,0.13,0.010131,0.067,0.036,0.766,0.796,0.22,0.582,2.26,0,train
001963,10,5,1,9,3,7,1,3.713,26.086,0.62,0.069945,0.633,0.1,0.0,0.73,0.671,0.729,2.57,1,train
001964,12,7,3,9,4,1,2,3.467,21.297,0.75,0.164191,0.194,0.172,0.117,0.815,0.569,0.665,2.51,1,train
001965,6,2,0,6,0,0,1,11.927,40.232,2.43,0.110832,0.167,0.063,0.636,0.854,0.266,0.531,2.45,0,train
001966,7,2,0,7,2,1,1,7.446,17.467,0.3,0.409461,0.238,0.139,0.182,0.794,0.543,0.681,1.96,1,test
001967,8,1,0,8,1,3,0,10.199,33.932,0.46,0.122266,0.417,0.031,0.604,0.779,0.317,0.614,2.63,0,train
001968,2,0,0,2,0,0,1,7.025,17.871,3.89,0.124874,0.0,0.345,0.552,0.963,0.263,0.588,2.16,0,test
001969,8,0,0,8,0,5,0,9.973,20.212,4.22,0.108423,0.417,0.043,0.546,0.781,0.349,0.552,2.99,0,train
001970,1,0,1,0,0,0,0,9.817,9.817,4.98,0.03343,0.0,0.0,1.0,0.948,0.023,0.655,0.5,0,train
001971,3,2,3,0,2,0,0,7.434,8.158,0.97,0.025274,0.0,0.0,1.0,0.961,0.018,0.786,1.22,1,train
001972,4,2,3,1,2,1,0,8.205,14.46,2.53,0.031669,0.167,0.0,0.767,0.79,0.223,0.707,2.86,1,validation
001973,6,1,0,4,1,0,0,22.26,39.795,0.12,0.007154,0.111,0.0,0.883,0.799,0.155,0.586,2.04,0,validation
001974,4,0,1,3,0,0,1,14.68,37.539,5.76,0.039694,0.083,0.128,0.552,0.839,0.319,0.524,2.24,0,train
001975,1,1,0,1,0,0,0,63.576,63.576,3.3,0.001006,0.0,0.0,1.0,0.663,0.151,0.289,1.74,0,train
001976,5,5,0,5,2,2,0,12.328,26.98,0.07,0.044896,0.267,0.0,0.767,0.768,0.233,0.543,1.8,1,train
001977,5,1,0,5,1,1,0,7.768,18.3,1.1,0.111461,0.333,0.036,0.65,0.792,0.286,0.652,2.18,1,train
001978,4,1,0,4,0,0,0,24.584,45.988,0.58,0.01107,0.167,0.0,0.883,0.787,0.16,0.443,1.91,0,train
001979,7,1,1,6,0,1,0,8.524,29.453,2.92,0.11851,0.238,0.01,0.721,0.788,0.249,0.611,2.73,0,train
001980,3,1,0,3,1,0,0,17.164,20.532,2.64,0.023781,0.111,0.0,0.883,0.826,0.143,0.505,1.74,0,train
001981,5,1,4,1,0,0,0,11.271,21.408,0.74,0.020083,0.067,0.0,0.883,0.857,0.129,0.645,2.94,0,train
001982,1,0,1,0,0,0,0,9.748,9.748,3.77,0.019512,0.0,0.0,1.0,0.948,0.023,0.655,0.38,0,train
001983,1,1,0,1,0,0,0,25.95,25.95,2.28,0.005476,0.0,0.0,1.0,0.863,0.062,0.463,1.68,0,train
001984,1,1,1,0,1,0,0,9.322,9.322,0.18,0.013082,0.0,0.0,1.0,0.951,0.022,0.81,1.44,1,validation
001985,2,1,0,2,1,0,0,11.154,26.25,3.41,0.059079,0.0,0.0,1.0,0.941,0.027,0.51,1.9,1,train
001986,7,1,0,7,1,4,1,6.588,23.592,0.4,0.121036,0.476,0.109,0.175,0.715,0.582,0.621,1.57,0,validation
001987,4,1,1,3,0,0,0,41.067,57.865,1.3,0.003253,0.083,0.0,0.883,0.699,0.2,0.521,3.1,0,test
001988,12,4,10,2,2,1,0,5.839,19.041,0.7,0.059307,0.139,0.01,0.689,0.802,0.26,0.724,2.73,1,train
001989,5,2,0,5,0,1,0,27.097,40.13,1.42,0.005427,0.2,0.0,0.767,0.69,0.268,0.494,2.55,0,validation
001990,5,1,0,5,0,0,0,25.571,46.126,0.74,0.015722,0.133,0.0,0.883,0.781,0.163,0.536,2.09,0,train
001991,9,1,0,8,1,1,1,11.131,30.834,0.05,0.073507,0.222,0.086,0.266,0.774,0.505,0.583,1.57,0,validation
001992,11,7,1,10,3,3,1,4.795,24.651,2.54,0.118105,0.394,0.09,0.156,0.808,0.551,0.664,2.17,1,train
001993,2,1,0,2,1,0,0,24.478,31.511,0.61,0.00603,0.167,0.0,0.883,0.787,0.16,0.549,1.68,0,train
001994,1,0,1,0,0,0,0,9.394,9.394,4.02,0.026101,0.0,0.0,1.0,0.95,0.022,0.657,0.42,0,train
001995,1,0,0,1,0,0,0,45.822,45.822,19.64,0.005204,0.333,0.0,0.883,0.674,0.211,0.307,0.17,0,train
001996,3,1,0,3,0,1,0,13.856,27.038,2.98,0.060257,0.333,0.11,0.435,0.677,0.456,0.514,2.95,0,test
001997,4,1,1,3,0,0,0,12.496,37.035,0.18,0.02607,0.0,0.0,1.0,0.934,0.03,0.637,1.97,0,test
001998,7,2,6,1,1,2,0,10.651,21.542,0.62,0.021517,0.333,0.0,0.767,0.777,0.229,0.721,3.02,1,train
001999,20,5,1,19,1,14,3,4.683,25.449,1.11,0.122629,0.533,0.118,0.072,0.725,0.634,0.654,2.95,1,test
002000,6,1,1,4,1,0,1,4.605,27.873,3.16,0.109368,0.167,0.16,0.259,0.892,0.456,0.642,1.92,1,train
002001,2,0,0,2,0,0,0,9.505,20.828,5.24,0.09265,0.0,0.025,0.968,0.95,0.041,0.521,1.68,0,test
002002,6,5,0,6,4,0,2,4.215,24.525,2.21,0.145106,0.0,0.318,0.357,0.978,0.364,0.65,2.26,1,train
002003,11,4,1,10,2,4,1,5.703,23.02,1.04,0.113659,0.333,0.081,0.188,0.803,0.535,0.662,2.28,1,validation
002004,4,1,0,3,1,3,0,19.427,34.342,0.44,0.020737,0.833,0.0,0.65,0.647,0.351,0.635,1.66,0,test
002005,3,0,3,0,0,0,0,10.269,13.832,5.92,0.02128,0.111,0.0,0.883,0.862,0.126,0.678,2.75,0,validation
002006,5,1,1,4,1,0,0,21.547,40.859,0.56,0.009575,0.133,0.0,0.883,0.803,0.153,0.571,2.06,0,train
002007,6,4,6,0,2,0,0,9.658,19.836,2.1,0.014381,0.0,0.0,1.0,0.949,0.023,0.693,2.72,1,test
002008,5,1,1,4,1,1,0,9.132,26.401,0.2,0.05667,0.2,0.0,0.767,0.785,0.225,0.67,2.12,1,train
002009,3,1,0,3,0,0,0,16.765,38.288,2.22,0.044695,0.0,0.0,1.0,0.911,0.04,0.468,2.62,0,validation
002010,2,1,0,2,0,1,0,17.834,45.582,1.19,0.064847,0.5,0.0,0.65,0.656,0.347,0.541,1.97,0,train
002011,3,1,0,3,0,0,0,19.231,66.741,0.2,0.021015,0.111,0.0,0.883,0.815,0.147,0.478,2.03,0,test
002012,13,0,0,13,0,6,2,7.818,31.051,3.58,0.038347,0.41,0.102,0.149,0.792,0.562,0.631,2.86,0,train
002013,1,1,0,1,0,0,0,43.311,43.311,0.25,0.001825,0.0,0.0,1.0,0.771,0.103,0.44,1.58,0,train
002014,6,1,1,4,1,0,2,4.605,24.774,3.16,0.109343,0.167,0.235,0.259,0.892,0.456,0.642,1.97,1,train
002015,6,3,6,0,3,0,0,9.569,14.396,2.21,0.013896,0.0,0.0,1.0,0.949,0.023,0.715,1.79,1,train
002016,3,0,1,2,0,0,0,17.785,37.521,4.02,0.045952,0.111,0.0,0.883,0.823,0.144,0.569,2.13,0,train
002017,3,1,1,2,1,0,0,9.382,31.79,0.2,0.053057,0.0,0.0,1.0,0.95,0.022,0.668,1.88,1,test
002018,9,2,0,9,2,4,1,7.021,34.679,0.09,0.100019,0.333,0.056,0.325,0.713,0.5,0.689,2.78,1,train
002019,1,0,0,1,0,0,0,21.688,21.688,3.64,0.009361,0.0,0.0,1.0,0.885,0.052,0.435,1.77,0,train
002020,9,4,0,9,3,3,2,3.095,23.41,0.83,0.081201,0.296,0.161,0.117,0.817,0.568,0.672,2.72,1,train
002021,4,1,0,4,0,0,0,24.353,36.49,0.16,0.009561,0.25,0.0,0.883,0.788,0.16,0.444,1.97,0,train
002022,2,1,0,2,1,0,0,22.007,37.224,3.01,0.009462,0.0,0.0,1.0,0.883,0.052,0.456,1.76,0,train
002023,1,0,1,0,0,0,0,10.484,10.484,4.86,0.017955,0.0,0.0,1.0,0.944,0.025,0.65,2.72,0,test
002024,11,5,2,9,5,6,0,6.417,18.341,0.01,0.199315,0.394,0.06,0.546,0.799,0.34,0.748,2.1,1,validation
002025,3,2,1,2,1,0,1,19.707,35.16,0.69,0.089589,0.0,0.227,0.558,0.896,0.29,0.606,2.06,1,train
002026,2,2,0,1,1,0,0,18.74,27.834,3.08,0.009801,0.0,0.0,1.0,0.901,0.045,0.39,1.83,0,validation
002027,4,3,0,4,0,2,0,24.969,32.601,1.01,0.007555,0.333,0.0,0.767,0.701,0.263,0.493,1.79,0,test
002028,6,2,0,6,1,3,0,12.414,30.36,1.62,0.0453,0.389,0.0,0.767,0.768,0.233,0.526,2.96,0,train
002029,5,5,0,5,3,2,1,3.506,23.388,3.0,0.056712,0.267,0.2,0.117,0.815,0.569,0.657,2.54,1,test
002030,1,0,1,0,0,0,0,9.429,9.429,4.04,0.021352,0.0,0.0,1.0,0.95,0.022,0.657,0.4,0,train
002031,1,0,0,1,0,0,0,37.325,37.325,8.26,0.006109,0.333,0.0,0.883,0.719,0.191,0.358,2.97,0,test
002032,2,1,0,2,0,0,0,65.306,68.844,1.78,0.000837,0.0,0.0,1.0,0.654,0.156,0.359,1.82,0,validation
002033,3,2,0,3,1,0,0,13.814,36.624,1.61,0.046671,0.0,0.0,1.0,0.927,0.033,0.574,2.96,0,train
002034,2,2,0,2,1,1,0,14.317,39.779,0.14,0.027122,0.5,0.0,0.65,0.674,0.339,0.514,1.75,0,test
002035,9,5,1,7,4,2,2,3.828,21.982,2.21,0.12073,0.185,0.221,0.117,0.813,0.57,0.663,2.94,1,train
002036,2,1,1,1,1,1,0,8.764,28.171,0.77,0.031903,0.5,0.0,0.65,0.704,0.326,0.866,1.88,1,test
002037,2,0,0,2,0,0,0,32.009,44.513,16.28,0.010516,0.0,0.0,1.0,0.831,0.076,0.367,2.1,0,train
002038,6,1,0,6,1,1,1,11.726,26.522,2.26,0.086786,0.333,0.1,0.377,0.771,0.446,0.576,3.1,0,train
002039,4,0,0,4,0,1,1,13.328,33.377,5.27,0.074374,0.25,0.23,0.169,0.763,0.564,0.504,2.78,0,train
002040,5,1,0,5,1,0,1,16.44,32.052,0.03,0.013307,0.067,0.124,0.48,0.83,0.362,0.629,2.27,0,validation
002041,7,0,0,7,0,4,1,5.761,21.376,3.73,0.081432,0.381,0.124,0.201,0.803,0.528,0.611,3.11,0,validation
002042,9,6,9,0,6,3,0,6.91,15.832,0.25,0.031902,0.222,0.004,0.741,0.797,0.234,0.744,2.25,1,train
002043,3,1,0,3,0,0,0,25.364,33.98,2.28,0.013084,0.111,0.0,0.883,0.782,0.162,0.438,2.78,0,train
002044,13,5,0,13,1,3,0,11.808,37.438,0.69,0.04964,0.256,0.0,0.65,0.687,0.333,0.515,1.89,0,test
002045,6,4,5,1,4,2,0,12.78,15.649,2.16,0.045056,0.389,0.0,0.767,0.766,0.234,0.704,1.9,1,validation
002046,4,2,0,4,0,1,0,21.819,37.539,1.29,0.022039,0.167,0.0,0.767,0.718,0.255,0.477,2.33,0,train
002047,3,1,0,3,1,1,0,7.568,36.111,3.26,0.168394,0.222,0.047,0.676,0.793,0.271,0.552,2.03,1,train
002048,4,2,1,3,2,2,0,11.404,20.796,2.25,0.045146,0.333,0.0,0.767,0.773,0.231,0.754,2.58,1,test
002049,5,4,1,4,1,0,1,5.857,29.199,1.24,0.165984,0.067,0.136,0.441,0.886,0.359,0.616,1.81,1,train
002050,20,5,1,19,1,16,2,5.528,26.362,1.27,0.143489,0.567,0.079,0.202,0.721,0.565,0.632,2.95,1,train
002051,5,5,0,5,2,3,0,17.795,27.756,2.11,0.013406,0.467,0.0,0.767,0.739,0.246,0.508,1.71,1,test
002052,6,1,0,4,0,1,1,6.563,26.978,0.43,0.321393,0.167,0.13,0.26,0.799,0.498,0.519,1.58,0,validation
002053,1,0,0,1,0,0,0,48.149,48.149,4.48,0.001566,0.0,0.0,1.0,0.745,0.115,0.28,1.53,0,train
002054,5,3,0,5,1,1,0,10.852,26.579,0.21,0.049379,0.333,0.0,0.65,0.693,0.331,0.559,2.95,1,train
002055,1,0,0,1,0,0,0,57.983,57.983,3.92,0.001174,0.0,0.0,1.0,0.693,0.138,0.28,1.63,0,train
002056,4,1,0,4,0,1,1,19.195,35.825,0.81,0.019651,0.25,0.158,0.24,0.648,0.576,0.582,2.25,0,validation
002057,5,2,0,5,1,0,0,13.451,24.821,1.02,0.047029,0.2,0.0,0.883,0.845,0.134,0.501,1.81,0,train
002058,1,1,1,0,1,0,0,7.819,7.819,0.55,0.025173,0.0,0.0,1.0,0.959,0.019,0.803,1.73,1,train
002059,1,1,1,0,1,0,0,8.975,8.975,0.51,0.02935,0.0,0.0,1.0,0.952,0.021,0.797,3.11,1,train
002060,8,4,0,7,2,4,1,10.3,21.045,0.0,0.086585,0.5,0.111,0.072,0.695,0.648,0.646,3.0,0,test
002061,2,0,0,2,0,1,0,17.256,24.521,4.15,0.01687,0.333,0.0,0.767,0.742,0.244,0.465,1.69,0,train
002062,6,5,0,6,4,1,1,2.992,15.665,2.51,0.097864,0.167,0.167,0.117,0.817,0.568,0.679,1.88,1,train
002063,11,3,10,1,3,6,3,9.195,23.579,1.56,0.043543,0.606,0.187,0.13,0.701,0.613,0.803,3.12,1,test
002064,2,1,0,2,0,1,0,10.947,24.076,3.4,0.070703,0.333,0.0,0.767,0.775,0.229,0.507,1.95,0,train
002065,2,0,2,0,0,0,0,22.179,22.318,5.23,0.002954,0.0,0.0,1.0,0.883,0.053,0.572,1.34,0,train
002066,1,0,0,1,0,0,0,60.384,60.384,3.54,0.001027,0.0,0.0,1.0,0.68,0.144,0.28,1.69,0,validation
002067,14,4,0,14,2,7,1,6.046,23.012,2.2,0.099609,0.405,0.076,0.085,0.718,0.63,0.609,2.96,1,train
002068,6,5,0,6,3,0,1,7.326,21.389,2.89,0.325653,0.111,0.073,0.597,0.878,0.276,0.588,1.98,1,train
002069,2,0,0,2,0,0,0,49.242,61.297,4.77,0.001582,0.0,0.0,1.0,0.739,0.117,0.28,1.67,0,test
002070,5,1,0,5,1,0,0,24.246,36.767,0.53,0.018601,0.133,0.024,0.805,0.788,0.202,0.554,2.21,0,validation
002071,8,6,7,1,4,2,0,6.793,18.34,0.76,0.378574,0.25,0.026,0.572,0.714,0.364,0.764,2.3,1,test
002072,5,4,0,5,2,1,0,8.424,25.318,0.18,0.106867,0.2,0.0,0.767,0.789,0.223,0.551,1.77,1,test
002073,4,2,3,1,2,1,1,5.273,11.562,2.56,0.092573,0.167,0.098,0.526,0.805,0.348,0.729,2.67,1,validation
002074,4,2,0,4,0,1,1,6.858,38.477,0.03,0.141958,0.167,0.152,0.37,0.797,0.438,0.583,1.59,0,train
002075,1,0,1,0,0,0,0,41.193,41.193,8.81,0.001076,0.0,0.0,1.0,0.782,0.098,0.445,1.81,0,train
002076,6,1,4,2,0,0,0,24.709,36.019,1.38,0.021461,0.167,0.0,0.883,0.786,0.161,0.532,2.5,0,test
002077,10,3,0,10,2,5,1,10.354,22.657,1.09,0.058467,0.367,0.099,0.123,0.779,0.582,0.59,2.67,1,train
002078,4,2,0,4,1,0,0,13.34,21.941,1.49,0.038708,0.083,0.0,0.883,0.846,0.133,0.501,1.82,0,train
002079,5,1,0,5,0,1,1,6.013,21.331,0.61,0.103264,0.333,0.18,0.065,0.718,0.641,0.692,2.27,0,train
002080,8,1,1,7,0,3,2,5.505,15.45,3.15,0.180135,0.375,0.216,0.13,0.804,0.567,0.622,3.02,1,validation
002081,6,2,0,6,2,4,1,3.297,19.73,2.86,0.173593,0.5,0.17,0.117,0.816,0.569,0.667,2.48,1,train
002082,9,3,0,9,2,2,1,8.986,27.826,1.5,0.172823,0.222,0.047,0.377,0.702,0.477,0.612,2.88,1,train
002083,4,1,0,4,0,0,0,26.855,47.126,0.51,0.006103,0.25,0.0,0.883,0.774,0.166,0.538,2.0,0,test
002084,7,0,2,5,0,0,0,20.914,44.743,3.99,0.009838,0.143,0.0,0.883,0.806,0.151,0.538,3.08,0,validation
002085,9,0,0,9,0,3,1,7.514,17.644,3.54,0.147279,0.37,0.116,0.292,0.794,0.482,0.588,2.25,0,validation
002086,9,5,0,9,3,3,1,4.01,21.633,3.1,0.099355,0.37,0.133,0.117,0.812,0.57,0.674,2.43,1,train
002087,3,1,0,3,1,1,0,23.446,26.704,1.89,0.011281,0.222,0.0,0.767,0.709,0.259,0.497,1.67,0,validation
002088,12,5,1,11,2,9,0,10.103,26.416,0.25,0.108634,0.611,0.021,0.488,0.697,0.418,0.613,2.25,1,validation
002089,2,1,0,2,1,1,1,13.581,18.134,1.57,0.050103,0.5,0.405,0.123,0.678,0.627,0.578,0.93,0,train
002090,3,1,0,3,0,1,0,24.907,36.321,0.05,0.021884,0.333,0.07,0.514,0.618,0.439,0.511,2.2,0,train
002091,3,0,1,2,0,1,1,6.826,18.663,4.11,0.051986,0.444,0.217,0.351,0.714,0.486,0.69,2.51,0,validation
002092,9,1,1,8,0,1,1,26.063,37.268,0.37,0.009713,0.185,0.058,0.423,0.612,0.492,0.549,2.38,0,validation
002093,4,2,0,4,1,0,1,4.684,16.219,3.04,0.11111,0.167,0.242,0.253,0.892,0.46,0.641,2.16,1,test
002094,2,0,1,1,0,1,0,22.676,23.155,5.73,0.021031,0.5,0.125,0.488,0.63,0.448,0.569,2.21,0,train
002095,14,2,10,4,1,1,1,7.295,19.621,0.72,0.065499,0.19,0.034,0.526,0.795,0.353,0.714,2.27,1,validation
002096,11,2,2,9,0,2,0,10.411,41.686,1.56,0.072173,0.303,0.021,0.617,0.778,0.31,0.608,3.07,0,train
002097,6,2,0,6,0,0,0,18.303,47.416,2.13,0.035819,0.167,0.0,0.883,0.82,0.145,0.458,2.44,0,train
002098,4,4,0,4,1,1,0,13.794,28.561,0.42,0.024473,0.25,0.0,0.767,0.76,0.236,0.539,1.62,0,train
002099,2,1,0,2,0,0,0,32.381,47.928,3.12,0.01159,0.167,0.0,0.883,0.745,0.179,0.408,1.8,0,validation
002100,1,1,0,1,0,0,0,40.24,40.24,0.08,0.004797,0.333,0.0,0.883,0.704,0.198,0.495,0.15,0,train
002101,8,2,1,6,1,2,0,8.843,25.79,0.67,0.128831,0.333,0.0,0.767,0.787,0.224,0.645,2.87,0,train
002102,9,3,0,9,2,4,1,9.794,21.279,2.74,0.083895,0.444,0.083,0.254,0.698,0.546,0.593,2.89,1,validation
002103,6,6,0,5,4,0,1,5.373,18.958,2.31,0.160884,0.167,0.133,0.363,0.888,0.4,0.671,2.07,1,train
002104,3,1,0,2,0,0,0,30.576,39.041,0.7,0.00994,0.111,0.053,0.779,0.755,0.232,0.481,1.9,0,validation
002105,14,4,0,13,1,1,2,6.625,30.434,0.01,0.142742,0.214,0.109,0.136,0.715,0.603,0.599,2.07,0,train
002106,15,7,0,15,5,9,0,7.424,23.248,2.62,0.167417,0.511,0.031,0.455,0.711,0.43,0.563,2.88,1,train
002107,11,7,0,11,3,1,2,6.516,30.606,0.89,0.181945,0.212,0.09,0.377,0.799,0.433,0.595,2.12,1,train
002108,1,1,1,0,1,0,0,9.078,9.078,2.42,0.018885,0.0,0.0,1.0,0.952,0.022,0.709,1.69,1,train
002109,3,1,0,3,1,1,1,6.321,25.498,2.49,0.163076,0.222,0.15,0.474,0.8,0.379,0.62,2.05,1,test
002110,10,0,2,8,0,1,2,12.88,36.068,6.35,0.025843,0.233,0.153,0.039,0.682,0.672,0.649,2.29,0,test
002111,3,3,0,3,1,0,1,5.312,29.922,2.59,0.156985,0.0,0.257,0.499,0.972,0.288,0.634,2.08,1,test
002112,8,3,3,5,1,1,1,6.414,31.119,2.52,0.085675,0.125,0.117,0.156,0.799,0.555,0.612,1.83,1,train
002113,5,1,0,4,0,0,0,26.706,48.661,0.28,0.016327,0.0,0.014,0.955,0.859,0.089,0.434,2.21,0,test
002114,4,2,1,2,2,0,0,6.762,18.01,0.63,0.104818,0.083,0.0,0.883,0.881,0.118,0.7,2.64,1,validation
002115,3,1,0,3,0,0,0,45.131,57.051,0.69,0.00496,0.111,0.0,0.883,0.678,0.209,0.408,2.86,0,train
002116,2,0,0,2,0,0,0,33.623,38.204,7.29,0.063413,0.0,0.065,0.915,0.822,0.127,0.366,1.71,0,validation
002117,1,1,1,0,1,0,0,7.968,7.968,1.85,0.025666,0.0,0.0,1.0,0.958,0.019,0.742,2.49,1,train
002118,4,1,0,4,1,2,0,22.789,36.779,0.97,0.07168,0.5,0.0,0.65,0.629,0.359,0.612,2.01,0,train
002119,6,0,0,6,0,0,0,15.199,27.895,3.91,0.046524,0.167,0.0,0.883,0.836,0.138,0.479,2.13,0,train
002120,1,0,0,1,0,0,0,13.664,13.664,4.36,0.043121,0.0,0.0,1.0,0.928,0.033,0.489,0.12,0,train
002121,2,0,0,2,0,0,0,18.855,30.769,3.59,0.078667,0.0,0.0,1.0,0.9,0.045,0.454,1.96,0,validation
002122,2,0,0,2,0,1,0,14.886,16.089,6.25,0.060144,0.5,0.0,0.767,0.755,0.239,0.518,0.6,0,validation
002123,3,2,0,3,2,1,0,8.934,27.511,0.03,0.048322,0.222,0.0,0.767,0.786,0.225,0.686,1.6,1,train
002124,5,1,3,2,1,2,1,4.612,16.715,3.17,0.109881,0.333,0.192,0.143,0.809,0.558,0.681,1.6,1,train
002125,2,1,0,2,1,0,0,24.51,48.406,0.69,0.00583,0.0,0.0,1.0,0.87,0.058,0.545,1.66,0,validation
002126,14,2,0,14,1,4,1,14.942,33.749,0.59,0.026556,0.333,0.063,0.195,0.754,0.554,0.593,2.41,0,validation
002127,3,2,0,2,0,0,0,8.994,29.16,3.05,0.119726,0.0,0.0,1.0,0.952,0.021,0.52,1.94,0,train
002128,7,2,1,6,0,0,1,7.462,26.093,0.36,0.225046,0.143,0.074,0.649,0.877,0.248,0.63,2.23,0,test
002129,13,3,0,13,0,3,0,16.932,39.242,0.12,0.044097,0.282,0.0,0.767,0.744,0.244,0.467,2.74,0,train
002130,6,2,0,6,2,2,0,7.519,23.273,2.67,0.139009,0.278,0.028,0.656,0.794,0.282,0.572,1.98,1,train
002131,4,0,0,4,0,0,1,12.623,22.202,3.83,0.046587,0.25,0.19,0.389,0.85,0.403,0.583,2.56,0,validation
002132,4,4,0,4,1,2,0,20.59,28.685,2.03,0.00946,0.417,0.0,0.767,0.724,0.252,0.513,1.7,0,validation
002133,4,0,3,0,0,0,0,8.898,16.366,5.03,0.049123,0.0,0.0,1.0,0.953,0.021,0.631,2.18,0,train
002134,14,7,0,14,5,10,2,6.016,19.808,2.64,0.16481,0.571,0.104,0.182,0.718,0.577,0.627,2.86,1,train
002135,15,3,1,14,1,10,1,9.952,24.423,2.62,0.080782,0.489,0.047,0.189,0.697,0.583,0.583,2.99,0,train
002136,6,0,0,5,0,5,2,14.306,28.967,9.23,0.0401,0.833,0.182,0.26,0.674,0.554,0.613,1.77,0,test
002137,4,3,0,4,2,0,1,4.336,15.736,1.23,0.157574,0.0,0.27,0.363,0.977,0.361,0.653,2.37,1,train
002138,4,0,0,4,0,2,1,7.319,20.001,3.64,0.157259,0.417,0.105,0.494,0.795,0.371,0.565,2.04,0,train
002139,10,1,0,9,1,2,1,11.882,28.269,0.12,0.043128,0.3,0.084,0.221,0.77,0.532,0.602,1.56,0,train
002140,7,1,0,5,0,2,1,5.495,26.319,0.45,0.291715,0.286,0.136,0.149,0.804,0.556,0.539,1.58,0,train
002141,2,0,0,2,0,0,1,8.579,16.551,5.54,0.098579,0.0,0.38,0.506,0.955,0.292,0.584,2.46,0,train
002142,12,5,0,12,1,1,0,12.01,33.86,0.59,0.046036,0.25,0.0,0.767,0.77,0.232,0.523,1.75,0,test
002143,3,0,0,2,0,0,0,14.133,37.888,4.34,0.027068,0.0,0.0,1.0,0.925,0.034,0.486,1.71,0,train
002144,1,1,1,0,1,0,0,8.994,8.994,1.71,0.01816,0.0,0.0,1.0,0.952,0.021,0.742,1.88,1,train
002145,6,4,0,6,3,1,1,5.694,22.259,0.31,0.162814,0.167,0.112,0.331,0.803,0.456,0.634,1.95,1,train
002146,1,0,0,1,0,0,0,39.311,39.311,8.23,0.005451,0.333,0.0,0.883,0.709,0.195,0.345,2.98,0,train
002147,15,4,1,14,2,10,1,6.676,25.436,0.49,0.1251,0.556,0.053,0.136,0.715,0.603,0.679,2.41,1,train
002148,1,0,0,1,0,0,0,28.711,28.711,4.6,0.005467,0.0,0.0,1.0,0.848,0.068,0.389,1.79,0,test
002149,6,6,6,0,4,0,0,6.384,20.921,1.17,0.095141,0.056,0.027,0.779,0.883,0.174,0.713,2.0,1,test
002150,9,0,0,9,0,6,1,9.238,23.302,4.56,0.095592,0.556,0.071,0.351,0.784,0.454,0.596,2.84,0,train
002151,6,1,0,4,0,0,0,15.628,31.12,0.73,0.114216,0.167,0.0,0.883,0.834,0.139,0.476,1.58,0,validation
002152,11,6,0,11,4,2,2,3.116,24.745,2.7,0.158465,0.242,0.135,0.117,0.817,0.568,0.665,2.71,1,test
002153,10,6,2,8,2,0,1,3.608,33.213,2.09,0.104187,0.033,0.101,0.233,0.898,0.468,0.665,2.44,1,train
002154,1,0,0,1,0,0,0,59.578,59.578,3.58,0.001033,0.0,0.0,1.0,0.685,0.142,0.28,1.66,0,train
002155,15,1,0,15,1,5,0,11.425,34.747,0.34,0.17792,0.356,0.03,0.565,0.773,0.341,0.611,2.49,0,train
002156,11,10,11,0,9,3,1,4.055,14.391,0.06,0.109925,0.303,0.074,0.487,0.812,0.367,0.833,3.03,1,validation
002157,11,8,1,10,4,4,1,4.241,32.081,0.0,0.135549,0.333,0.087,0.143,0.811,0.557,0.659,2.28,1,validation
002158,7,4,0,7,3,3,1,4.602,18.964,2.47,0.077777,0.333,0.141,0.123,0.809,0.568,0.629,2.37,1,test
002159,1,1,1,0,1,0,0,7.517,7.517,1.14,0.033628,0.0,0.0,1.0,0.96,0.018,0.778,2.98,1,validation
002160,9,6,8,1,4,1,0,7.06,19.342,0.97,0.16639,0.111,0.006,0.734,0.796,0.238,0.71,2.35,1,train
002161,9,4,2,7,4,4,2,3.761,18.809,3.06,0.155785,0.296,0.184,0.117,0.813,0.57,0.641,2.29,1,test
002162,1,0,0,1,0,0,0,26.872,26.872,10.3,0.011063,0.0,0.0,1.0,0.858,0.064,0.401,1.92,0,train
002163,4,1,0,4,0,1,1,24.831,39.756,2.51,0.006227,0.25,0.203,0.123,0.619,0.654,0.559,2.3,0,test
002164,4,1,2,2,0,0,0,14.613,34.369,1.01,0.023441,0.167,0.0,0.883,0.839,0.136,0.623,3.08,0,validation
002165,2,1,0,2,0,0,0,39.522,57.797,0.69,0.004871,0.167,0.0,0.883,0.707,0.196,0.408,2.06,0,test
002166,3,0,0,3,0,1,0,22.299,52.88,5.01,0.084033,0.444,0.0,0.65,0.632,0.358,0.458,2.01,0,test
002167,7,0,1,6,0,0,1,13.551,36.196,7.93,0.046225,0.095,0.101,0.422,0.845,0.388,0.546,2.37,0,train
002168,9,1,0,9,0,5,1,11.195,24.745,3.32,0.053117,0.481,0.069,0.247,0.691,0.553,0.635,2.93,0,train
002169,9,4,0,9,4,5,1,4.79,21.359,2.11,0.11583,0.407,0.102,0.169,0.808,0.544,0.643,2.99,1,train
002170,5,1,0,5,0,0,0,47.43,57.148,1.2,0.004956,0.067,0.0,0.883,0.666,0.215,0.385,2.23,0,validation
002171,14,2,10,4,1,2,0,16.813,33.044,0.72,0.012575,0.19,0.004,0.734,0.744,0.261,0.672,2.69,1,train
002172,8,3,0,8,1,2,0,12.475,38.552,0.08,0.04244,0.25,0.029,0.617,0.767,0.315,0.564,2.4,0,test
002173,10,1,0,9,0,2,1,8.025,27.045,0.62,0.095138,0.333,0.079,0.175,0.708,0.585,0.585,1.57,0,validation
002174,2,1,0,2,0,0,0,39.026,54.595,3.26,0.007845,0.167,0.0,0.883,0.71,0.195,0.357,1.81,0,validation
002175,16,2,12,4,1,1,0,8.832,19.642,0.72,0.034454,0.188,0.022,0.63,0.787,0.299,0.733,2.29,1,test
002176,9,5,1,8,2,1,0,6.606,29.979,0.2,0.048387,0.259,0.018,0.663,0.798,0.276,0.715,2.2,1,test
002177,10,5,0,10,4,1,2,4.02,23.758,3.15,0.131465,0.3,0.139,0.117,0.812,0.57,0.643,2.64,1,train
002178,1,1,1,0,1,0,0,7.683,7.683,1.62,0.035528,0.0,0.0,1.0,0.959,0.018,0.755,2.9,1,test
002179,1,1,0,1,1,0,0,20.593,20.593,2.25,0.009799,0.0,0.0,1.0,0.891,0.049,0.5,1.72,0,test
002180,5,5,5,0,4,0,0,5.252,16.381,2.15,0.050211,0.0,0.05,0.838,0.972,0.102,0.753,2.04,1,train
002181,13,4,1,12,2,9,0,10.013,23.428,0.07,0.123937,0.513,0.0,0.65,0.697,0.329,0.598,2.34,1,validation
002182,9,2,0,9,1,1,1,12.703,30.046,0.96,0.062592,0.259,0.048,0.487,0.766,0.387,0.53,1.57,0,train
002183,7,3,0,7,2,3,1,7.345,22.312,2.44,0.140756,0.333,0.059,0.5,0.794,0.367,0.564,2.04,0,train
002184,2,0,0,2,0,0,1,11.878,32.21,6.95,0.014772,0.167,0.46,0.285,0.854,0.459,0.574,2.99,0,test
002185,7,4,0,7,2,3,0,8.222,29.442,1.13,0.098981,0.333,0.0,0.767,0.79,0.223,0.559,2.86,1,test
002186,1,1,0,1,0,0,0,37.242,37.242,2.89,0.002422,0.0,0.0,1.0,0.803,0.089,0.36,1.65,0,train
002187,10,0,0,10,0,3,2,4.313,17.192,3.56,0.133466,0.367,0.15,0.117,0.811,0.571,0.658,2.56,0,test
002188,3,0,0,3,0,1,0,50.059,53.599,13.95,0.01701,0.444,0.0,0.65,0.485,0.424,0.36,1.98,0,test
002189,5,4,5,0,4,0,0,13.451,18.603,3.07,0.008132,0.0,0.0,1.0,0.929,0.032,0.638,1.69,1,validation
002190,1,0,0,1,0,0,0,55.738,55.738,7.36,0.002015,0.0,0.0,1.0,0.705,0.133,0.28,1.94,0,validation
002191,2,0,0,2,0,0,0,14.206,30.716,7.84,0.064656,0.167,0.12,0.727,0.841,0.221,0.504,2.98,0,validation
002192,1,0,0,1,0,0,0,30.02,30.02,4.76,0.005465,0.0,0.0,1.0,0.841,0.072,0.38,1.71,0,train
002193,5,5,0,5,2,0,2,3.814,23.682,2.5,0.144163,0.067,0.274,0.246,0.896,0.461,0.679,2.25,1,validation
002194,15,2,1,14,1,11,2,7.186,23.883,0.04,0.158221,0.622,0.083,0.247,0.712,0.544,0.662,2.26,0,validation
002195,5,4,0,5,1,0,0,20.542,31.073,1.0,0.011942,0.133,0.0,0.883,0.808,0.151,0.493,1.79,0,validation
002196,1,0,0,1,0,0,0,40.399,40.399,11.89,0.002346,0.0,0.0,1.0,0.786,0.096,0.311,1.64,0,validation
002197,1,0,0,1,0,0,0,28.455,28.455,6.68,0.004756,0.0,0.0,1.0,0.849,0.068,0.39,1.62,0,test
002198,3,0,0,3,0,2,0,26.947,31.35,8.32,0.010423,0.556,0.0,0.767,0.691,0.268,0.427,2.89,0,validation
002199,8,3,2,6,3,0,1,6.321,28.301,0.14,0.205746,0.25,0.051,0.617,0.883,0.263,0.667,2.45,1,test
002200,8,4,1,7,1,1,2,5.14,26.165,0.29,0.138689,0.167,0.225,0.143,0.806,0.559,0.633,3.02,1,test
002201,7,1,0,7,1,4,2,5.289,22.06,0.4,0.101839,0.476,0.203,0.026,0.722,0.661,0.648,1.57,0,train
002202,4,2,0,4,0,1,0,32.381,44.017,0.11,0.007742,0.167,0.0,0.767,0.662,0.28,0.488,2.07,0,train
002203,1,0,0,1,0,0,0,44.996,44.996,7.6,0.003541,0.333,0.0,0.883,0.678,0.209,0.307,2.97,0,train
002204,1,0,0,1,0,0,0,80.017,80.017,6.89,0.000499,0.0,0.0,1.0,0.576,0.191,0.28,1.59,0,train
002205,13,1,0,13,0,3,2,6.296,35.668,0.1,0.110488,0.282,0.144,0.149,0.8,0.558,0.612,2.36,0,validation
002206,8,5,7,1,5,0,0,9.949,18.058,0.61,0.020071,0.125,0.0,0.883,0.864,0.125,0.786,1.8,1,test
002207,3,1,0,3,1,0,1,17.171,20.148,1.34,0.038631,0.222,0.173,0.545,0.826,0.328,0.59,2.68,0,test
002208,1,0,0,1,0,0,0,38.7,38.7,8.16,0.004957,0.333,0.0,0.883,0.712,0.194,0.349,2.94,0,train
002209,9,4,0,9,2,3,1,5.312,28.169,1.55,0.22283,0.333,0.102,0.052,0.722,0.647,0.62,2.88,1,train
002210,7,1,1,6,1,2,1,5.91,38.247,0.71,0.294623,0.238,0.14,0.13,0.802,0.568,0.619,2.6,0,train
002211,6,1,1,5,1,3,1,5.873,20.894,1.58,0.090424,0.389,0.157,0.039,0.719,0.655,0.696,2.26,0,train
002212,13,1,0,13,0,6,1,14.676,37.146,0.18,0.032617,0.359,0.048,0.364,0.756,0.46,0.531,2.3,0,train
002213,2,2,0,1,1,0,0,24.616,33.745,3.1,0.005275,0.0,0.0,1.0,0.87,0.059,0.354,1.79,0,test
002214,6,4,0,6,2,1,1,8.787,24.103,0.14,0.093592,0.222,0.072,0.487,0.787,0.378,0.562,2.21,1,train
002215,4,1,0,4,1,0,1,14.113,21.297,3.47,0.066282,0.25,0.098,0.63,0.842,0.275,0.514,2.86,0,test
002216,11,4,1,10,2,5,2,8.195,25.65,0.27,0.112525,0.394,0.15,0.156,0.707,0.596,0.638,2.82,1,train
002217,6,1,0,6,1,0,1,12.592,34.542,0.1,0.266811,0.0,0.11,0.571,0.933,0.266,0.596,1.55,0,train
002218,4,0,0,4,0,0,0,10.078,25.271,3.62,0.070537,0.25,0.0,0.883,0.863,0.126,0.513,1.78,0,train
002219,9,2,0,9,2,4,2,5.06,16.213,3.38,0.121672,0.407,0.218,0.123,0.807,0.569,0.652,2.46,1,train
002220,1,1,0,1,0,0,0,68.895,68.895,0.83,0.000718,0.0,0.0,1.0,0.635,0.164,0.402,1.66,0,validation
002221,5,4,0,5,2,1,0,8.066,28.079,1.15,0.167314,0.2,0.012,0.728,0.791,0.244,0.547,1.98,1,test
002222,1,0,0,1,0,0,0,74.573,74.573,6.49,0.000605,0.0,0.0,1.0,0.605,0.178,0.28,1.61,0,train
002223,7,2,0,7,2,1,2,6.922,23.102,2.08,0.077556,0.238,0.204,0.182,0.713,0.579,0.591,2.44,0,train
002224,3,1,0,3,0,0,0,24.034,47.371,2.14,0.011593,0.0,0.0,1.0,0.873,0.057,0.42,1.94,0,train
002225,9,2,0,9,0,5,1,9.979,28.06,2.99,0.082604,0.444,0.049,0.364,0.697,0.486,0.573,3.13,0,train
002226,1,0,1,0,0,0,0,10.167,10.167,4.73,0.01732,0.333,0.0,0.883,0.863,0.126,0.679,2.63,0,train
002227,6,0,2,4,0,2,0,17.26,31.457,7.78,0.037579,0.389,0.0,0.65,0.659,0.346,0.54,2.85,0,train
002228,6,2,0,6,1,1,0,23.216,43.276,0.54,0.016298,0.167,0.0,0.767,0.71,0.259,0.557,2.04,0,validation
002229,5,2,0,5,0,0,1,30.383,57.997,0.0,0.01059,0.067,0.128,0.467,0.756,0.403,0.44,2.2,0,train
002230,10,3,0,10,1,9,1,8.702,26.354,0.03,0.223439,0.8,0.049,0.351,0.704,0.49,0.605,2.32,0,train
002231,2,1,0,2,1,0,1,13.164,17.832,0.08,0.33817,0.0,0.31,0.597,0.93,0.253,0.586,1.53,0,validation
002232,6,3,1,5,1,0,1,7.092,30.833,0.32,0.154054,0.111,0.082,0.565,0.879,0.294,0.572,1.99,0,validation
002233,5,3,1,4,2,0,0,16.62,33.26,0.33,0.028927,0.133,0.0,0.883,0.829,0.141,0.595,1.9,1,train
002234,7,4,0,7,3,1,0,8.5,19.45,2.48,0.130254,0.286,0.009,0.728,0.788,0.245,0.541,2.04,1,train
002235,2,0,0,2,0,0,0,17.482,39.625,7.08,0.040516,0.167,0.0,0.883,0.824,0.143,0.463,2.7,0,train
002236,3,3,0,3,1,0,0,16.294,28.194,2.35,0.020844,0.222,0.0,0.883,0.83,0.14,0.477,1.9,0,test
002237,6,5,0,5,3,1,1,6.856,27.209,0.57,0.18934,0.278,0.075,0.474,0.797,0.381,0.593,1.97,1,train
002238,1,1,0,1,0,0,0,76.656,76.656,3.19,0.00053,0.0,0.0,1.0,0.594,0.183,0.294,1.6,0,validation
002239,4,2,0,4,1,2,1,5.914,33.463,1.55,0.113223,0.5,0.2,0.13,0.719,0.605,0.687,3.02,1,validation
002240,3,0,0,3,0,0,0,15.478,27.122,8.26,0.052709,0.111,0.0,0.883,0.835,0.139,0.477,2.62,0,validation
002241,6,1,0,6,0,0,1,4.38,42.136,0.31,0.062195,0.056,0.167,0.233,0.893,0.47,0.631,2.5,0,validation
002242,1,1,0,1,1,0,0,24.091,24.091,3.47,0.007704,0.0,0.0,1.0,0.872,0.057,0.421,1.72,0,train
002243,4,1,2,2,1,1,2,5.393,14.061,3.42,0.078831,0.25,0.412,0.136,0.721,0.6,0.745,2.81,1,train
002244,1,0,0,1,0,0,0,55.026,55.026,3.87,0.00128,0.0,0.0,1.0,0.709,0.131,0.28,1.62,0,test
002245,5,3,3,2,0,2,0,42.03,54.955,0.68,0.005176,0.333,0.0,0.767,0.611,0.303,0.55,3.12,0,train
002246,4,1,0,3,0,3,0,20.573,35.496,0.29,0.017901,0.833,0.0,0.65,0.641,0.354,0.634,1.66,0,train
002247,1,1,1,0,1,0,0,9.302,9.302,1.62,0.01946,0.0,0.0,1.0,0.951,0.022,0.744,1.97,1,train
002248,4,1,0,4,0,0,0,27.896,39.845,0.81,0.012233,0.0,0.0,1.0,0.852,0.066,0.482,2.01,0,train
002249,1,1,1,0,1,0,0,8.308,8.308,3.07,0.027035,0.0,0.0,1.0,0.956,0.02,0.684,2.81,1,train
002250,4,2,0,4,1,1,0,12.26,23.297,1.57,0.044251,0.167,0.0,0.767,0.768,0.233,0.527,1.83,0,train
002251,1,0,0,1,0,0,0,13.447,13.447,5.72,0.065004,0.333,0.0,0.883,0.845,0.134,0.517,2.05,0,train
002252,1,1,0,1,0,0,0,40.917,40.917,1.75,0.001731,0.0,0.0,1.0,0.783,0.097,0.387,1.58,0,train
002253,8,1,0,8,0,2,1,19.042,48.425,2.3,0.030587,0.375,0.045,0.533,0.733,0.377,0.509,2.47,0,validation
002254,13,8,1,12,5,4,2,4.504,28.929,0.23,0.142888,0.308,0.133,0.175,0.809,0.539,0.658,2.88,1,train
002255,4,0,0,4,0,0,0,16.91,29.185,7.47,0.037559,0.0,0.015,0.961,0.91,0.062,0.472,1.73,0,validation
002256,5,3,0,5,1,0,1,7.135,29.822,2.31,0.184723,0.2,0.112,0.519,0.879,0.319,0.584,2.03,1,validation
002257,16,3,1,15,1,11,1,8.514,23.264,2.56,0.10037,0.5,0.063,0.156,0.705,0.597,0.613,2.98,1,train
002258,4,3,0,4,0,1,0,26.854,37.176,0.27,0.005488,0.25,0.0,0.767,0.691,0.267,0.539,1.88,0,validation
002259,3,1,0,3,1,1,0,10.301,16.602,1.1,0.076428,0.222,0.0,0.767,0.779,0.228,0.532,2.1,0,validation
002260,7,1,0,5,1,0,1,6.286,33.637,2.35,0.246626,0.19,0.143,0.233,0.883,0.474,0.538,1.54,0,test
002261,1,1,0,1,1,0,0,23.792,23.792,0.31,0.006211,0.0,0.0,1.0,0.874,0.057,0.567,1.58,0,train
002262,9,1,0,9,0,1,1,9.522,25.505,1.22,0.127203,0.259,0.127,0.169,0.783,0.555,0.601,1.57,0,train
002263,9,2,0,9,1,1,1,3.922,24.377,1.84,0.1515,0.222,0.111,0.0,0.729,0.672,0.634,2.65,0,test
002264,3,0,1,2,0,1,0,18.413,32.892,6.54,0.009138,0.222,0.0,0.767,0.736,0.247,0.597,1.94,0,train
002265,3,2,0,2,1,0,1,6.955,30.379,0.76,0.144388,0.0,0.18,0.649,0.963,0.21,0.589,1.97,1,train
002266,7,5,4,3,4,1,0,12.515,23.059,0.48,0.039671,0.238,0.0,0.767,0.767,0.233,0.678,2.95,1,train
002267,1,1,1,0,1,0,0,8.795,8.795,2.54,0.019322,0.0,0.0,1.0,0.953,0.021,0.705,0.31,1,validation
002268,7,0,0,7,0,1,0,18.708,39.934,7.04,0.029135,0.19,0.0,0.767,0.734,0.248,0.455,2.09,0,train
002269,3,0,1,2,0,1,0,10.361,26.171,3.66,0.082663,0.222,0.0,0.767,0.778,0.228,0.539,1.95,0,test
002270,6,3,0,6,3,3,0,10.93,24.557,3.3,0.044067,0.389,0.0,0.767,0.775,0.229,0.516,2.01,1,train
002271,1,0,1,0,0,0,0,8.207,8.207,3.57,0.032935,0.0,0.0,1.0,0.957,0.02,0.665,0.43,0,validation
002272,7,7,0,7,3,2,1,4.519,24.56,2.99,0.118021,0.19,0.156,0.149,0.809,0.554,0.643,2.31,1,train
002273,1,0,0,1,0,0,0,30.414,30.414,8.61,0.009538,0.333,0.0,0.883,0.756,0.174,0.404,0.35,0,validation
002274,5,4,0,5,3,1,0,8.451,20.907,0.7,0.100836,0.2,0.0,0.767,0.789,0.223,0.563,1.87,1,train
002275,10,6,1,9,3,2,1,5.74,27.492,2.39,0.139404,0.367,0.077,0.266,0.803,0.492,0.651,2.06,1,test
002276,3,0,0,3,0,0,0,20.335,25.485,4.51,0.035893,0.222,0.0,0.883,0.809,0.15,0.471,2.87,0,train
002277,4,4,0,4,3,0,0,8.837,20.161,2.95,0.107196,0.167,0.0,0.883,0.87,0.123,0.546,1.84,1,train
002278,2,1,0,2,0,0,0,54.772,58.53,3.31,0.003715,0.0,0.0,1.0,0.71,0.13,0.289,1.81,0,validation
002279,3,0,3,0,0,2,0,15.496,29.576,3.96,0.007837,0.667,0.0,0.65,0.668,0.342,0.617,1.92,0,validation
002280,3,1,0,3,0,0,0,43.032,62.078,0.64,0.004325,0.222,0.0,0.883,0.689,0.204,0.411,3.03,0,train
002281,15,2,0,15,1,11,1,6.969,25.371,0.03,0.071561,0.622,0.068,0.117,0.713,0.615,0.679,2.35,0,train
002282,9,7,9,0,7,1,0,8.252,13.504,0.01,0.029002,0.148,0.0,0.767,0.79,0.223,0.806,2.8,1,train
002283,3,1,2,1,0,0,0,24.762,31.176,0.02,0.008319,0.111,0.0,0.883,0.786,0.161,0.562,1.55,0,train
002284,2,1,0,2,0,0,0,28.359,39.874,3.35,0.022831,0.0,0.0,1.0,0.85,0.068,0.398,1.86,0,train
002285,8,3,3,5,1,4,0,21.808,36.618,0.28,0.007812,0.417,0.0,0.65,0.635,0.357,0.57,3.01,0,validation
002286,4,1,0,4,0,0,1,11.307,55.423,0.3,0.020514,0.167,0.223,0.305,0.857,0.447,0.602,2.33,0,train
002287,1,1,1,0,1,0,0,9.488,9.488,3.12,0.023187,0.0,0.0,1.0,0.95,0.023,0.674,0.33,1,train
002288,6,0,3,3,0,2,1,14.294,26.718,8.37,0.022712,0.222,0.065,0.513,0.758,0.377,0.661,2.74,0,test
002289,8,2,8,0,2,2,0,9.067,24.503,1.25,0.017321,0.375,0.0,0.65,0.702,0.327,0.762,2.16,1,train
002290,8,5,0,8,4,2,1,4.899,21.205,0.58,0.111001,0.333,0.119,0.149,0.807,0.555,0.64,1.57,1,train
002291,3,2,0,3,0,1,0,34.71,52.187,0.1,0.003486,0.222,0.0,0.767,0.65,0.286,0.504,2.02,0,test
002292,4,2,0,4,0,0,0,28.191,42.139,0.86,0.011309,0.167,0.0,0.883,0.767,0.169,0.419,1.87,0,train
002293,11,2,0,9,1,1,1,15.608,36.458,0.1,0.022028,0.273,0.085,0.045,0.667,0.675,0.626,1.56,0,test
002294,6,3,2,4,3,2,1,3.217,16.328,1.12,0.070886,0.333,0.167,0.117,0.816,0.568,0.8,2.64,1,train
002295,14,4,0,13,1,3,1,8.947,32.71,0.5,0.11454,0.262,0.064,0.182,0.786,0.546,0.574,1.93,1,test
002296,3,0,1,2,0,1,0,24.882,35.114,8.31,0.006463,0.333,0.0,0.767,0.702,0.263,0.554,2.95,0,train
002297,3,1,0,3,0,0,0,33.76,42.277,0.84,0.005793,0.0,0.0,1.0,0.821,0.08,0.477,1.57,0,train
002298,2,1,0,2,0,0,0,35.7,52.931,1.71,0.003995,0.0,0.0,1.0,0.811,0.085,0.362,1.76,0,test
002299,1,0,1,0,0,0,0,10.437,10.437,5.84,0.032303,0.333,0.0,0.883,0.861,0.127,0.677,2.51,0,validation
002300,4,4,0,4,2,0,1,4.153,25.301,2.63,0.103902,0.083,0.245,0.246,0.895,0.462,0.661,2.29,1,test
002301,6,2,1,4,2,0,1,16.302,26.802,0.56,0.012301,0.167,0.148,0.305,0.83,0.459,0.631,2.89,1,validation
002302,5,5,0,5,2,2,0,13.595,27.943,0.04,0.034569,0.267,0.0,0.767,0.761,0.236,0.541,1.78,1,train
002303,8,6,0,8,4,3,1,5.364,27.444,0.24,0.251061,0.292,0.11,0.195,0.805,0.531,0.632,2.05,1,validation
002304,2,1,0,2,0,0,1,40.341,48.192,0.27,0.011777,0.167,0.32,0.467,0.703,0.427,0.459,1.55,0,train
002305,8,1,0,8,0,4,0,19.977,31.583,0.18,0.022256,0.375,0.0,0.767,0.728,0.251,0.53,2.15,0,test
002306,6,6,0,5,3,4,0,12.124,30.197,2.66,0.060224,0.444,0.0,0.767,0.769,0.232,0.555,1.81,1,test
002307,4,0,1,3,0,1,0,24.717,33.53,5.95,0.021794,0.25,0.0,0.767,0.702,0.262,0.509,2.19,0,validation
002308,7,0,1,6,0,0,0,31.9,49.613,12.49,0.0164,0.238,0.04,0.701,0.748,0.278,0.447,2.94,0,validation
002309,6,1,1,5,1,0,1,12.805,26.953,0.18,0.273688,0.0,0.148,0.421,0.932,0.349,0.599,2.27,0,validation
002310,1,0,1,0,0,0,0,11.831,11.831,7.3,0.02022,0.0,0.08,0.948,0.937,0.057,0.648,0.78,0,train
002311,6,1,0,6,0,0,1,25.153,44.994,0.8,0.025157,0.167,0.065,0.63,0.784,0.301,0.536,2.25,0,train
002312,3,0,0,3,0,1,1,16.668,19.556,6.75,0.036056,0.444,0.29,0.085,0.662,0.656,0.572,1.06,0,test
002313,6,2,0,6,0,3,0,18.329,35.151,0.54,0.034217,0.333,0.025,0.669,0.736,0.301,0.47,2.36,0,train
002314,11,1,0,10,0,3,0,10.023,30.796,0.68,0.088052,0.333,0.0,0.767,0.78,0.227,0.513,1.57,0,validation
002315,12,7,11,1,6,3,0,8.744,13.575,1.26,0.021358,0.222,0.0,0.767,0.787,0.224,0.757,2.73,1,test
002316,2,1,0,1,1,0,0,7.151,15.981,2.24,0.122734,0.0,0.075,0.902,0.962,0.071,0.472,2.13,0,train
002317,17,4,1,16,2,11,1,7.635,24.67,0.5,0.122436,0.569,0.038,0.383,0.71,0.47,0.642,2.4,1,validation
002318,13,1,0,13,1,5,0,7.819,30.747,0.33,0.141541,0.385,0.007,0.708,0.792,0.254,0.579,2.01,0,test
002319,3,1,0,3,0,0,0,20.739,45.202,2.09,0.018246,0.0,0.0,1.0,0.89,0.049,0.442,2.0,0,test
002320,2,2,1,1,1,1,1,4.666,23.934,1.4,0.1291,0.5,0.265,0.305,0.725,0.506,0.857,2.16,1,train
002321,1,0,0,1,0,0,0,20.031,20.031,8.93,0.027447,0.333,0.0,0.883,0.811,0.149,0.473,0.52,0,train
002322,11,2,2,9,0,2,0,11.46,42.931,0.98,0.053293,0.273,0.024,0.598,0.773,0.324,0.602,3.09,0,train
002323,1,0,0,1,0,0,0,33.228,33.228,8.28,0.007928,0.333,0.0,0.883,0.741,0.181,0.385,2.94,0,test
002324,1,0,1,0,0,0,0,8.43,8.43,3.71,0.037494,0.333,0.0,0.883,0.872,0.122,0.69,2.51,0,validation
002325,3,1,0,3,0,0,0,65.41,70.747,2.52,0.004474,0.111,0.0,0.883,0.57,0.257,0.325,1.58,0,validation
002326,6,1,0,6,0,1,1,34.834,45.366,0.51,0.013412,0.389,0.058,0.423,0.566,0.513,0.484,2.28,0,train
002327,4,2,3,1,1,0,0,17.731,25.017,1.53,0.00436,0.083,0.0,0.883,0.823,0.144,0.609,1.99,1,test
002328,6,2,0,6,1,1,0,13.683,31.063,2.49,0.047804,0.222,0.0,0.767,0.761,0.236,0.489,2.51,0,validation
002329,1,1,0,1,0,0,0,46.815,46.815,2.05,0.001608,0.0,0.0,1.0,0.752,0.112,0.346,1.68,0,train
002330,2,2,0,2,0,0,0,26.461,38.632,2.73,0.007971,0.0,0.0,1.0,0.86,0.063,0.439,1.66,0,train
002331,8,0,0,7,0,5,1,19.192,33.919,5.8,0.018495,0.458,0.13,0.182,0.648,0.608,0.501,2.74,0,train
002332,7,0,0,7,0,3,0,8.728,25.044,3.52,0.135293,0.381,0.004,0.747,0.787,0.235,0.551,1.96,0,train
002333,11,1,0,11,0,3,0,8.384,39.793,0.12,0.135342,0.333,0.006,0.721,0.789,0.248,0.553,1.84,0,validation
002334,1,1,1,0,1,0,0,9.329,9.329,2.7,0.021423,0.0,0.0,1.0,0.951,0.022,0.694,0.28,1,train
002335,5,0,0,5,0,0,0,21.323,43.762,6.83,0.027798,0.067,0.0,0.883,0.804,0.152,0.438,2.03,0,test
002336,3,2,0,3,0,1,0,41.394,55.73,0.4,0.00146,0.222,0.0,0.767,0.614,0.302,0.475,1.58,0,train
002337,2,1,0,2,0,0,0,25.981,49.285,0.14,0.020652,0.0,0.0,1.0,0.862,0.062,0.434,2.2,0,train
002338,7,4,0,7,3,2,0,7.701,20.497,3.06,0.167285,0.381,0.009,0.728,0.793,0.243,0.539,2.06,1,train
002339,12,7,5,7,4,4,1,4.234,27.856,0.49,0.339063,0.25,0.083,0.117,0.811,0.571,0.673,2.21,1,train
002340,9,0,0,9,0,5,2,7.546,22.805,3.8,0.145889,0.481,0.107,0.325,0.71,0.502,0.614,3.08,0,test
002341,11,1,0,10,0,1,1,10.815,31.779,1.66,0.030711,0.212,0.085,0.162,0.776,0.562,0.582,1.58,0,train
002342,2,1,1,1,1,0,1,8.457,11.598,2.43,0.052571,0.0,0.345,0.552,0.955,0.267,0.713,0.85,1,train
002343,1,0,0,1,0,0,0,52.073,52.073,4.92,0.001397,0.0,0.0,1.0,0.724,0.124,0.28,1.66,0,train
002344,9,1,0,8,1,3,1,12.961,21.625,2.85,0.064357,0.296,0.088,0.357,0.681,0.497,0.525,2.77,0,validation
002345,9,5,1,7,4,3,2,5.137,23.714,2.2,0.163536,0.259,0.183,0.188,0.806,0.534,0.635,2.95,1,validation
002346,4,2,0,4,1,1,0,24.408,35.212,1.16,0.007406,0.167,0.0,0.767,0.704,0.261,0.524,1.99,0,train
002347,3,2,0,3,0,0,0,34.408,52.576,1.12,0.003471,0.111,0.0,0.883,0.735,0.184,0.459,2.0,0,train
002348,3,2,1,2,2,1,1,5.162,14.854,1.63,0.110597,0.222,0.12,0.533,0.806,0.344,0.759,2.94,1,validation
002349,13,1,0,13,0,5,0,7.708,35.39,0.14,0.14295,0.385,0.018,0.611,0.793,0.307,0.548,1.83,0,test
002350,4,3,0,4,2,0,1,11.984,24.645,1.53,0.0586,0.167,0.135,0.532,0.853,0.323,0.57,1.72,0,test
002351,2,0,2,0,0,0,0,24.229,27.853,6.32,0.002312,0.0,0.0,1.0,0.872,0.058,0.558,1.95,0,validation
002352,5,0,0,5,0,0,0,22.565,44.872,6.72,0.023228,0.067,0.0,0.883,0.797,0.155,0.43,2.0,0,test
002353,3,1,0,3,0,0,0,25.136,37.784,2.69,0.017641,0.0,0.0,1.0,0.867,0.06,0.412,2.15,0,train
002354,1,0,0,1,0,0,0,48.793,48.793,7.19,0.002965,0.333,0.0,0.883,0.658,0.218,0.307,2.98,0,train
002355,2,0,0,2,0,0,0,21.504,23.248,5.79,0.021633,0.333,0.0,0.883,0.803,0.153,0.463,2.06,0,train
002356,3,1,0,3,0,0,0,26.061,43.459,0.32,0.01925,0.222,0.0,0.883,0.779,0.164,0.433,1.89,0,train
002357,12,4,1,11,1,8,2,8.582,24.394,0.02,0.110767,0.5,0.155,0.202,0.705,0.572,0.607,2.86,1,train
002358,2,0,0,2,0,0,0,23.416,29.599,3.65,0.008306,0.167,0.0,0.883,0.793,0.157,0.424,1.74,0,train
002359,4,0,0,4,0,0,0,14.655,30.778,3.74,0.030936,0.167,0.0,0.883,0.839,0.137,0.482,1.85,0,validation
002360,1,1,1,0,1,0,0,8.25,8.25,3.48,0.030805,0.0,0.0,1.0,0.956,0.02,0.666,0.41,1,train
002361,4,3,0,4,3,0,0,8.13,13.374,1.67,0.12121,0.167,0.0,0.883,0.874,0.121,0.586,2.8,1,train
002362,9,5,8,1,5,1,1,4.06,14.419,0.39,0.098887,0.074,0.094,0.214,0.812,0.517,0.808,2.22,1,train
002363,1,0,0,1,0,0,0,46.277,46.277,10.63,0.004074,0.0,0.0,1.0,0.755,0.11,0.28,2.29,0,test
002364,5,0,0,5,0,0,0,25.097,47.097,6.52,0.016788,0.067,0.0,0.883,0.784,0.161,0.413,1.96,0,train
002365,2,0,0,2,0,0,0,14.219,25.07,4.06,0.04623,0.167,0.0,0.883,0.841,0.136,0.485,3.07,0,validation
002366,6,3,0,6,2,2,1,5.228,26.606,1.78,0.124541,0.389,0.143,0.091,0.722,0.625,0.635,2.96,1,test
002367,10,7,1,8,4,2,1,3.342,27.033,0.78,0.316761,0.2,0.1,0.117,0.816,0.569,0.655,2.74,1,train
002368,3,0,0,3,0,1,0,11.1,18.278,3.54,0.072138,0.333,0.0,0.767,0.775,0.23,0.525,1.93,0,train
002369,3,3,3,0,3,0,0,20.685,21.13,1.97,0.003898,0.0,0.0,1.0,0.89,0.049,0.648,1.55,1,train
002370,2,1,0,2,0,0,0,24.636,48.484,1.8,0.010664,0.0,0.0,1.0,0.87,0.059,0.416,1.9,0,train
002371,7,3,0,7,1,1,1,6.299,34.446,1.23,0.049763,0.19,0.14,0.13,0.8,0.569,0.616,2.25,0,train
002372,6,2,0,5,0,2,0,11.195,25.41,0.3,0.058501,0.333,0.0,0.767,0.774,0.23,0.55,2.84,0,test
002373,4,1,0,4,0,2,0,12.556,28.899,1.28,0.044764,0.417,0.0,0.767,0.767,0.233,0.55,2.96,0,train
002374,2,1,0,2,0,0,0,39.124,51.066,3.24,0.002375,0.167,0.0,0.883,0.71,0.195,0.331,1.54,0,train
002375,14,7,1,13,3,9,0,10.408,24.406,0.18,0.077417,0.548,0.0,0.65,0.695,0.33,0.671,2.86,1,train
002376,4,0,0,4,0,0,0,9.864,25.825,3.65,0.102765,0.25,0.0,0.883,0.864,0.125,0.514,1.95,0,train
002377,4,1,0,4,0,0,0,25.883,41.47,0.4,0.010135,0.167,0.0,0.883,0.78,0.163,0.549,2.06,0,train
002378,9,9,0,9,7,2,2,3.728,20.767,2.75,0.128747,0.259,0.231,0.117,0.814,0.57,0.666,2.4,1,train
002379,6,6,6,0,4,0,1,4.928,19.405,1.36,0.105376,0.056,0.118,0.441,0.891,0.357,0.766,2.14,1,test
002380,11,2,0,10,1,7,1,9.009,25.381,2.52,0.112948,0.515,0.085,0.143,0.702,0.605,0.587,3.02,0,train
002381,6,2,0,6,1,2,1,8.735,32.914,2.14,0.195752,0.278,0.158,0.149,0.787,0.564,0.589,2.16,1,validation
002382,4,2,0,4,1,1,0,14.993,23.558,1.47,0.028069,0.167,0.0,0.767,0.754,0.239,0.49,1.79,0,train
002383,5,5,0,5,5,1,2,3.135,10.273,2.23,0.107954,0.267,0.4,0.117,0.817,0.568,0.678,2.44,1,validation
002384,7,3,1,5,2,1,0,7.759,23.501,2.3,0.126914,0.143,0.003,0.754,0.792,0.229,0.614,2.9,1,validation
002385,10,5,0,10,3,4,1,4.736,26.314,3.1,0.130867,0.433,0.095,0.149,0.808,0.554,0.666,2.77,1,train
002386,8,5,8,0,5,1,0,6.268,13.302,0.29,0.076012,0.125,0.02,0.663,0.8,0.275,0.76,3.05,1,validation
002387,7,1,0,6,0,0,1,5.452,26.562,0.53,0.239892,0.19,0.139,0.259,0.888,0.458,0.545,1.57,0,train
002388,8,1,1,7,0,0,0,16.1,37.373,0.23,0.017331,0.083,0.0,0.883,0.831,0.14,0.561,2.23,0,train
002389,9,0,0,9,0,5,2,9.263,19.767,4.52,0.097975,0.556,0.227,0.039,0.701,0.663,0.603,2.78,0,train
002390,2,0,0,2,0,0,0,24.14,41.169,7.67,0.018858,0.167,0.0,0.883,0.789,0.159,0.419,3.01,0,test
002391,3,0,1,2,0,2,0,16.276,33.994,6.05,0.184251,0.667,0.07,0.514,0.664,0.419,0.691,2.01,0,train
002392,8,3,0,8,2,3,0,8.83,31.31,0.06,0.189116,0.292,0.016,0.682,0.787,0.271,0.621,1.8,1,train
002393,8,6,7,1,4,0,0,8.423,19.327,0.88,0.086912,0.083,0.0,0.883,0.872,0.122,0.671,2.32,1,train
002394,4,1,0,4,0,0,0,42.792,49.233,2.95,0.009629,0.167,0.0,0.883,0.69,0.204,0.32,2.03,0,train
002395,9,1,0,9,1,3,0,7.021,36.968,0.09,0.099945,0.37,0.036,0.455,0.713,0.429,0.689,2.93,1,test
002396,1,0,0,1,0,0,0,8.902,8.902,3.58,0.133398,0.0,0.03,0.981,0.953,0.032,0.523,1.98,0,train
002397,7,1,0,5,0,1,0,9.486,31.6,0.92,0.292212,0.19,0.036,0.604,0.783,0.315,0.537,1.57,0,train
002398,8,0,0,8,0,5,1,8.868,19.106,4.32,0.141585,0.458,0.092,0.312,0.703,0.512,0.576,2.97,0,train
002399,14,5,1,13,2,9,1,3.8,26.304,2.39,0.106704,0.452,0.073,0.007,0.73,0.668,0.667,2.8,1,test
002400,7,0,3,3,0,2,1,12.134,25.146,7.79,0.047335,0.286,0.091,0.234,0.686,0.563,0.579,2.74,0,train
002401,2,1,0,2,1,1,0,11.614,18.782,3.48,0.050494,0.333,0.0,0.767,0.772,0.231,0.503,1.8,1,validation
002402,2,1,2,0,1,0,0,6.811,8.985,0.38,0.037068,0.0,0.0,1.0,0.964,0.016,0.817,1.61,1,test
002403,2,1,1,1,1,0,1,8.384,11.586,1.03,0.053673,0.0,0.345,0.552,0.956,0.267,0.777,0.85,1,train
002404,9,4,3,6,2,1,2,2.856,30.001,2.49,0.122143,0.111,0.186,0.117,0.818,0.568,0.68,2.66,1,train
002405,10,7,3,7,4,6,2,3.92,18.706,1.9,0.1653,0.433,0.16,0.143,0.813,0.556,0.706,2.23,1,validation
002406,5,0,0,5,0,1,0,14.694,26.887,5.68,0.045488,0.267,0.0,0.767,0.756,0.238,0.509,2.34,0,train
002407,9,1,0,9,1,1,4,4.113,24.067,3.43,0.114208,0.296,0.364,0.0,0.728,0.672,0.636,3.08,1,train
002408,1,1,1,0,1,0,0,9.465,9.465,2.99,0.017328,0.0,0.0,1.0,0.95,0.023,0.68,2.68,1,train
002409,13,3,0,12,1,0,3,16.032,24.89,0.24,0.060973,0.154,0.149,0.389,0.832,0.412,0.616,2.29,0,test
002410,4,3,4,0,3,1,0,5.461,6.62,0.22,0.042109,0.25,0.065,0.514,0.721,0.393,0.82,3.06,1,train
002411,1,0,0,1,0,0,0,18.59,18.59,3.74,0.013752,0.0,0.0,1.0,0.902,0.044,0.456,1.8,0,test
002412,4,0,0,4,0,1,2,6.294,15.941,4.06,0.109006,0.333,0.372,0.072,0.717,0.638,0.63,2.24,0,train
002413,10,4,0,10,3,4,0,7.907,23.717,0.97,0.128192,0.333,0.005,0.734,0.791,0.24,0.545,2.63,1,train
002414,11,8,0,11,3,2,1,7.527,30.237,0.83,0.119249,0.273,0.06,0.338,0.793,0.457,0.583,2.17,1,train
002415,6,2,0,6,2,1,0,7.366,18.679,1.53,0.214659,0.167,0.037,0.624,0.794,0.3,0.557,2.02,1,train
002416,9,2,1,8,2,1,3,6.746,19.545,0.96,0.171181,0.222,0.266,0.162,0.798,0.552,0.602,3.02,0,test
002417,1,0,0,1,0,0,0,66.752,66.752,3.69,0.000762,0.0,0.0,1.0,0.647,0.159,0.28,1.63,0,train
002418,6,2,3,3,1,0,0,10.536,24.1,2.62,0.034251,0.167,0.0,0.883,0.861,0.127,0.673,1.94,1,train
002419,9,3,0,9,3,3,2,6.176,20.937,0.5,0.160695,0.444,0.136,0.123,0.717,0.609,0.674,2.22,1,train
002420,4,1,1,3,0,0,0,16.316,37.587,0.26,0.032914,0.167,0.0,0.883,0.83,0.141,0.611,2.15,0,test
002421,3,0,0,3,0,1,1,19.309,22.005,7.83,0.025371,0.444,0.27,0.123,0.648,0.641,0.553,1.11,0,validation
002422,7,3,1,6,1,0,1,4.518,32.676,0.63,0.120042,0.095,0.14,0.246,0.893,0.463,0.642,2.24,1,train
002423,5,3,0,5,2,2,0,13.41,33.195,0.18,0.023819,0.333,0.0,0.767,0.762,0.235,0.536,2.88,0,train
002424,3,1,3,0,1,1,0,8.281,13.753,0.15,0.051704,0.333,0.0,0.767,0.789,0.223,0.845,0.5,1,train
002425,2,1,0,2,0,0,0,41.022,83.917,0.45,0.002046,0.0,0.0,1.0,0.783,0.098,0.446,1.67,0,validation
002426,1,0,0,1,0,0,0,42.185,42.185,13.31,0.005713,0.333,0.0,0.883,0.693,0.202,0.325,2.47,0,test
002427,6,2,0,6,0,0,0,17.295,46.355,2.16,0.042923,0.167,0.0,0.883,0.825,0.143,0.465,2.44,0,validation
002428,3,2,0,3,1,1,1,4.856,31.353,0.16,0.102845,0.333,0.327,0.013,0.724,0.667,0.626,2.39,0,validation
002429,1,0,0,1,0,0,0,14.213,14.213,6.5,0.060469,0.0,0.0,1.0,0.925,0.034,0.485,0.29,0,validation
002430,1,0,0,1,0,0,0,36.523,36.523,10.99,0.004739,0.0,0.0,1.0,0.807,0.087,0.337,1.84,0,train
002431,1,1,0,1,0,0,0,25.062,25.062,2.57,0.005013,0.0,0.0,1.0,0.867,0.06,0.455,1.59,0,train
002432,3,0,0,3,0,0,0,24.525,43.02,3.53,0.035023,0.0,0.0,1.0,0.87,0.058,0.416,1.98,0,validation
002433,7,2,0,7,0,1,1,6.207,27.507,0.97,0.104362,0.19,0.136,0.149,0.8,0.558,0.615,2.43,0,train
002434,2,0,0,2,0,1,0,26.939,32.6,15.95,0.01881,0.5,0.015,0.631,0.607,0.38,0.483,2.21,0,train
002435,11,8,1,10,5,4,1,5.622,27.246,0.43,0.181429,0.364,0.063,0.318,0.804,0.463,0.696,2.07,1,train
002436,5,2,0,4,1,1,0,22.984,50.348,0.44,0.006687,0.267,0.0,0.767,0.712,0.258,0.567,1.88,0,train
002437,5,4,0,5,2,0,1,4.84,26.245,0.13,0.145332,0.0,0.176,0.428,0.974,0.326,0.657,1.72,1,validation
002438,3,1,0,2,0,0,0,11.051,34.731,2.66,0.05981,0.0,0.0,1.0,0.941,0.026,0.506,1.79,0,train
002439,4,4,0,4,2,0,0,10.239,21.965,2.19,0.099548,0.0,0.0,1.0,0.946,0.024,0.538,1.95,1,train
002440,11,9,11,0,9,0,0,6.248,14.712,0.17,0.059136,0.091,0.004,0.857,0.884,0.131,0.794,2.75,1,train
002441,13,1,0,13,0,2,0,11.373,36.58,1.9,0.074901,0.333,0.0,0.767,0.773,0.23,0.504,2.21,0,validation
002442,3,1,0,3,0,0,0,16.922,24.893,2.81,0.042031,0.0,0.033,0.935,0.91,0.076,0.475,2.58,0,test
002443,5,1,0,5,1,0,1,6.813,15.799,2.64,0.116376,0.067,0.198,0.24,0.881,0.472,0.614,2.48,1,train
002444,9,4,1,8,2,5,0,14.182,27.352,0.55,0.054688,0.519,0.0,0.65,0.675,0.339,0.562,2.42,1,train
002445,3,0,0,3,0,2,1,7.478,11.982,4.84,0.128548,0.667,0.2,0.26,0.71,0.537,0.658,0.79,0,test
002446,7,1,0,7,0,3,0,13.938,26.701,2.23,0.047012,0.429,0.0,0.767,0.76,0.237,0.51,2.9,0,train
002447,1,1,0,1,0,0,0,56.143,56.143,0.57,0.000893,0.0,0.0,1.0,0.703,0.134,0.414,1.57,0,train
002448,5,2,0,5,0,1,0,10.248,29.861,2.2,0.086794,0.2,0.0,0.767,0.779,0.228,0.512,2.68,0,train
002449,15,4,0,13,0,2,3,7.425,31.295,0.61,0.155624,0.267,0.105,0.24,0.711,0.548,0.575,2.14,0,train
002450,11,4,0,11,2,7,1,7.864,20.615,2.6,0.125852,0.545,0.06,0.305,0.708,0.513,0.633,2.9,1,train
002451,3,0,0,3,0,0,0,16.516,25.307,4.54,0.031239,0.0,0.11,0.785,0.913,0.157,0.47,2.15,0,train
002452,15,1,0,15,1,3,2,8.326,34.271,0.41,0.189816,0.311,0.091,0.305,0.789,0.477,0.62,2.42,0,validation
002453,1,0,0,1,0,0,0,34.287,34.287,8.29,0.007384,0.333,0.0,0.883,0.735,0.183,0.378,2.95,0,validation
002454,10,3,0,9,2,5,0,9.498,20.64,2.56,0.097904,0.367,0.028,0.585,0.783,0.326,0.545,2.8,0,train
002455,8,4,0,8,2,3,1,9.898,22.08,2.53,0.062825,0.417,0.085,0.325,0.781,0.47,0.595,2.92,0,validation
002456,1,0,1,0,0,0,0,9.723,9.723,3.68,0.027586,0.0,0.0,1.0,0.949,0.023,0.655,0.43,0,train
002457,1,0,1,0,0,0,0,26.535,26.535,8.52,0.002981,0.0,0.0,1.0,0.86,0.063,0.543,1.92,0,train
002458,3,1,0,3,0,0,0,48.006,64.228,1.73,0.001827,0.0,0.0,1.0,0.746,0.114,0.361,1.75,0,train
002459,17,8,0,15,4,15,2,4.032,24.557,1.53,0.257147,0.725,0.082,0.0,0.729,0.672,0.725,2.44,1,train
002460,4,0,1,3,0,2,1,6.726,15.931,4.23,0.110134,0.5,0.2,0.319,0.714,0.503,0.778,2.33,0,train
002461,8,0,0,7,0,3,0,14.597,40.076,4.36,0.047308,0.292,0.034,0.591,0.756,0.335,0.504,1.51,0,train
002462,6,2,0,6,2,1,0,7.375,16.556,3.07,0.180327,0.222,0.073,0.617,0.794,0.303,0.555,2.05,1,test
002463,1,0,0,1,0,0,0,38.146,38.146,8.4,0.002604,0.0,0.0,1.0,0.798,0.091,0.326,1.68,0,test
002464,4,1,0,4,1,0,1,6.502,16.855,0.05,0.285762,0.0,0.312,0.35,0.966,0.373,0.617,1.54,0,train
002465,13,6,5,8,4,2,1,2.616,23.513,0.88,0.171494,0.205,0.077,0.117,0.819,0.567,0.659,2.08,1,train
002466,2,0,0,2,0,0,0,48.825,50.111,6.5,0.002097,0.0,0.0,1.0,0.742,0.116,0.28,1.88,0,test
002467,1,1,0,1,1,0,0,18.402,18.402,3.32,0.014323,0.0,0.0,1.0,0.903,0.044,0.466,1.75,0,train
002468,9,3,0,9,2,4,1,11.186,23.389,1.01,0.042176,0.333,0.093,0.221,0.774,0.53,0.573,2.69,1,test
002469,1,0,0,1,0,0,0,60.395,60.395,5.44,0.001009,0.0,0.0,1.0,0.68,0.144,0.28,1.65,0,test
002470,4,1,0,4,0,0,0,28.578,50.169,0.67,0.007666,0.083,0.0,0.883,0.765,0.17,0.519,2.2,0,train
002471,16,2,3,13,1,14,0,6.552,26.584,0.04,0.107311,0.75,0.038,0.435,0.715,0.439,0.765,2.39,0,train
002472,4,1,0,4,0,0,0,24.586,42.285,2.53,0.015041,0.0,0.0,1.0,0.87,0.059,0.416,2.45,0,validation
002473,7,1,0,7,0,3,0,17.501,30.284,2.06,0.024671,0.429,0.0,0.767,0.741,0.245,0.49,2.92,0,train
002474,8,1,0,8,0,3,0,11.745,35.665,2.23,0.101919,0.375,0.007,0.728,0.771,0.253,0.506,2.98,0,train
002475,1,1,0,1,0,0,0,48.735,48.735,2.71,0.001512,0.0,0.0,1.0,0.742,0.116,0.316,1.65,0,train
002476,11,5,4,7,3,3,1,5.049,27.13,1.02,0.154168,0.242,0.079,0.201,0.807,0.526,0.641,1.87,1,train
002477,14,5,10,3,4,2,0,7.901,14.088,0.36,0.049809,0.167,0.001,0.76,0.792,0.226,0.759,2.95,1,train
002478,1,1,1,0,1,0,0,7.485,7.485,1.36,0.03812,0.0,0.0,1.0,0.96,0.018,0.768,0.29,1,train
002479,6,5,0,6,3,0,0,9.033,23.18,2.94,0.229274,0.222,0.013,0.831,0.869,0.152,0.548,1.9,1,validation
002480,3,1,2,1,1,1,1,7.117,14.308,1.65,0.035822,0.333,0.293,0.091,0.712,0.629,0.694,2.33,1,test
002481,7,1,0,7,0,2,0,24.884,53.25,2.33,0.014272,0.333,0.0,0.767,0.702,0.263,0.441,2.16,0,test
002482,1,0,0,1,0,0,0,38.965,38.965,12.98,0.002208,0.0,0.0,1.0,0.794,0.093,0.32,1.58,0,test
002483,4,0,0,4,0,2,0,34.896,47.924,13.71,0.05105,0.667,0.0,0.65,0.565,0.388,0.415,2.14,0,train
002484,7,5,0,7,3,3,0,8.509,23.403,0.33,0.098793,0.286,0.0,0.767,0.788,0.224,0.564,1.99,1,test
002485,1,0,1,0,0,0,0,9.506,9.506,4.05,0.018582,0.0,0.0,1.0,0.95,0.023,0.657,2.72,0,train
002486,9,1,0,9,0,1,1,11.017,26.002,1.24,0.035027,0.185,0.098,0.195,0.775,0.544,0.577,1.57,0,train
002487,19,10,15,4,9,3,0,8.08,19.758,0.13,0.033107,0.246,0.005,0.702,0.791,0.258,0.799,2.28,1,train
002488,4,0,2,2,0,0,0,9.709,22.31,4.41,0.108908,0.083,0.0,0.883,0.865,0.125,0.581,3.09,0,train
002489,5,1,0,5,1,0,0,10.447,20.337,2.46,0.103734,0.067,0.038,0.76,0.861,0.194,0.542,2.13,0,train
002490,9,9,0,9,6,1,2,3.766,19.873,2.52,0.118245,0.185,0.227,0.117,0.813,0.57,0.667,2.34,1,train
002491,2,0,0,2,0,0,0,23.062,34.82,3.53,0.009176,0.0,0.0,1.0,0.878,0.055,0.426,1.74,0,train
002492,5,1,0,3,0,1,1,7.698,28.646,0.42,0.343052,0.2,0.094,0.461,0.793,0.39,0.499,1.58,0,train
002493,1,1,1,0,1,0,0,8.659,8.659,1.8,0.027623,0.0,0.0,1.0,0.954,0.021,0.74,0.18,1,train
002494,5,0,3,2,0,1,0,14.437,22.97,8.15,0.070806,0.133,0.048,0.611,0.757,0.324,0.592,2.52,0,train
002495,8,6,0,7,4,3,1,4.86,22.532,2.31,0.171108,0.333,0.106,0.214,0.808,0.519,0.656,3.01,1,train
002496,5,4,5,0,2,0,0,12.689,20.107,1.86,0.013827,0.067,0.0,0.883,0.849,0.132,0.664,2.39,1,train
002497,7,3,3,4,1,0,0,12.301,31.08,2.57,0.037928,0.095,0.0,0.883,0.852,0.131,0.551,1.87,1,train
002498,1,1,0,1,0,0,0,64.831,64.831,0.37,0.000669,0.0,0.0,1.0,0.657,0.154,0.423,1.57,0,train
002499,2,1,0,2,0,0,0,78.244,79.823,2.3,0.000723,0.0,0.0,1.0,0.586,0.186,0.335,1.69,0,train
002500,1,1,0,1,1,0,0,20.184,20.184,2.86,0.010836,0.0,0.0,1.0,0.893,0.048,0.475,1.73,0,train
002501,8,3,3,5,1,5,0,22.566,38.256,0.31,0.006871,0.542,0.0,0.65,0.631,0.359,0.565,3.01,0,test
002502,2,1,1,1,1,0,1,5.115,10.094,2.45,0.076541,0.167,0.195,0.63,0.89,0.253,0.765,3.1,1,test
002503,8,2,0,8,0,4,1,9.341,20.411,2.2,0.080764,0.417,0.134,0.162,0.701,0.595,0.611,2.65,0,train
002504,2,2,0,1,1,0,0,20.489,33.279,3.25,0.007928,0.0,0.0,1.0,0.892,0.049,0.375,1.64,0,train
002505,6,1,1,5,0,0,0,12.628,29.233,3.13,0.029722,0.167,0.0,0.883,0.85,0.132,0.636,2.63,0,train
002506,2,1,0,2,0,0,0,16.624,30.532,0.21,0.038184,0.167,0.0,0.883,0.829,0.141,0.496,2.07,0,train
002507,1,0,1,0,0,0,0,9.279,9.279,3.9,0.018451,0.0,0.0,1.0,0.951,0.022,0.658,0.49,0,train
002508,15,5,2,13,3,11,1,5.425,22.689,0.0,0.083575,0.622,0.072,0.104,0.721,0.618,0.806,2.35,1,train
002509,4,1,0,4,0,1,1,15.888,26.862,2.44,0.035071,0.167,0.107,0.487,0.749,0.395,0.508,2.53,0,train
002510,14,8,1,13,4,9,2,6.243,23.193,0.17,0.163584,0.571,0.064,0.357,0.717,0.481,0.699,2.37,1,train
002511,3,1,0,3,0,0,0,9.503,18.918,3.44,0.087261,0.111,0.0,0.883,0.866,0.124,0.517,1.93,0,train
002512,3,2,1,2,0,0,0,21.019,29.586,2.95,0.028956,0.111,0.0,0.883,0.805,0.152,0.487,3.04,0,validation
002513,3,1,0,3,0,0,1,4.526,28.6,2.79,0.100448,0.111,0.333,0.233,0.893,0.47,0.63,1.68,0,train
002514,4,1,1,3,0,0,1,5.614,17.555,0.02,0.059163,0.0,0.25,0.35,0.97,0.371,0.706,2.89,1,train
002515,2,2,0,2,2,1,0,13.073,16.768,2.93,0.029626,0.333,0.0,0.767,0.764,0.234,0.519,1.73,1,train
002516,3,2,0,3,2,1,1,4.602,26.938,2.79,0.154312,0.222,0.31,0.162,0.809,0.547,0.656,2.16,1,test
002517,13,6,3,10,3,2,2,8.69,24.168,2.43,0.07769,0.282,0.12,0.149,0.787,0.564,0.691,3.13,1,train
002518,1,0,0,1,0,0,0,22.742,22.742,4.61,0.01075,0.0,0.0,1.0,0.88,0.054,0.428,1.75,0,train
002519,3,2,0,3,2,1,0,8.594,27.856,0.01,0.053254,0.222,0.0,0.767,0.788,0.224,0.689,1.6,1,train
002520,8,5,0,8,4,2,1,4.957,20.872,0.53,0.055741,0.292,0.125,0.117,0.807,0.573,0.627,2.39,1,validation
002521,2,0,0,2,0,0,0,39.123,43.267,16.19,0.007882,0.0,0.0,1.0,0.793,0.093,0.319,2.09,0,test
002522,2,1,0,2,0,0,0,28.065,35.067,1.18,0.004756,0.167,0.0,0.883,0.768,0.169,0.499,1.69,0,train
002523,4,1,0,4,0,0,0,30.56,39.279,0.15,0.018359,0.167,0.022,0.825,0.755,0.207,0.529,2.21,0,train
002524,3,2,2,1,2,0,0,17.597,19.408,2.32,0.023133,0.111,0.0,0.883,0.824,0.144,0.68,2.67,1,train
002525,4,2,0,3,0,1,0,39.954,60.229,0.28,0.004761,0.25,0.0,0.65,0.538,0.4,0.427,2.04,0,train
002526,8,6,8,0,5,1,1,4.341,14.364,0.37,0.124931,0.125,0.083,0.338,0.81,0.45,0.792,3.1,1,train
002527,15,3,0,15,1,4,1,5.829,37.653,0.07,0.062829,0.289,0.065,0.136,0.802,0.564,0.66,2.35,1,validation
002528,2,0,0,2,0,0,1,15.147,16.161,7.9,0.047713,0.0,0.225,0.708,0.92,0.197,0.515,0.69,0,validation
002529,1,1,1,0,1,0,0,7.652,7.652,1.12,0.021391,0.0,0.0,1.0,0.959,0.018,0.778,1.71,1,train
002530,3,1,0,3,1,0,1,15.788,20.934,2.31,0.03914,0.111,0.247,0.402,0.833,0.404,0.507,2.44,0,validation
002531,6,1,4,2,0,0,0,25.668,37.013,0.97,0.019098,0.167,0.0,0.883,0.781,0.163,0.544,2.52,0,test
002532,4,1,0,4,0,1,0,27.428,42.154,2.45,0.016041,0.25,0.052,0.514,0.605,0.445,0.494,2.23,0,train
002533,7,0,0,7,0,1,0,17.861,39.877,3.62,0.020812,0.238,0.0,0.767,0.739,0.246,0.461,2.31,0,test
002534,3,1,0,3,0,2,1,8.399,26.771,2.26,0.110669,0.667,0.187,0.286,0.706,0.525,0.649,2.05,0,train
002535,11,1,1,10,1,2,1,4.334,45.181,0.71,0.22501,0.273,0.091,0.117,0.81,0.571,0.631,2.6,0,test
002536,6,6,6,0,4,0,1,4.588,16.985,2.13,0.054152,0.0,0.115,0.552,0.976,0.258,0.771,2.39,1,train
002537,4,3,1,2,3,0,2,4.346,16.156,0.62,0.133091,0.083,0.39,0.311,0.894,0.427,0.787,2.37,1,train
002538,3,1,1,2,0,1,0,20.332,25.871,0.03,0.027598,0.444,0.0,0.65,0.642,0.353,0.664,1.91,0,train
002539,4,1,0,4,0,1,0,13.845,41.985,2.15,0.026992,0.333,0.0,0.65,0.677,0.338,0.488,2.97,0,train
002540,11,1,0,9,0,3,1,9.216,28.428,1.16,0.095248,0.333,0.085,0.162,0.785,0.558,0.609,1.59,0,train
002541,6,3,1,5,3,1,0,12.731,25.39,0.08,0.039771,0.222,0.0,0.767,0.766,0.234,0.766,1.73,1,test
002542,5,1,0,5,0,1,0,11.926,26.227,0.9,0.106998,0.133,0.026,0.682,0.77,0.278,0.511,2.22,0,train
002543,5,0,0,5,0,0,1,6.197,25.143,3.98,0.071218,0.133,0.17,0.331,0.884,0.42,0.607,1.82,0,train
002544,5,0,0,5,0,1,0,15.781,25.155,3.64,0.049219,0.333,0.03,0.552,0.666,0.396,0.567,2.15,0,train
002545,2,1,0,2,1,0,0,8.85,11.842,2.84,0.1071,0.0,0.055,0.928,0.953,0.06,0.53,1.99,0,train
002546,8,3,2,6,3,4,2,5.418,17.905,3.04,0.148254,0.333,0.229,0.123,0.805,0.57,0.623,2.53,1,train
002547,7,2,0,7,1,1,1,18.051,47.874,0.56,0.017604,0.238,0.124,0.201,0.738,0.557,0.589,2.55,0,train
002548,10,8,7,3,7,6,1,4.718,17.842,0.89,0.049047,0.533,0.131,0.013,0.725,0.667,0.798,2.93,1,train
002549,11,2,1,7,2,3,3,9.336,18.643,2.74,0.116045,0.303,0.159,0.149,0.784,0.565,0.686,2.49,1,train
002550,2,2,0,2,2,0,0,6.443,10.031,2.59,0.168067,0.167,0.16,0.675,0.883,0.231,0.604,1.88,1,test
002551,4,2,2,2,0,1,0,13.889,33.673,0.45,0.023876,0.167,0.0,0.767,0.76,0.236,0.627,3.09,0,validation
002552,7,1,0,5,0,1,1,8.357,30.545,0.88,0.30343,0.19,0.081,0.396,0.789,0.427,0.57,1.57,0,test
002553,4,4,0,4,3,0,0,8.337,19.097,0.49,0.113305,0.167,0.005,0.87,0.873,0.129,0.565,1.93,1,train
002554,1,1,1,0,1,0,0,9.882,9.882,2.89,0.011884,0.0,0.0,1.0,0.948,0.024,0.682,2.86,1,train
002555,5,0,0,5,0,2,0,10.718,19.106,4.56,0.101744,0.467,0.0,0.767,0.777,0.229,0.541,3.06,0,train
002556,2,1,0,2,0,0,0,33.735,39.808,0.27,0.005801,0.167,0.0,0.883,0.738,0.182,0.428,1.94,0,test
002557,6,0,5,0,0,4,0,12.677,30.598,4.23,0.021573,0.722,0.0,0.65,0.683,0.335,0.715,1.82,0,train
002558,12,3,0,11,2,8,2,4.562,23.694,2.55,0.101101,0.472,0.125,0.052,0.726,0.645,0.579,2.9,1,train
002559,8,0,0,8,0,4,2,9.678,24.014,4.58,0.106217,0.542,0.195,0.033,0.699,0.668,0.593,3.13,0,train
002560,3,1,2,1,1,0,1,9.948,20.358,2.19,0.063229,0.0,0.213,0.584,0.947,0.252,0.64,2.6,1,validation
002561,5,3,0,5,2,0,0,12.022,29.116,2.31,0.190664,0.067,0.0,0.883,0.853,0.13,0.501,2.06,0,test
002562,1,0,0,1,0,0,0,42.984,42.984,7.12,0.00448,0.333,0.0,0.883,0.689,0.204,0.32,0.16,0,train
002563,3,2,0,3,1,0,0,19.749,24.517,0.61,0.022328,0.222,0.0,0.883,0.812,0.149,0.58,2.58,0,test
002564,3,2,1,2,1,0,0,16.05,27.361,0.52,0.017684,0.0,0.0,1.0,0.915,0.038,0.53,1.76,0,train
002565,12,5,9,3,5,5,2,6.419,19.51,1.84,0.147787,0.389,0.108,0.195,0.716,0.571,0.74,2.44,1,validation
002566,4,4,0,4,2,0,0,10.381,23.743,0.71,0.055896,0.083,0.0,0.883,0.862,0.126,0.561,1.57,1,validation
002567,6,1,0,6,1,2,0,8.84,29.301,3.4,0.107276,0.333,0.005,0.747,0.787,0.235,0.528,2.2,1,train
002568,2,1,1,1,1,0,1,3.631,11.53,2.36,0.126648,0.0,0.49,0.363,0.981,0.359,0.686,2.27,1,train
002569,8,1,1,7,0,1,0,32.555,49.468,3.38,0.008258,0.292,0.0,0.767,0.661,0.281,0.423,3.13,0,train
002570,5,4,0,5,4,2,0,11.089,19.457,2.54,0.050137,0.333,0.0,0.767,0.775,0.23,0.562,2.86,1,train
002571,9,1,2,7,0,0,2,11.687,37.117,2.64,0.038413,0.185,0.118,0.435,0.855,0.376,0.724,2.81,0,test
002572,7,1,0,6,0,2,1,5.335,25.64,0.45,0.256345,0.286,0.137,0.143,0.805,0.559,0.55,1.57,0,validation
002573,6,6,0,6,3,2,1,3.982,22.317,0.21,0.16035,0.222,0.165,0.123,0.812,0.567,0.661,2.3,1,train
002574,3,1,1,2,1,0,1,4.605,28.54,3.16,0.109552,0.111,0.32,0.259,0.892,0.456,0.642,1.72,1,train
002575,7,7,0,6,3,5,0,8.556,28.669,2.62,0.173164,0.476,0.0,0.767,0.788,0.224,0.581,1.89,1,validation
002576,3,2,0,3,1,0,0,23.954,40.698,0.83,0.006308,0.0,0.0,1.0,0.873,0.057,0.542,1.82,0,validation
002577,3,1,0,3,0,0,0,19.561,47.018,1.86,0.022327,0.0,0.0,1.0,0.896,0.047,0.45,1.96,0,train
002578,3,0,0,3,0,0,0,17.801,25.786,4.51,0.025471,0.0,0.0,1.0,0.906,0.042,0.461,2.13,0,train
002579,7,0,0,7,0,0,0,31.242,42.858,4.96,0.011209,0.238,0.049,0.662,0.751,0.298,0.398,2.95,0,validation
002580,7,2,0,7,0,1,0,14.111,39.554,2.3,0.031761,0.19,0.044,0.565,0.759,0.348,0.486,2.19,0,train
002581,3,2,0,3,0,0,0,34.029,52.807,0.09,0.003462,0.111,0.0,0.883,0.737,0.183,0.436,1.94,0,validation
002582,2,2,0,2,2,0,1,4.333,7.778,2.54,0.163207,0.167,0.45,0.298,0.894,0.434,0.667,2.06,1,train
002583,10,8,9,1,7,2,1,4.591,11.343,0.27,0.074367,0.267,0.083,0.292,0.809,0.475,0.772,2.5,1,train
002584,6,1,0,4,0,0,0,14.037,29.93,0.6,0.137697,0.167,0.038,0.734,0.842,0.217,0.505,1.58,0,train
002585,2,0,1,1,0,0,0,9.604,25.598,3.87,0.090881,0.0,0.0,1.0,0.949,0.023,0.516,1.98,0,train
002586,5,4,1,4,2,0,1,3.324,26.231,1.7,0.058372,0.067,0.2,0.233,0.899,0.467,0.66,1.83,1,validation
002587,3,2,0,3,1,0,0,23.986,36.627,0.87,0.006217,0.111,0.0,0.883,0.79,0.159,0.54,1.84,0,validation
002588,13,2,0,13,1,3,1,6.439,36.065,0.49,0.080572,0.256,0.063,0.234,0.799,0.512,0.661,2.34,1,validation
002589,1,0,0,1,0,0,0,16.707,16.707,8.93,0.046671,0.0,0.0,1.0,0.912,0.04,0.469,0.62,0,train
002590,2,1,0,2,1,0,0,10.075,35.618,2.96,0.110751,0.0,0.0,1.0,0.947,0.024,0.538,1.87,1,train
002591,2,2,0,2,2,1,0,14.449,18.154,3.02,0.022994,0.333,0.0,0.767,0.757,0.238,0.506,1.72,1,test
002592,7,5,0,7,3,2,1,8.638,22.467,0.38,0.094883,0.286,0.051,0.533,0.788,0.353,0.566,2.19,1,train
002593,1,0,0,1,0,0,0,36.231,36.231,8.29,0.005758,0.333,0.0,0.883,0.725,0.188,0.365,2.93,0,test
002594,8,8,0,7,6,2,2,3.914,17.683,2.08,0.218488,0.208,0.245,0.136,0.813,0.559,0.68,2.19,1,test
002595,9,3,4,5,2,0,2,3.353,19.089,2.05,0.153637,0.111,0.227,0.233,0.899,0.467,0.669,2.46,1,train
002596,3,1,0,2,0,0,1,22.338,41.695,3.1,0.047812,0.333,0.147,0.597,0.798,0.312,0.413,2.83,0,train
002597,6,4,0,6,2,0,1,4.854,25.375,0.19,0.145553,0.111,0.145,0.318,0.891,0.424,0.657,2.02,1,test
002598,7,1,1,6,0,1,1,35.137,48.952,2.58,0.009679,0.286,0.103,0.299,0.647,0.544,0.473,3.03,0,train
002599,8,1,0,8,0,1,0,14.225,28.199,0.39,0.048937,0.208,0.016,0.682,0.758,0.284,0.543,1.57,0,train
002600,3,0,0,3,0,1,0,31.818,53.796,6.19,0.003757,0.222,0.0,0.767,0.665,0.279,0.368,1.71,0,validation
002601,12,4,1,6,3,8,1,6.029,19.287,2.65,0.150688,0.472,0.057,0.325,0.801,0.461,0.621,3.02,1,validation
002602,1,0,0,1,0,0,0,42.469,42.469,5.28,0.004473,0.333,0.0,0.883,0.692,0.203,0.324,0.16,0,train
002603,2,0,0,2,0,0,0,41.73,46.152,16.14,0.006241,0.0,0.0,1.0,0.779,0.099,0.302,2.05,0,validation
002604,9,1,0,7,1,2,1,7.405,29.065,0.47,0.094457,0.296,0.113,0.189,0.711,0.576,0.604,1.56,0,test
002605,3,2,3,0,2,0,0,5.24,6.253,1.4,0.053265,0.0,0.097,0.902,0.972,0.066,0.793,1.15,1,train
002606,5,1,0,5,0,0,0,10.9,25.972,0.52,0.073218,0.2,0.0,0.883,0.859,0.128,0.529,1.97,0,test
002607,2,0,0,2,0,0,0,44.373,48.628,5.93,0.00347,0.0,0.0,1.0,0.765,0.106,0.284,2.41,0,train
002608,2,0,0,2,0,1,0,21.356,25.055,3.6,0.009215,0.333,0.0,0.767,0.72,0.254,0.442,1.69,0,train
002609,9,2,8,1,1,0,1,8.057,17.565,1.86,0.032022,0.074,0.108,0.253,0.874,0.468,0.744,2.9,1,train
002610,2,0,0,2,0,0,0,31.865,39.319,7.55,0.064688,0.0,0.125,0.838,0.831,0.165,0.388,1.68,0,train
002611,7,0,0,7,0,1,0,15.181,37.808,7.18,0.052847,0.19,0.039,0.591,0.753,0.336,0.5,2.18,0,train
002612,7,6,1,6,4,2,2,5.663,21.533,1.54,0.148193,0.429,0.197,0.13,0.72,0.604,0.869,2.35,1,train
002613,8,2,3,5,1,4,2,3.642,23.25,0.76,0.085408,0.542,0.16,0.072,0.731,0.632,0.843,2.9,1,validation
002614,4,2,0,4,1,1,0,24.443,44.998,2.12,0.009312,0.333,0.0,0.767,0.704,0.262,0.47,2.08,0,train
002615,19,5,1,18,1,15,3,3.903,25.416,1.01,0.100413,0.596,0.112,0.013,0.729,0.665,0.667,2.94,1,test
002616,5,5,5,0,5,0,0,12.114,17.328,2.93,0.009715,0.0,0.0,1.0,0.936,0.029,0.64,1.93,1,train
002617,1,1,1,0,1,0,0,9.126,9.126,3.27,0.026181,0.0,0.0,1.0,0.952,0.022,0.67,0.42,1,test
002618,1,0,1,0,0,0,0,10.905,10.905,5.46,0.017533,0.333,0.0,0.883,0.859,0.128,0.674,2.58,0,train
002619,2,1,0,2,0,0,0,45.297,67.614,1.23,0.005942,0.167,0.0,0.883,0.677,0.21,0.384,1.73,0,train
002620,2,1,0,2,0,0,0,25.848,41.427,3.35,0.019045,0.0,0.0,1.0,0.863,0.062,0.415,1.8,0,train
002621,3,1,0,3,1,1,0,8.216,16.84,1.72,0.141028,0.333,0.073,0.507,0.707,0.403,0.623,2.05,0,test
002622,6,1,0,6,0,0,1,6.35,45.052,0.31,0.295683,0.167,0.165,0.24,0.883,0.471,0.617,2.17,0,train
002623,5,1,0,5,0,0,1,4.808,43.087,0.55,0.049241,0.133,0.2,0.233,0.891,0.471,0.628,2.45,0,train
002624,2,0,0,2,0,0,0,28.15,40.159,3.51,0.00737,0.167,0.0,0.883,0.768,0.169,0.392,1.67,0,train
002625,4,1,0,4,0,0,0,19.05,37.744,0.4,0.02615,0.25,0.0,0.883,0.816,0.147,0.48,2.13,0,train
002626,8,2,5,3,2,1,1,4.612,19.298,3.05,0.110171,0.125,0.12,0.143,0.809,0.558,0.684,1.86,1,validation
002627,15,2,0,15,1,4,1,5.803,36.763,0.5,0.047474,0.289,0.065,0.13,0.803,0.568,0.652,2.35,1,train
002628,2,1,0,2,0,0,0,69.947,71.794,0.56,0.001882,0.0,0.0,1.0,0.63,0.167,0.414,1.82,0,train
002629,14,2,0,11,2,5,2,14.775,25.047,2.34,0.039119,0.357,0.103,0.065,0.672,0.662,0.609,2.41,0,validation
002630,4,0,1,3,0,1,0,27.032,47.414,15.67,0.015422,0.333,0.02,0.598,0.607,0.398,0.486,2.22,0,validation
002631,7,1,0,7,1,1,2,11.417,27.97,0.96,0.041357,0.286,0.229,0.195,0.773,0.545,0.614,3.12,0,test
002632,13,1,0,13,0,2,1,5.684,34.74,0.09,0.118986,0.256,0.075,0.13,0.803,0.567,0.621,2.03,0,train
002633,4,2,0,4,0,0,0,23.694,35.305,2.8,0.021511,0.167,0.052,0.747,0.791,0.233,0.439,2.05,0,train
002634,4,1,3,1,0,0,0,13.641,25.029,0.1,0.010627,0.083,0.0,0.883,0.844,0.134,0.629,2.95,0,validation
002635,8,2,0,8,0,3,1,8.418,28.299,0.42,0.111136,0.333,0.054,0.487,0.789,0.377,0.585,2.15,0,train
002636,3,2,1,2,0,0,0,26.259,35.576,0.54,0.005724,0.0,0.0,1.0,0.861,0.063,0.466,1.73,0,train
002637,6,0,0,6,0,0,1,13.03,24.868,3.74,0.038224,0.167,0.103,0.48,0.848,0.354,0.543,2.24,0,test
002638,12,4,0,12,2,7,1,9.491,22.314,2.41,0.081125,0.5,0.067,0.234,0.7,0.556,0.596,2.93,1,train
002639,5,3,0,5,2,0,1,6.153,24.56,2.41,0.146713,0.2,0.124,0.48,0.884,0.338,0.604,1.97,1,validation
002640,13,9,12,1,8,5,1,6.78,11.779,0.86,0.048738,0.282,0.052,0.377,0.797,0.434,0.771,2.59,1,train
002641,6,6,1,5,4,2,2,3.605,22.234,1.66,0.153622,0.444,0.2,0.214,0.731,0.553,0.902,2.03,1,train
002642,1,1,0,1,0,0,0,32.387,32.387,3.28,0.004143,0.0,0.0,1.0,0.829,0.077,0.374,1.68,0,train
002643,1,0,1,0,0,0,0,8.412,8.412,4.35,0.034413,0.0,0.0,1.0,0.955,0.02,0.664,0.56,0,train
002644,8,1,0,7,1,0,1,7.69,29.511,0.01,0.104949,0.208,0.086,0.435,0.876,0.367,0.59,1.57,0,train
002645,4,1,0,4,0,0,1,29.157,51.757,0.82,0.007391,0.167,0.15,0.493,0.762,0.386,0.46,2.75,0,validation
002646,4,2,0,4,0,1,1,4.548,37.704,0.15,0.069257,0.167,0.247,0.123,0.809,0.568,0.629,1.59,0,train
002647,4,1,0,4,1,1,0,12.044,17.375,1.65,0.04865,0.333,0.07,0.468,0.686,0.434,0.584,2.67,0,test
002648,3,0,1,2,0,0,0,38.598,50.797,4.19,0.001926,0.0,0.0,1.0,0.796,0.092,0.463,2.97,0,train
002649,1,0,1,0,0,0,0,18.32,18.32,3.71,0.006675,0.333,0.0,0.883,0.82,0.145,0.625,1.82,0,train
002650,6,1,0,6,1,0,1,8.21,29.572,0.12,0.203164,0.0,0.167,0.35,0.957,0.377,0.605,1.55,0,validation
002651,1,1,1,0,1,0,0,7.363,7.363,0.44,0.01899,0.0,0.0,1.0,0.961,0.018,0.811,3.09,1,train
002652,13,6,1,12,3,9,1,8.875,24.96,0.12,0.096287,0.615,0.045,0.273,0.703,0.533,0.647,2.23,1,train
002653,2,1,0,2,0,1,0,36.763,54.54,2.6,0.007863,0.5,0.0,0.65,0.555,0.393,0.415,1.76,0,validation
002654,2,0,1,1,0,0,0,12.522,21.999,5.5,0.066777,0.0,0.0,1.0,0.934,0.03,0.51,2.01,0,validation
002655,2,0,0,2,0,1,0,36.771,48.776,3.64,0.003883,0.333,0.0,0.767,0.639,0.291,0.335,1.65,0,test
002656,3,0,0,3,0,1,1,20.37,41.458,12.77,0.02538,0.333,0.153,0.351,0.642,0.518,0.561,2.24,0,train
002657,3,2,0,2,1,1,0,7.659,27.704,3.11,0.165573,0.333,0.087,0.481,0.709,0.416,0.63,2.01,0,validation
002658,7,1,0,7,0,3,2,5.636,26.582,0.65,0.101023,0.429,0.224,0.033,0.72,0.658,0.645,2.92,0,train
002659,1,1,0,1,0,0,0,62.166,62.166,2.11,0.000863,0.0,0.0,1.0,0.671,0.148,0.344,1.67,0,train
002660,1,0,0,1,0,0,0,18.902,18.902,8.93,0.032274,0.0,0.0,1.0,0.9,0.045,0.454,0.55,0,validation
002661,4,1,0,4,0,1,0,35.721,49.563,0.71,0.004534,0.333,0.0,0.767,0.644,0.288,0.408,1.8,0,test
002662,16,4,0,16,2,13,1,10.528,26.161,0.03,0.081515,0.646,0.075,0.072,0.694,0.648,0.651,2.34,1,train
002663,15,13,14,1,13,3,1,4.865,13.756,0.15,0.212083,0.244,0.065,0.02,0.724,0.663,0.81,1.44,1,train
002664,2,1,0,2,0,0,0,40.945,50.158,0.64,0.0092,0.0,0.0,1.0,0.783,0.098,0.438,1.83,0,validation
002665,1,0,0,1,0,0,0,40.178,40.178,15.13,0.00702,0.333,0.0,0.883,0.704,0.197,0.339,2.62,0,train
002666,18,14,17,1,14,4,2,4.865,9.971,0.01,0.21179,0.296,0.104,0.02,0.724,0.663,0.858,3.13,1,train
002667,7,5,0,7,3,2,1,6.603,23.514,3.32,0.152003,0.333,0.074,0.429,0.798,0.405,0.609,2.28,1,train
002668,1,0,0,1,0,0,0,40.967,40.967,5.97,0.00256,0.0,0.0,1.0,0.783,0.098,0.307,1.69,0,train
002669,1,1,0,1,0,0,0,39.681,39.681,0.94,0.00493,0.333,0.0,0.883,0.707,0.196,0.459,0.15,0,train
002670,5,0,0,5,0,2,0,13.695,22.276,3.88,0.05053,0.467,0.0,0.767,0.761,0.236,0.521,3.04,0,train
002671,1,0,1,0,0,0,0,8.941,8.941,4.51,0.021984,0.333,0.0,0.883,0.869,0.123,0.687,2.64,0,test
002672,6,1,0,6,0,1,1,11.28,26.608,2.4,0.079632,0.167,0.068,0.5,0.774,0.377,0.538,2.32,0,validation
002673,6,5,0,6,4,1,2,3.62,22.634,2.15,0.188762,0.167,0.318,0.117,0.814,0.569,0.692,2.2,1,train
002674,10,2,0,10,1,5,0,10.889,20.988,3.1,0.095002,0.467,0.018,0.65,0.776,0.294,0.548,2.81,1,test
002675,1,1,0,1,0,0,0,43.643,43.643,2.34,0.001874,0.0,0.0,1.0,0.769,0.104,0.342,1.68,0,train
002676,1,0,0,1,0,0,0,51.365,51.365,7.86,0.003,0.333,0.0,0.883,0.645,0.224,0.307,0.24,0,train
002677,6,2,1,5,0,0,0,10.438,34.082,0.55,0.071901,0.111,0.0,0.883,0.861,0.127,0.51,1.82,0,train
002678,15,1,0,15,1,5,1,6.132,32.795,0.31,0.104144,0.333,0.063,0.156,0.801,0.554,0.614,2.07,0,test
002679,6,1,0,4,1,0,0,22.31,40.909,0.07,0.007117,0.167,0.0,0.883,0.799,0.155,0.588,2.02,0,validation
002680,1,0,1,0,0,0,0,8.144,8.144,3.69,0.027038,0.0,0.0,1.0,0.957,0.019,0.666,2.7,0,train
002681,7,1,1,6,0,0,0,36.931,50.84,1.33,0.01404,0.238,0.0,0.883,0.721,0.19,0.444,2.97,0,train
002682,6,1,0,6,1,1,0,13.581,35.426,0.17,0.021015,0.167,0.0,0.767,0.761,0.236,0.642,2.64,0,train
002683,15,1,0,15,1,3,2,6.414,32.947,0.43,0.112394,0.311,0.133,0.065,0.716,0.642,0.629,2.37,0,train
002684,2,2,0,2,1,0,0,14.96,37.658,3.03,0.0226,0.0,0.0,1.0,0.921,0.036,0.502,1.75,0,validation
002685,7,6,1,6,4,2,1,2.637,24.186,0.62,0.092236,0.333,0.143,0.0,0.736,0.669,0.777,2.53,1,test
002686,2,1,1,1,1,1,0,9.943,29.426,0.51,0.023482,0.5,0.0,0.65,0.697,0.329,0.87,1.85,1,train
002687,7,0,0,7,0,1,0,16.613,37.875,7.29,0.045982,0.19,0.0,0.767,0.745,0.243,0.469,2.15,0,train
002688,13,1,0,13,0,5,1,7.081,34.329,0.16,0.144894,0.385,0.027,0.539,0.796,0.345,0.561,1.79,0,validation
002689,1,0,1,0,0,0,0,9.673,9.673,4.69,0.02925,0.333,0.0,0.883,0.865,0.125,0.682,0.51,0,test
002690,6,5,4,2,4,1,1,3.666,16.017,0.42,0.139812,0.278,0.237,0.02,0.731,0.661,0.804,3.13,1,validation
002691,16,10,1,15,7,12,3,4.885,21.581,0.11,0.332774,0.625,0.11,0.026,0.724,0.66,0.736,2.22,1,train
002692,7,1,1,6,0,3,0,14.271,33.055,2.98,0.024976,0.333,0.0,0.767,0.758,0.237,0.59,2.82,0,test
002693,1,1,1,0,1,0,0,8.086,8.086,3.26,0.028284,0.0,0.0,1.0,0.957,0.019,0.677,2.71,1,train
002694,8,0,1,7,0,1,0,34.245,51.252,6.48,0.006495,0.292,0.0,0.767,0.652,0.285,0.447,3.12,0,train
002695,2,1,0,1,1,0,0,16.094,28.909,3.31,0.014334,0.0,0.0,1.0,0.915,0.038,0.401,1.67,0,train
002696,4,2,1,3,2,0,0,8.957,20.697,0.13,0.125817,0.167,0.02,0.831,0.869,0.152,0.743,2.22,1,validation
002697,12,4,0,12,3,6,2,3.141,16.567,1.74,0.159973,0.444,0.173,0.0,0.733,0.67,0.662,2.81,1,validation
002698,7,1,0,7,0,0,1,33.41,44.056,0.99,0.010132,0.19,0.093,0.461,0.74,0.414,0.433,2.22,0,train
002699,4,4,2,2,4,1,1,3.308,7.72,1.93,0.23507,0.25,0.277,0.279,0.816,0.479,0.826,2.36,1,test
002700,2,0,0,2,0,0,0,32.928,35.847,6.84,0.050352,0.0,0.0,1.0,0.826,0.078,0.36,1.79,0,train
002701,2,1,0,2,1,0,0,23.218,30.238,1.14,0.006863,0.167,0.0,0.883,0.794,0.157,0.533,1.68,0,train
002702,4,1,0,4,0,0,0,42.044,49.218,0.13,0.00258,0.25,0.0,0.883,0.694,0.202,0.434,1.82,0,train
002703,3,1,1,2,1,0,0,19.737,35.606,0.52,0.009293,0.0,0.0,1.0,0.896,0.047,0.585,1.94,0,test
002704,10,3,0,10,2,9,1,8.408,22.173,0.01,0.143978,0.733,0.125,0.033,0.705,0.665,0.628,2.38,0,train
002705,7,0,0,7,0,4,1,13.495,24.805,6.98,0.057695,0.476,0.077,0.312,0.679,0.523,0.559,3.04,0,train
002706,4,0,0,4,0,0,0,28.676,49.829,6.28,0.006504,0.0,0.037,0.902,0.848,0.122,0.389,1.51,0,train
002707,19,17,18,1,17,4,1,4.865,12.122,0.1,0.211885,0.298,0.062,0.02,0.724,0.663,0.816,2.77,1,validation
002708,12,4,0,12,1,8,1,8.215,24.735,0.06,0.163537,0.611,0.084,0.111,0.707,0.621,0.617,2.56,0,train
002709,3,2,1,2,2,1,1,5.378,13.769,2.51,0.278379,0.222,0.277,0.227,0.805,0.513,0.637,2.16,1,train
002710,2,0,0,2,0,0,0,9.586,19.158,3.51,0.07715,0.0,0.0,1.0,0.949,0.023,0.516,1.92,0,train
002711,12,1,0,10,0,4,2,10.253,28.685,1.25,0.066589,0.389,0.136,0.058,0.696,0.655,0.609,1.59,0,train
002712,7,4,0,7,3,1,1,5.065,28.411,2.8,0.180929,0.286,0.13,0.175,0.807,0.541,0.647,2.14,1,validation
002713,3,1,2,1,0,0,0,29.963,34.56,0.08,0.00489,0.111,0.0,0.883,0.758,0.173,0.527,1.55,0,train
002714,4,1,0,4,0,0,0,28.958,52.339,0.67,0.006,0.083,0.0,0.883,0.763,0.171,0.516,2.16,0,train
002715,3,0,1,2,0,1,1,21.956,32.555,5.95,0.018868,0.444,0.157,0.345,0.634,0.525,0.551,2.23,0,train
002716,11,4,1,10,3,3,1,6.555,25.287,1.36,0.129133,0.364,0.059,0.228,0.715,0.553,0.67,2.14,1,train
002717,3,0,0,3,0,1,1,17.066,50.245,5.02,0.098058,0.444,0.21,0.24,0.66,0.571,0.543,2.18,0,test
002718,1,0,1,0,0,0,0,10.258,10.258,4.81,0.01909,0.0,0.0,1.0,0.946,0.024,0.652,0.5,0,train
002719,5,4,0,5,2,2,0,8.141,19.266,0.41,0.11257,0.267,0.0,0.767,0.79,0.223,0.573,2.11,1,train
002720,2,1,0,2,0,0,0,48.897,51.662,0.89,0.004455,0.0,0.0,1.0,0.741,0.116,0.399,1.85,0,train
002721,7,2,1,6,2,0,0,7.187,28.773,3.23,0.174717,0.19,0.041,0.695,0.879,0.222,0.594,3.07,1,train
002722,3,1,0,3,0,1,0,36.41,54.182,0.24,0.006358,0.222,0.0,0.767,0.641,0.29,0.429,1.96,0,test
002723,3,0,1,2,0,0,0,38.706,54.236,4.19,0.001925,0.0,0.0,1.0,0.795,0.092,0.462,2.86,0,train
002724,6,0,0,6,0,1,1,19.088,27.769,9.69,0.043562,0.278,0.13,0.26,0.732,0.528,0.542,2.82,0,test
002725,12,5,9,3,5,3,1,2.654,15.762,0.0,0.082268,0.222,0.093,0.0,0.736,0.669,0.762,3.08,1,train
002726,5,1,0,5,1,3,0,16.603,29.714,2.58,0.140573,0.533,0.06,0.455,0.662,0.452,0.586,2.04,1,test
002727,7,6,1,6,4,4,0,10.526,19.809,2.51,0.055995,0.381,0.0,0.767,0.778,0.228,0.692,1.94,1,validation
002728,3,2,1,2,2,0,0,7.369,20.28,1.22,0.125132,0.0,0.067,0.87,0.961,0.089,0.596,1.89,1,train
002729,5,5,0,5,4,1,2,4.11,11.537,2.42,0.14208,0.267,0.38,0.136,0.812,0.56,0.67,2.44,1,train
002730,10,1,0,10,0,8,1,9.416,23.743,3.33,0.078351,0.567,0.081,0.254,0.7,0.546,0.599,2.54,0,validation
002731,14,7,1,13,3,8,0,11.683,25.598,0.09,0.055856,0.476,0.0,0.65,0.688,0.333,0.661,3.03,1,validation
002732,2,0,0,2,0,0,0,35.032,35.698,19.31,0.011029,0.333,0.0,0.883,0.731,0.185,0.373,1.08,0,train
002733,5,1,0,5,0,1,0,37.224,46.814,3.16,0.011578,0.333,0.032,0.663,0.636,0.349,0.347,2.14,0,train
002734,15,8,1,13,4,10,1,6.019,25.596,0.98,0.332041,0.622,0.073,0.085,0.718,0.63,0.829,2.35,1,train
002735,1,1,1,0,1,0,0,7.883,7.883,1.86,0.030162,0.0,0.0,1.0,0.958,0.019,0.742,2.93,1,validation
002736,1,0,0,1,0,0,0,71.473,71.473,6.24,0.000675,0.0,0.0,1.0,0.622,0.17,0.28,1.62,0,train
002737,12,4,1,6,2,9,0,7.757,21.162,2.66,0.135764,0.5,0.015,0.65,0.792,0.286,0.607,3.06,1,test
002738,5,1,1,4,1,0,0,23.79,49.038,0.01,0.006497,0.133,0.0,0.883,0.791,0.158,0.581,2.06,0,train
002739,1,1,1,0,1,0,0,10.759,10.759,0.64,0.012857,0.0,0.0,1.0,0.943,0.026,0.779,1.4,1,test
002740,2,1,0,2,0,0,0,46.24,51.065,1.37,0.00116,0.0,0.0,1.0,0.755,0.11,0.377,1.57,0,validation
002741,3,3,0,3,2,0,0,8.686,25.281,2.08,0.141026,0.0,0.06,0.883,0.954,0.085,0.554,1.74,1,train
002742,17,13,16,1,13,5,3,4.263,14.205,0.03,0.212146,0.373,0.126,0.02,0.727,0.662,0.859,1.91,1,train
002743,10,4,0,10,3,5,2,6.069,25.045,0.43,0.175686,0.333,0.142,0.247,0.801,0.504,0.622,2.77,1,train
002744,5,1,0,5,0,1,0,44.358,55.453,1.49,0.006269,0.133,0.0,0.767,0.598,0.309,0.372,2.3,0,validation
002745,6,2,3,3,1,0,0,9.16,22.908,2.59,0.051653,0.167,0.0,0.883,0.868,0.123,0.683,1.97,1,test
002746,8,4,2,6,2,0,0,11.518,37.148,2.41,0.045474,0.125,0.0,0.883,0.856,0.129,0.538,1.84,1,train
002747,7,0,0,7,0,4,2,5.556,21.521,3.66,0.112901,0.476,0.191,0.052,0.721,0.647,0.643,2.22,0,train
002748,9,1,0,8,1,2,3,10.052,20.845,2.93,0.080048,0.259,0.193,0.098,0.697,0.633,0.603,2.69,0,train
002749,3,2,1,2,0,0,0,31.604,44.105,0.88,0.04495,0.0,0.0,1.0,0.833,0.075,0.541,1.89,1,train
002750,6,0,0,6,0,0,0,19.257,37.115,6.49,0.01833,0.167,0.0,0.883,0.815,0.148,0.452,1.94,0,train
002751,5,1,0,5,0,1,1,7.072,15.716,1.31,0.1219,0.333,0.228,0.247,0.796,0.506,0.624,2.7,0,validation
002752,10,1,0,9,0,2,2,5.542,27.763,0.44,0.166716,0.3,0.167,0.013,0.721,0.669,0.621,1.57,0,train
002753,10,2,0,10,2,4,1,4.433,18.399,3.47,0.145998,0.4,0.138,0.117,0.81,0.571,0.657,2.46,1,train
002754,6,1,1,5,1,0,1,23.83,48.545,0.12,0.008026,0.167,0.13,0.376,0.791,0.437,0.576,2.28,0,train
002755,4,1,1,3,1,3,1,10.887,18.329,0.14,0.393481,0.75,0.223,0.072,0.692,0.649,0.671,1.92,0,train
002756,7,4,0,7,3,1,2,4.693,18.996,0.5,0.151371,0.238,0.259,0.045,0.725,0.649,0.68,2.39,1,test
002757,1,0,0,1,0,0,0,22.906,22.906,3.79,0.008156,0.0,0.0,1.0,0.879,0.055,0.427,1.72,0,train
002758,5,2,0,5,1,0,0,20.683,46.842,1.45,0.011399,0.067,0.0,0.883,0.807,0.151,0.446,1.59,0,train
002759,1,0,0,1,0,0,0,12.338,12.338,3.57,0.047187,0.0,0.0,1.0,0.935,0.029,0.498,1.87,0,train
002760,4,1,0,4,0,0,0,30.194,40.893,0.81,0.009395,0.083,0.0,0.883,0.757,0.174,0.483,1.97,0,validation
002761,1,1,0,1,0,0,0,73.911,73.911,1.27,0.000445,0.0,0.0,1.0,0.609,0.176,0.382,1.58,0,train
002762,11,5,4,7,3,2,2,6.158,24.174,0.99,0.211687,0.273,0.085,0.461,0.801,0.386,0.611,2.14,1,test
002763,1,0,1,0,0,0,0,9.181,9.181,5.38,0.03001,0.0,0.0,1.0,0.951,0.022,0.659,2.45,0,test
002764,2,0,0,2,0,1,0,55.849,63.36,4.31,0.00295,0.5,0.0,0.65,0.454,0.438,0.36,1.71,0,validation
002765,4,3,0,4,0,1,0,28.013,40.394,0.41,0.003356,0.167,0.0,0.767,0.685,0.27,0.535,1.78,0,train
002766,2,0,0,2,0,1,0,45.775,57.811,3.76,0.002376,0.333,0.0,0.767,0.591,0.312,0.333,1.65,0,train
002767,1,1,1,0,1,0,0,8.937,8.937,0.55,0.018153,0.0,0.0,1.0,0.953,0.021,0.795,1.66,1,train
002768,2,0,0,2,0,0,0,44.012,54.966,6.29,0.005584,0.0,0.0,1.0,0.767,0.105,0.287,1.8,0,test
002769,1,1,1,0,1,0,0,8.782,8.782,0.75,0.021218,0.0,0.0,1.0,0.954,0.021,0.787,3.04,1,train
002770,3,3,0,3,2,0,1,5.527,21.79,2.5,0.150894,0.0,0.297,0.421,0.971,0.331,0.629,1.78,1,train
002771,4,1,1,3,1,0,0,20.974,49.127,0.76,0.008611,0.083,0.0,0.883,0.806,0.152,0.565,1.95,0,train
002772,3,2,1,2,2,0,1,4.074,17.416,1.52,0.135805,0.0,0.317,0.383,0.978,0.349,0.678,2.17,1,test
002773,7,7,0,7,4,4,0,11.778,25.996,2.31,0.036246,0.429,0.0,0.767,0.771,0.231,0.534,1.79,1,train
002774,6,2,6,0,1,1,1,4.142,22.689,2.25,0.104462,0.389,0.128,0.149,0.728,0.59,0.88,2.99,1,test
002775,12,6,11,1,5,3,1,5.19,17.715,0.69,0.049348,0.306,0.04,0.338,0.723,0.489,0.836,2.56,1,train
002776,2,0,0,2,0,0,0,27.235,39.072,3.57,0.006099,0.0,0.0,1.0,0.856,0.065,0.398,1.71,0,train
002777,5,4,0,5,1,2,0,23.416,36.294,0.93,0.007311,0.333,0.0,0.767,0.709,0.259,0.477,1.72,0,train
002778,6,2,0,6,1,1,2,5.954,23.858,2.76,0.175558,0.222,0.293,0.162,0.802,0.55,0.611,2.37,0,train
002779,5,0,0,4,0,1,0,28.238,43.15,8.03,0.010327,0.2,0.0,0.767,0.684,0.271,0.399,1.91,0,test
002780,9,5,8,1,4,2,0,10.393,23.913,1.26,0.019337,0.259,0.0,0.767,0.778,0.228,0.741,2.88,1,train
002781,3,0,1,2,0,0,0,38.549,48.667,4.19,0.001926,0.0,0.0,1.0,0.796,0.092,0.463,3.0,0,test
002782,8,1,0,8,1,1,0,7.021,35.316,0.09,0.099986,0.25,0.0,0.767,0.796,0.22,0.689,3.14,1,test
002783,2,2,0,2,0,0,0,31.453,35.388,0.41,0.003136,0.0,0.0,1.0,0.833,0.075,0.459,1.77,0,train
002784,1,0,0,1,0,0,0,47.003,47.003,4.03,0.001647,0.0,0.0,1.0,0.751,0.112,0.28,1.53,0,train
002785,9,0,0,9,0,5,2,8.894,23.415,4.67,0.104884,0.556,0.216,0.085,0.703,0.637,0.617,3.14,0,train
002786,7,7,0,7,5,1,1,4.08,23.204,2.44,0.144513,0.143,0.16,0.149,0.812,0.553,0.677,1.89,1,train
002787,6,3,1,5,1,0,0,12.248,26.819,0.5,0.061885,0.222,0.0,0.883,0.852,0.131,0.553,2.22,0,validation
002788,6,0,1,5,0,0,0,15.489,38.268,8.18,0.05653,0.056,0.043,0.714,0.835,0.232,0.498,2.18,0,test
002789,5,1,0,5,1,0,0,14.586,28.02,2.17,0.030804,0.133,0.0,0.883,0.839,0.136,0.523,1.69,0,test
002790,13,4,0,12,2,1,2,17.913,27.734,1.34,0.107404,0.179,0.133,0.227,0.738,0.543,0.477,2.25,0,train
002791,3,1,0,3,0,1,0,33.382,49.529,1.06,0.005458,0.222,0.0,0.767,0.657,0.283,0.448,1.49,0,train
002792,2,0,2,0,0,0,0,16.295,18.16,4.56,0.00686,0.0,0.0,1.0,0.914,0.039,0.611,1.92,0,train
002793,9,4,0,9,2,3,1,7.799,27.048,1.13,0.13896,0.333,0.077,0.429,0.792,0.408,0.587,2.96,1,train
002794,8,0,0,7,0,2,1,25.186,43.406,4.86,0.093983,0.292,0.092,0.169,0.617,0.63,0.507,1.49,0,train
002795,4,4,0,4,1,0,0,16.995,29.626,0.9,0.015321,0.083,0.0,0.883,0.827,0.142,0.516,1.56,0,train
002796,3,2,0,3,2,1,0,9.964,27.369,0.03,0.036572,0.222,0.0,0.767,0.781,0.227,0.679,1.59,1,train
002797,4,3,0,4,2,1,0,6.946,27.396,2.23,0.165735,0.167,0.075,0.572,0.797,0.327,0.581,1.79,1,test
002798,7,1,1,6,0,0,1,8.951,18.763,2.65,0.143828,0.19,0.163,0.272,0.869,0.459,0.595,2.97,1,train
002799,1,1,1,0,1,0,0,9.221,9.221,1.96,0.021472,0.0,0.0,1.0,0.951,0.022,0.729,2.81,1,train
002800,6,3,5,1,2,1,1,4.952,17.446,1.91,0.143066,0.167,0.123,0.319,0.724,0.499,0.767,2.06,1,test
002801,3,1,0,3,0,0,0,20.662,29.058,3.44,0.023156,0.0,0.0,1.0,0.891,0.049,0.442,2.69,0,train
002802,3,0,0,3,0,0,0,44.924,58.794,7.28,0.002583,0.111,0.0,0.883,0.679,0.209,0.307,3.11,0,train
002803,4,1,0,4,0,0,0,25.723,40.525,0.38,0.011159,0.25,0.0,0.883,0.78,0.163,0.551,2.07,0,validation
002804,2,1,0,2,0,0,0,28.03,50.252,1.86,0.007419,0.0,0.0,1.0,0.852,0.067,0.393,1.86,0,train
002805,4,3,0,4,2,0,1,6.847,23.715,1.39,0.209096,0.0,0.11,0.714,0.964,0.174,0.58,1.73,1,train
002806,5,2,0,5,0,2,0,23.558,36.549,1.57,0.022661,0.267,0.056,0.585,0.709,0.36,0.445,2.05,0,train
002807,13,1,0,13,1,4,0,16.037,33.899,0.57,0.030011,0.333,0.0,0.767,0.748,0.242,0.59,2.42,0,train
002808,3,2,0,2,1,0,0,9.013,32.597,0.9,0.107844,0.0,0.02,0.961,0.952,0.043,0.525,1.86,1,train
002809,4,1,0,4,0,1,0,26.042,45.627,0.05,0.073873,0.333,0.0,0.65,0.612,0.367,0.486,2.06,0,validation
002810,1,1,0,1,0,0,0,39.0,39.0,1.76,0.005076,0.333,0.0,0.883,0.71,0.195,0.426,0.15,0,validation
002811,1,1,1,0,1,0,0,5.62,5.62,0.04,0.039208,0.0,0.11,0.928,0.97,0.053,0.85,1.58,1,train
002812,10,4,1,9,2,5,1,8.725,27.187,0.01,0.120643,0.433,0.059,0.442,0.787,0.403,0.657,2.8,1,validation
002813,5,1,2,3,0,1,0,17.149,40.191,3.26,0.017464,0.2,0.05,0.604,0.743,0.334,0.626,2.25,0,test
002814,3,1,0,3,0,0,0,16.37,64.522,0.21,0.037922,0.111,0.0,0.883,0.83,0.141,0.498,2.1,0,train
002815,15,5,0,15,3,13,2,8.146,19.86,2.6,0.154959,0.667,0.102,0.052,0.707,0.653,0.679,2.95,1,test
002816,9,1,1,8,0,1,0,25.923,38.332,0.4,0.010801,0.185,0.018,0.546,0.613,0.424,0.549,2.4,0,train
002817,11,5,0,11,4,4,1,5.995,23.043,2.72,0.140541,0.333,0.059,0.344,0.802,0.45,0.618,3.09,1,train
002818,9,1,0,9,0,4,1,24.21,35.965,2.87,0.011269,0.481,0.051,0.351,0.622,0.527,0.454,1.82,0,train
002819,3,1,0,3,0,1,0,42.509,54.158,0.61,0.004089,0.444,0.0,0.767,0.608,0.305,0.439,2.09,0,validation
002820,2,0,0,2,0,0,0,17.446,28.356,3.93,0.028617,0.167,0.0,0.883,0.824,0.143,0.464,3.08,0,train
002821,6,2,0,6,1,1,2,4.915,21.843,2.86,0.129514,0.222,0.328,0.123,0.807,0.569,0.626,2.49,0,train
002822,15,8,6,9,4,3,0,8.821,26.26,1.15,0.114668,0.244,0.022,0.552,0.787,0.342,0.67,2.15,1,validation
002823,5,1,0,5,0,1,0,16.192,44.639,0.03,0.022286,0.133,0.0,0.767,0.748,0.242,0.541,1.84,0,train
002824,5,3,0,5,3,1,0,8.661,29.908,0.6,0.119045,0.267,0.02,0.702,0.787,0.26,0.606,2.0,1,train
002825,6,2,0,6,0,1,0,19.786,37.965,1.21,0.019895,0.167,0.0,0.767,0.729,0.25,0.459,2.15,0,validation
002826,8,3,0,8,2,3,1,8.25,19.221,2.8,0.12887,0.333,0.109,0.227,0.79,0.52,0.587,2.87,1,train
002827,4,0,0,4,0,0,0,17.365,29.647,8.5,0.028374,0.083,0.065,0.714,0.825,0.236,0.512,1.7,0,train
002828,4,0,0,4,0,2,0,41.413,53.746,13.79,0.030926,0.667,0.0,0.65,0.531,0.404,0.38,2.06,0,test
002829,3,3,1,2,3,1,0,8.174,11.926,1.14,0.084434,0.222,0.013,0.741,0.79,0.237,0.756,1.81,1,train
002830,1,1,0,1,1,0,0,17.259,17.259,2.68,0.015612,0.0,0.0,1.0,0.909,0.041,0.502,1.75,0,train
002831,7,3,0,7,2,0,1,5.791,30.024,0.83,0.168365,0.238,0.087,0.487,0.886,0.334,0.619,2.52,1,test
002832,14,2,0,14,1,3,2,6.815,35.458,0.49,0.106441,0.262,0.111,0.169,0.797,0.548,0.657,2.35,1,test
002833,5,1,0,4,0,1,0,33.556,54.971,0.22,0.007556,0.267,0.0,0.65,0.572,0.385,0.431,1.98,0,train
002834,7,1,0,7,1,2,0,7.011,41.959,0.1,0.099357,0.286,0.001,0.76,0.796,0.224,0.689,2.63,1,validation
002835,1,0,0,1,0,0,0,53.084,53.084,3.62,0.001271,0.0,0.0,1.0,0.719,0.126,0.28,1.66,0,train
002836,3,1,0,3,0,0,0,41.423,60.491,0.63,0.00456,0.222,0.0,0.883,0.697,0.2,0.411,3.07,0,train
002837,2,0,2,0,0,0,1,8.462,9.059,4.04,0.027894,0.0,0.255,0.668,0.955,0.202,0.704,1.64,0,train
002838,5,1,1,4,1,0,0,22.884,38.653,0.81,0.015019,0.133,0.0,0.883,0.796,0.156,0.55,2.68,0,train
002839,8,5,1,7,2,3,1,5.14,22.249,1.37,0.111895,0.375,0.125,0.033,0.723,0.657,0.754,2.62,1,train
002840,4,1,0,4,0,1,0,28.677,52.078,0.63,0.012566,0.167,0.013,0.734,0.682,0.29,0.442,2.79,0,train
002841,12,8,0,12,4,1,1,2.86,29.156,0.88,0.156429,0.222,0.123,0.117,0.818,0.568,0.673,2.83,1,train
002842,2,1,1,1,1,0,0,24.225,26.671,3.44,0.006941,0.0,0.0,1.0,0.872,0.058,0.526,2.0,0,validation
002843,5,1,1,4,1,0,0,23.79,50.342,0.04,0.006497,0.2,0.0,0.883,0.791,0.158,0.58,2.04,0,validation
002844,2,0,0,2,0,0,0,34.114,37.614,16.24,0.013866,0.0,0.0,1.0,0.819,0.081,0.353,2.18,0,validation
002845,6,3,0,6,2,2,1,9.059,30.642,0.11,0.044866,0.278,0.148,0.188,0.785,0.543,0.591,2.9,0,train
002846,9,3,0,9,1,7,0,12.087,27.503,2.46,0.081794,0.593,0.024,0.507,0.686,0.412,0.597,2.98,0,train
002847,8,1,0,7,0,1,2,10.994,24.3,0.79,0.063109,0.167,0.171,0.162,0.775,0.562,0.578,1.57,0,train
002848,8,1,0,7,1,1,1,11.962,18.942,2.88,0.078176,0.167,0.066,0.429,0.77,0.418,0.537,2.75,0,validation
002849,3,0,0,3,0,1,1,5.706,12.491,3.88,0.075765,0.222,0.323,0.136,0.803,0.564,0.62,2.37,0,validation
002850,2,1,0,2,0,0,0,56.889,59.528,3.27,0.003396,0.0,0.0,1.0,0.699,0.136,0.291,1.82,0,train
002851,3,0,3,0,0,0,0,10.017,15.75,5.41,0.029942,0.0,0.0,1.0,0.947,0.024,0.653,1.02,0,train
002852,2,1,0,2,1,0,1,6.723,29.638,3.33,0.136955,0.167,0.255,0.552,0.881,0.3,0.61,2.05,1,validation
002853,10,2,0,10,1,5,1,7.933,21.605,2.27,0.079572,0.433,0.13,0.078,0.708,0.638,0.598,2.98,0,test
002854,5,3,0,5,1,1,0,10.316,33.298,2.53,0.109208,0.267,0.0,0.767,0.779,0.228,0.516,1.88,1,validation
002855,2,0,0,2,0,0,0,25.298,42.36,7.63,0.016754,0.167,0.0,0.883,0.783,0.162,0.411,3.01,0,train
002856,3,2,0,2,1,1,0,17.407,42.531,2.66,0.022669,0.222,0.0,0.767,0.741,0.245,0.49,1.73,0,validation
002857,1,1,1,0,1,0,0,9.472,9.472,3.1,0.02332,0.0,0.0,1.0,0.95,0.023,0.675,2.82,1,validation
002858,6,2,1,5,0,0,0,8.728,32.436,0.82,0.132568,0.111,0.0,0.883,0.87,0.122,0.522,1.89,0,train
002859,9,2,0,9,0,2,1,10.517,37.605,0.08,0.048671,0.259,0.092,0.227,0.778,0.525,0.576,2.42,0,train
002860,2,0,2,0,0,0,0,8.248,10.049,3.84,0.030051,0.167,0.0,0.883,0.873,0.121,0.692,2.68,0,train
002861,5,5,0,5,2,0,1,4.808,24.23,1.15,0.26953,0.067,0.19,0.266,0.891,0.453,0.637,2.22,1,train
002862,2,0,0,2,0,0,0,37.106,46.698,3.51,0.002598,0.0,0.0,1.0,0.804,0.088,0.333,1.54,0,train
002863,1,0,1,0,0,0,0,36.891,36.891,8.7,0.001497,0.0,0.0,1.0,0.805,0.088,0.474,1.83,0,validation
002864,9,1,3,6,1,3,2,6.1,24.043,0.08,0.14657,0.259,0.162,0.162,0.801,0.55,0.652,2.66,0,train
002865,3,0,0,3,0,0,0,24.128,39.326,8.07,0.015253,0.333,0.0,0.883,0.789,0.159,0.446,2.91,0,train
002866,5,1,0,5,0,0,1,12.789,42.384,0.48,0.024873,0.2,0.166,0.344,0.849,0.429,0.588,2.28,0,train
002867,8,0,1,6,0,0,0,35.189,47.894,5.99,0.010726,0.208,0.0,0.883,0.73,0.185,0.447,2.12,0,validation
002868,1,0,1,0,0,0,0,11.038,11.038,6.78,0.021384,0.0,0.08,0.948,0.942,0.055,0.653,0.61,0,test
002869,5,1,0,5,0,1,1,8.065,16.724,1.3,0.135944,0.333,0.124,0.422,0.791,0.412,0.595,2.75,0,test
002870,5,4,5,0,2,0,0,11.471,18.781,1.96,0.016658,0.067,0.0,0.883,0.856,0.129,0.672,2.33,1,train
002871,6,1,0,5,0,0,0,14.239,40.53,1.73,0.048708,0.056,0.0,0.883,0.841,0.136,0.485,2.07,0,train
002872,13,3,0,13,0,4,0,15.705,37.932,0.1,0.052724,0.308,0.0,0.767,0.75,0.241,0.475,2.72,0,train
002873,15,5,0,15,2,11,2,5.174,23.57,0.01,0.295129,0.644,0.136,0.013,0.723,0.668,0.704,2.55,1,validation
002874,12,1,0,12,0,4,1,10.569,34.579,0.21,0.07061,0.306,0.033,0.513,0.777,0.368,0.531,2.22,0,validation
002875,1,1,1,0,1,0,0,5.848,5.848,0.95,0.059026,0.0,0.09,0.942,0.969,0.046,0.805,2.43,1,train
002876,2,0,0,2,0,1,0,32.981,43.962,4.8,0.00728,0.5,0.0,0.767,0.659,0.282,0.387,3.11,0,train
002877,2,1,0,2,0,0,0,55.952,61.446,0.47,0.001394,0.0,0.0,1.0,0.704,0.133,0.419,1.61,0,train
002878,5,5,0,4,2,2,0,17.534,24.146,1.92,0.01678,0.333,0.0,0.767,0.741,0.245,0.528,1.71,0,train
002879,7,6,0,7,4,3,1,8.515,20.85,1.66,0.080724,0.381,0.111,0.143,0.705,0.604,0.617,2.43,1,train
002880,3,1,0,3,1,0,0,18.434,21.752,2.45,0.019832,0.111,0.0,0.883,0.819,0.146,0.505,1.72,0,train
002881,1,1,1,0,1,0,0,8.975,8.975,2.94,0.01934,0.0,0.0,1.0,0.952,0.021,0.686,2.83,1,test
002882,2,2,0,2,1,0,1,7.58,18.58,3.35,0.152494,0.0,0.2,0.74,0.96,0.161,0.566,2.04,1,train
002883,5,1,1,4,0,2,0,20.444,49.769,0.56,0.0187,0.4,0.0,0.65,0.642,0.354,0.5,2.48,0,train
002884,2,0,0,2,0,1,0,18.643,25.924,4.3,0.013688,0.333,0.0,0.767,0.735,0.248,0.456,1.67,0,train
002885,3,0,3,0,0,2,0,20.622,34.128,4.18,0.003238,0.667,0.0,0.65,0.641,0.354,0.583,1.85,0,train
002886,2,0,0,2,0,0,1,6.468,26.441,3.82,0.301617,0.167,0.49,0.246,0.882,0.467,0.615,3.01,0,validation
002887,5,0,0,5,0,0,0,20.037,35.803,7.6,0.017981,0.2,0.0,0.883,0.811,0.149,0.446,1.95,0,test
002888,1,1,1,0,1,0,0,8.419,8.419,0.81,0.033023,0.333,0.0,0.883,0.872,0.122,0.814,0.09,1,train
002889,7,2,2,5,2,4,0,7.887,21.648,0.11,0.184687,0.476,0.0,0.767,0.792,0.222,0.675,2.74,1,train
002890,6,4,0,4,2,1,1,5.532,23.501,0.05,0.084222,0.167,0.102,0.37,0.804,0.435,0.553,1.92,1,train
002891,3,0,0,3,0,1,0,58.597,62.709,14.08,0.01053,0.444,0.0,0.65,0.44,0.445,0.36,1.92,0,test
002892,11,11,10,1,11,3,0,5.011,10.282,0.25,0.108806,0.303,0.034,0.565,0.807,0.326,0.81,2.81,1,validation
002893,4,0,1,3,0,2,0,7.551,16.92,3.91,0.125632,0.417,0.022,0.592,0.71,0.355,0.723,2.4,0,train
002894,4,1,0,3,0,1,0,8.575,20.528,0.48,0.282756,0.167,0.04,0.663,0.788,0.281,0.539,1.57,0,test
002895,8,0,0,8,0,3,1,10.165,22.508,3.64,0.108475,0.333,0.048,0.52,0.78,0.363,0.533,2.86,0,test
002896,6,4,0,6,3,0,0,8.436,17.976,2.5,0.125507,0.167,0.0,0.883,0.872,0.122,0.563,1.95,1,train
002897,8,0,2,6,0,4,2,11.432,21.538,6.94,0.038556,0.417,0.207,0.033,0.689,0.672,0.632,3.1,0,train
002898,1,0,1,0,0,0,0,9.577,9.577,3.96,0.023066,0.0,0.0,1.0,0.949,0.023,0.656,2.67,0,test
002899,9,1,0,9,1,4,1,7.021,35.42,0.09,0.100088,0.407,0.048,0.371,0.713,0.475,0.689,2.66,1,train
002900,3,0,0,2,0,0,0,19.096,28.217,10.9,0.016684,0.111,0.0,0.883,0.816,0.147,0.456,1.81,0,train
002901,4,0,1,2,0,1,0,36.432,48.859,15.96,0.005795,0.25,0.0,0.767,0.64,0.29,0.474,2.15,0,train
002902,5,1,0,4,0,3,0,18.018,40.266,0.24,0.039061,0.667,0.05,0.488,0.655,0.437,0.567,2.97,0,train
002903,1,0,0,1,0,0,0,24.199,24.199,4.69,0.007152,0.0,0.0,1.0,0.872,0.058,0.419,1.7,0,train
002904,10,1,10,0,1,2,1,8.556,26.751,1.82,0.024701,0.367,0.049,0.332,0.705,0.501,0.74,3.05,1,validation
002905,5,3,0,5,1,1,0,12.526,28.31,0.56,0.032465,0.4,0.0,0.65,0.684,0.335,0.536,2.95,0,validation
002906,1,1,1,0,1,0,0,9.042,9.042,1.54,0.01945,0.0,0.0,1.0,0.952,0.022,0.749,3.01,1,train
002907,4,1,0,4,0,0,0,28.227,48.083,0.65,0.00916,0.083,0.022,0.825,0.767,0.201,0.522,2.25,0,train
002908,1,0,0,1,0,0,0,39.414,39.414,16.0,0.004189,0.0,0.0,1.0,0.791,0.094,0.317,1.94,0,validation
002909,1,1,0,1,0,0,0,67.893,67.893,1.31,0.000721,0.0,0.0,1.0,0.641,0.162,0.38,1.62,0,train
002910,2,2,0,2,2,0,0,7.318,12.597,1.94,0.195892,0.0,0.055,0.928,0.961,0.057,0.557,2.09,1,train
002911,8,3,1,7,1,1,1,16.062,35.106,1.22,0.035936,0.208,0.051,0.5,0.748,0.388,0.52,2.92,0,validation
002912,19,4,0,16,2,5,3,2.922,32.182,0.55,0.129293,0.316,0.142,0.0,0.735,0.669,0.672,2.8,1,train
002913,3,0,0,2,0,0,1,24.689,28.893,15.07,0.01388,0.222,0.267,0.363,0.786,0.446,0.506,2.35,0,validation
002914,3,0,3,0,0,2,0,22.348,35.65,4.25,0.002888,0.667,0.0,0.65,0.632,0.358,0.571,1.83,0,test
002915,8,1,6,2,1,1,0,14.605,19.449,2.42,0.052166,0.125,0.0,0.767,0.756,0.238,0.624,2.75,1,validation
002916,2,1,0,2,1,0,0,20.206,35.405,3.08,0.011676,0.0,0.0,1.0,0.893,0.048,0.464,1.77,0,validation
002917,5,0,4,0,0,4,1,10.277,15.198,6.06,0.055369,0.867,0.144,0.26,0.696,0.544,0.761,2.36,0,test
002918,6,2,2,4,2,2,0,15.47,28.691,0.61,0.034703,0.278,0.0,0.767,0.751,0.24,0.734,2.72,1,train
002919,2,1,0,2,0,0,0,39.247,43.495,0.48,0.003006,0.167,0.0,0.883,0.709,0.195,0.418,1.77,0,train
002920,11,2,11,0,1,4,1,7.41,23.142,2.85,0.040211,0.455,0.056,0.247,0.711,0.544,0.75,3.04,1,train
002921,1,1,0,1,1,0,0,8.793,8.793,3.2,0.111498,0.0,0.0,1.0,0.953,0.021,0.535,1.96,1,test
002922,3,2,0,3,1,0,0,23.444,36.941,0.44,0.010123,0.111,0.0,0.883,0.793,0.158,0.564,1.83,0,validation
002923,8,1,1,7,0,0,1,11.255,34.689,0.16,0.048141,0.042,0.044,0.656,0.857,0.254,0.568,2.27,0,train
002924,4,3,0,4,0,1,0,29.372,43.823,0.36,0.003027,0.25,0.0,0.767,0.678,0.273,0.528,1.7,0,test
002925,6,1,0,6,0,0,1,12.608,30.544,0.81,0.037276,0.278,0.125,0.396,0.85,0.4,0.583,2.26,0,train
002926,7,2,0,7,0,1,0,19.853,37.27,0.56,0.028417,0.19,0.037,0.598,0.728,0.344,0.474,2.54,0,validation
002927,1,1,1,0,1,0,0,7.71,7.71,1.87,0.025333,0.0,0.0,1.0,0.959,0.018,0.743,2.62,1,train
002928,6,5,0,6,4,1,2,4.354,23.652,2.05,0.19944,0.167,0.278,0.136,0.81,0.56,0.671,2.09,1,train
002929,9,0,0,9,0,5,1,9.928,22.013,4.66,0.094144,0.519,0.059,0.422,0.781,0.416,0.583,2.9,0,train
002930,6,1,0,4,0,0,1,9.71,26.277,0.39,0.076919,0.167,0.16,0.259,0.865,0.468,0.592,1.58,0,train
002931,2,1,0,2,0,0,0,33.043,41.082,0.05,0.010641,0.167,0.0,0.883,0.742,0.18,0.438,2.13,0,train
002932,1,1,0,1,1,0,0,8.887,8.887,3.45,0.12165,0.0,0.05,0.968,0.953,0.039,0.527,1.96,1,train
002933,11,8,2,9,3,2,1,6.621,29.172,1.62,0.203534,0.303,0.065,0.429,0.798,0.405,0.577,2.02,1,train
002934,9,3,0,9,3,4,2,6.386,21.215,0.98,0.150204,0.519,0.164,0.065,0.716,0.642,0.681,2.2,1,train
002935,10,4,1,9,3,4,2,4.296,18.258,1.76,0.095349,0.367,0.167,0.136,0.811,0.56,0.789,2.32,1,test
002936,1,0,0,1,0,0,0,42.896,42.896,12.74,0.005336,0.333,0.0,0.883,0.69,0.204,0.321,2.42,0,test
002937,6,3,1,4,2,2,0,8.473,22.845,2.63,0.05066,0.222,0.0,0.767,0.788,0.224,0.664,2.8,1,train
002938,2,1,0,2,0,0,0,29.098,44.651,3.21,0.014553,0.167,0.0,0.883,0.763,0.171,0.426,1.8,0,train
002939,5,2,1,3,2,1,0,14.917,25.498,0.6,0.015086,0.267,0.034,0.656,0.754,0.3,0.641,2.88,1,validation
002940,7,2,0,7,1,1,0,18.574,36.04,0.4,0.029425,0.286,0.0,0.767,0.735,0.248,0.598,2.22,0,train
002941,2,0,0,2,0,0,0,36.456,45.248,3.68,0.002678,0.167,0.0,0.883,0.724,0.189,0.337,1.55,0,train
002942,4,2,0,4,1,1,0,9.112,19.913,1.97,0.113148,0.167,0.0,0.767,0.785,0.225,0.531,1.9,0,validation
002943,4,2,4,0,2,0,0,12.428,16.677,1.9,0.008061,0.0,0.0,1.0,0.934,0.03,0.683,2.77,1,train
002944,12,8,11,1,7,4,1,5.475,17.186,0.91,0.053244,0.25,0.092,0.266,0.804,0.492,0.78,2.42,1,train
002945,4,0,1,2,0,0,1,5.572,15.591,3.73,0.07211,0.083,0.212,0.331,0.887,0.419,0.572,3.08,0,validation
002946,7,1,0,7,0,0,0,19.706,46.432,0.24,0.014374,0.095,0.0,0.883,0.812,0.149,0.502,1.89,0,validation
002947,13,2,0,11,1,4,3,4.32,27.883,1.31,0.101848,0.359,0.161,0.007,0.727,0.669,0.643,1.58,1,test
002948,6,1,0,6,0,0,1,7.941,27.3,2.77,0.119099,0.167,0.107,0.467,0.875,0.349,0.578,2.18,0,validation
002949,2,0,0,2,0,0,0,45.14,45.737,4.0,0.00457,0.167,0.0,0.883,0.678,0.209,0.307,1.7,0,test
002950,5,1,0,5,1,0,1,14.402,31.763,0.09,0.310095,0.0,0.098,0.681,0.924,0.209,0.595,1.55,0,train
002951,4,1,0,4,0,2,0,37.91,65.2,0.12,0.00515,0.417,0.0,0.65,0.549,0.395,0.482,1.96,0,train
002952,1,1,1,0,1,0,0,9.161,9.161,2.44,0.020297,0.0,0.0,1.0,0.952,0.022,0.707,2.88,1,validation
002953,7,0,1,6,0,3,2,6.997,27.216,4.67,0.040894,0.381,0.214,0.117,0.713,0.615,0.728,2.83,0,validation
002954,2,2,2,0,2,0,0,8.089,8.373,2.56,0.034746,0.167,0.0,0.883,0.874,0.121,0.705,1.58,1,train
002955,3,3,0,3,3,0,1,3.411,8.621,0.39,0.130613,0.111,0.37,0.233,0.899,0.467,0.683,2.35,1,train
002956,1,1,1,0,1,0,0,7.415,7.415,1.69,0.040327,0.0,0.0,1.0,0.961,0.018,0.753,2.68,1,validation
002957,5,5,0,5,3,1,0,10.653,20.361,2.44,0.055155,0.2,0.0,0.767,0.777,0.229,0.557,1.73,1,train
002958,1,1,0,1,1,0,0,9.532,9.532,2.87,0.081595,0.0,0.0,1.0,0.95,0.023,0.545,1.87,1,test
002959,8,8,0,8,4,2,1,4.529,24.515,3.02,0.110102,0.333,0.12,0.143,0.809,0.557,0.646,2.26,1,train
002960,10,1,0,9,1,3,1,7.799,30.259,0.06,0.28115,0.333,0.072,0.299,0.792,0.479,0.598,1.56,0,train
002961,6,3,0,6,0,1,0,13.958,50.811,0.22,0.042555,0.111,0.0,0.767,0.759,0.237,0.487,1.73,0,validation
002962,6,0,1,5,0,1,1,7.065,28.843,3.96,0.04859,0.222,0.143,0.208,0.796,0.528,0.742,2.31,0,test
002963,10,1,0,8,0,2,2,7.113,27.765,0.98,0.119858,0.333,0.119,0.299,0.712,0.515,0.607,1.59,0,train
002964,11,1,0,10,1,5,1,9.222,29.448,3.03,0.101338,0.364,0.038,0.494,0.785,0.375,0.54,2.49,1,train
002965,5,1,0,5,0,1,0,9.512,30.571,0.09,0.125957,0.133,0.0,0.767,0.783,0.226,0.517,2.1,0,test
002966,12,6,9,3,6,5,1,4.773,16.466,0.24,0.21504,0.333,0.088,0.072,0.725,0.635,0.749,3.11,1,train
002967,7,7,0,7,4,0,2,5.485,21.069,1.04,0.156814,0.143,0.184,0.428,0.888,0.365,0.633,2.13,1,test
002968,5,1,0,5,0,2,0,14.287,29.098,0.69,0.042784,0.333,0.0,0.767,0.758,0.237,0.485,2.9,0,train
002969,2,2,0,1,1,0,0,21.102,30.207,3.05,0.007435,0.0,0.0,1.0,0.888,0.05,0.38,1.81,0,train
002970,4,1,0,4,0,0,0,43.72,53.186,2.47,0.009565,0.167,0.0,0.883,0.685,0.206,0.336,2.0,0,train
002971,3,3,0,3,2,0,0,9.42,24.139,2.65,0.088996,0.0,0.0,1.0,0.95,0.022,0.554,1.99,1,train
002972,17,8,0,17,4,8,5,2.451,24.323,2.42,0.183164,0.471,0.217,0.0,0.737,0.668,0.705,3.0,1,train
002973,9,1,2,7,0,2,0,13.188,35.745,2.64,0.04439,0.259,0.003,0.747,0.764,0.245,0.661,2.88,0,test
002974,7,3,0,7,2,3,2,6.225,21.366,0.32,0.182965,0.286,0.137,0.409,0.8,0.415,0.606,2.36,1,validation
002975,7,7,0,7,4,4,0,8.898,26.44,1.06,0.089557,0.476,0.0,0.767,0.786,0.225,0.563,1.84,1,train
002976,10,4,0,10,2,7,0,12.341,25.35,2.33,0.079572,0.533,0.003,0.747,0.768,0.243,0.537,2.95,0,train
002977,3,1,0,3,0,0,0,20.694,67.86,0.21,0.016394,0.111,0.0,0.883,0.807,0.151,0.477,1.99,0,validation
002978,12,9,0,12,4,2,1,3.492,29.692,0.86,0.14687,0.25,0.086,0.117,0.815,0.569,0.664,2.49,1,test
002979,15,14,14,1,14,3,6,2.701,8.3,0.12,0.211687,0.311,0.264,0.02,0.736,0.658,0.885,2.74,1,train
002980,7,1,0,7,0,3,0,24.166,28.698,0.17,0.012646,0.333,0.0,0.767,0.705,0.261,0.531,2.06,0,validation
002981,4,1,0,4,0,0,0,19.41,42.02,0.35,0.057404,0.083,0.0,0.883,0.814,0.148,0.497,1.76,0,train
002982,4,1,0,4,1,0,1,6.0,24.557,3.49,0.117204,0.167,0.19,0.389,0.885,0.388,0.601,3.13,1,test
002983,7,0,0,7,0,2,1,12.68,37.213,7.14,0.029297,0.238,0.129,0.182,0.766,0.555,0.567,2.37,0,train
002984,8,3,0,7,2,4,2,4.843,17.951,2.73,0.149483,0.375,0.159,0.065,0.724,0.638,0.655,2.94,1,train
002985,5,2,0,5,0,0,1,13.233,41.306,0.66,0.028455,0.2,0.158,0.37,0.847,0.416,0.582,2.26,0,train
002986,11,4,1,10,2,4,1,6.881,24.483,0.85,0.139679,0.333,0.055,0.37,0.797,0.438,0.651,2.16,1,train
002987,6,1,0,6,1,0,1,24.627,44.62,0.6,0.018684,0.167,0.072,0.604,0.786,0.314,0.548,2.24,0,train
002988,4,1,0,4,0,1,0,15.895,30.345,0.15,0.04034,0.333,0.0,0.767,0.749,0.241,0.501,2.14,0,train
002989,13,1,0,13,0,1,0,10.174,35.433,2.15,0.110441,0.282,0.003,0.741,0.779,0.242,0.512,2.23,0,train
002990,5,1,0,5,0,1,0,10.909,40.989,0.02,0.070719,0.133,0.0,0.767,0.776,0.229,0.54,1.93,0,validation
002991,5,3,1,4,1,0,0,23.426,33.252,0.96,0.014823,0.133,0.0,0.883,0.793,0.157,0.586,2.44,1,validation
002992,5,1,0,5,1,0,1,22.051,31.531,0.48,0.012065,0.133,0.166,0.344,0.8,0.451,0.558,2.29,0,test
002993,5,1,0,5,1,3,0,18.874,32.341,2.13,0.128034,0.533,0.0,0.65,0.65,0.35,0.589,2.01,1,train
002994,1,1,1,0,1,0,0,9.723,9.723,0.8,0.014715,0.0,0.0,1.0,0.949,0.023,0.779,1.49,1,validation
002995,2,1,0,1,1,0,0,14.676,27.488,3.3,0.018061,0.0,0.0,1.0,0.922,0.035,0.411,1.69,0,validation
002996,8,8,0,8,5,0,1,3.1,20.174,1.08,0.148457,0.167,0.188,0.233,0.9,0.467,0.687,2.02,1,train
002997,2,1,0,1,0,0,0,19.967,29.035,2.51,0.011984,0.0,0.0,1.0,0.894,0.048,0.447,1.75,0,test
002998,3,1,0,3,0,0,0,32.348,46.097,0.7,0.006322,0.0,0.0,1.0,0.829,0.077,0.492,1.92,0,train
002999,5,2,3,2,2,0,2,4.612,16.131,3.17,0.109791,0.067,0.27,0.259,0.892,0.456,0.648,1.6,1,train
003000,3,1,1,2,0,1,0,31.415,50.974,0.01,0.002325,0.333,0.0,0.65,0.584,0.38,0.591,1.83,0,validation
003001,9,4,0,9,2,5,1,10.02,21.803,2.46,0.085592,0.444,0.05,0.474,0.78,0.388,0.552,2.98,1,train
003002,8,7,8,0,7,0,0,4.061,13.831,0.04,0.107687,0.0,0.076,0.792,0.979,0.124,0.818,2.59,1,train
003003,3,2,0,3,0,1,0,39.26,53.077,0.05,0.001631,0.222,0.0,0.767,0.625,0.297,0.491,1.58,0,train
003004,16,4,1,15,2,11,1,8.045,25.832,2.56,0.117953,0.479,0.061,0.182,0.707,0.582,0.605,2.98,1,train
003005,5,1,0,5,1,0,0,8.822,31.483,0.17,0.061523,0.133,0.0,0.883,0.87,0.123,0.673,1.98,1,train
003006,4,1,0,4,1,0,0,14.401,26.449,1.83,0.044695,0.0,0.0,1.0,0.924,0.034,0.528,1.81,0,test
003007,3,1,0,3,0,0,0,33.299,51.894,0.31,0.008518,0.0,0.0,1.0,0.824,0.079,0.426,2.0,0,train
003008,9,5,1,8,3,1,1,5.378,25.336,0.46,0.152941,0.185,0.086,0.266,0.805,0.491,0.632,2.12,1,validation
003009,14,4,12,2,2,2,0,7.067,18.339,0.51,0.036429,0.167,0.006,0.715,0.796,0.249,0.704,2.73,1,train
003010,4,2,0,4,2,1,0,7.01,10.307,2.35,0.137734,0.25,0.058,0.617,0.796,0.302,0.566,2.02,1,train
003011,3,2,1,2,1,0,0,13.488,25.27,0.7,0.027142,0.0,0.0,1.0,0.929,0.032,0.545,1.77,0,train
003012,4,4,0,4,2,0,1,4.987,25.025,2.16,0.086671,0.167,0.24,0.259,0.89,0.457,0.626,2.3,1,train
003013,7,0,1,5,0,4,1,10.662,28.931,5.7,0.098716,0.429,0.173,0.117,0.694,0.624,0.686,2.76,0,test
003014,8,0,3,4,0,3,0,14.084,27.201,7.58,0.050924,0.417,0.037,0.455,0.675,0.446,0.567,2.81,0,validation
003015,10,5,1,9,4,5,0,10.247,22.108,0.94,0.052246,0.367,0.0,0.767,0.779,0.228,0.73,1.9,1,train
003016,5,0,0,5,0,2,0,9.514,21.573,3.81,0.103419,0.333,0.0,0.767,0.783,0.226,0.517,2.1,0,train
003017,9,1,1,8,0,1,1,20.928,39.093,0.29,0.010176,0.148,0.082,0.286,0.723,0.518,0.554,2.32,0,validation
003018,6,4,6,0,4,0,0,5.413,9.141,2.77,0.080602,0.056,0.052,0.701,0.888,0.215,0.74,2.02,1,test
003019,7,3,0,7,2,1,1,4.501,20.947,2.52,0.126063,0.238,0.134,0.156,0.81,0.55,0.653,2.26,1,validation
003020,4,0,3,0,0,0,0,12.635,20.315,5.1,0.0137,0.0,0.0,1.0,0.933,0.03,0.605,2.07,0,validation
003021,9,4,0,9,3,4,1,12.119,24.636,0.92,0.052466,0.333,0.072,0.344,0.769,0.465,0.551,2.71,1,validation
003022,7,3,0,7,2,3,1,5.88,20.619,2.46,0.116052,0.333,0.12,0.221,0.802,0.518,0.608,2.17,1,train
003023,3,1,0,3,1,0,0,22.339,24.403,1.01,0.008646,0.111,0.0,0.883,0.798,0.155,0.533,1.9,0,test
003024,1,1,1,0,1,0,0,7.281,7.281,0.11,0.021852,0.0,0.0,1.0,0.961,0.017,0.826,1.57,1,train
003025,3,1,0,3,0,0,0,19.419,22.179,0.08,0.029565,0.222,0.0,0.883,0.814,0.148,0.561,2.54,0,validation
003026,4,4,0,4,3,0,0,9.835,20.62,1.26,0.068402,0.167,0.0,0.883,0.865,0.125,0.569,1.88,1,train
003027,5,1,1,4,0,0,0,9.358,37.251,0.7,0.082532,0.067,0.0,0.883,0.867,0.124,0.658,2.17,0,test
003028,4,0,2,2,0,0,0,16.721,29.4,4.1,0.022962,0.167,0.0,0.883,0.828,0.142,0.631,2.63,0,test
003029,2,1,0,2,0,0,0,35.979,44.315,1.47,0.007723,0.0,0.0,1.0,0.81,0.086,0.373,1.95,0,validation
003030,9,3,0,9,2,7,1,8.903,25.218,2.6,0.071093,0.593,0.08,0.182,0.703,0.584,0.658,2.93,1,train
003031,2,1,0,2,0,0,0,61.829,68.206,1.55,0.000635,0.0,0.0,1.0,0.673,0.147,0.369,1.58,0,train
003032,5,2,1,4,0,0,1,7.181,22.042,0.09,0.105783,0.2,0.118,0.5,0.879,0.33,0.715,2.23,1,train
003033,7,0,1,6,0,1,1,29.243,50.405,8.91,0.008096,0.333,0.107,0.279,0.679,0.541,0.473,2.93,0,train
003034,8,5,2,6,3,2,0,8.815,26.526,0.1,0.112843,0.25,0.0,0.767,0.787,0.224,0.689,2.72,1,train
003035,3,2,0,3,1,1,0,15.929,22.356,0.4,0.287469,0.222,0.057,0.656,0.749,0.302,0.584,1.57,0,train
003036,5,1,0,5,1,0,1,9.441,27.176,0.06,0.253194,0.0,0.2,0.35,0.95,0.38,0.597,1.54,0,validation
003037,7,1,0,7,0,0,0,30.558,53.85,0.27,0.00489,0.143,0.0,0.883,0.755,0.174,0.5,1.85,0,train
003038,1,1,0,1,0,0,0,44.7,44.7,1.64,0.002056,0.0,0.0,1.0,0.763,0.106,0.367,1.74,0,validation
003039,7,2,0,7,0,2,0,20.126,39.084,0.18,0.021317,0.238,0.0,0.767,0.727,0.251,0.47,2.4,0,test
003040,7,1,0,7,0,0,0,22.406,48.256,0.24,0.010378,0.095,0.0,0.883,0.798,0.155,0.502,1.88,0,train
003041,16,7,0,14,4,12,1,4.89,25.11,1.56,0.15325,0.646,0.051,0.123,0.724,0.606,0.742,2.29,1,test
003042,6,4,3,3,3,1,0,15.209,25.96,0.6,0.023323,0.222,0.0,0.767,0.753,0.24,0.652,2.93,1,train
003043,8,1,0,8,0,4,1,8.743,21.868,1.76,0.098777,0.417,0.105,0.273,0.704,0.533,0.607,2.95,0,train
003044,2,0,0,2,0,0,0,33.932,34.634,19.37,0.010384,0.333,0.125,0.721,0.737,0.272,0.391,1.06,0,validation
003045,2,2,0,2,0,0,0,29.741,52.44,2.96,0.004266,0.0,0.0,1.0,0.843,0.071,0.405,1.67,0,train
003046,4,1,1,3,0,0,0,13.293,38.051,0.0,0.021793,0.0,0.0,1.0,0.93,0.032,0.631,1.97,0,train
003047,14,13,13,1,11,4,2,4.144,16.369,0.14,0.064684,0.31,0.09,0.247,0.728,0.537,0.875,2.68,1,train
003048,9,4,0,9,3,2,1,5.858,25.832,0.56,0.139919,0.296,0.089,0.247,0.802,0.503,0.62,1.57,1,test
003049,1,0,0,1,0,0,0,24.582,24.582,8.73,0.015924,0.333,0.0,0.883,0.787,0.16,0.443,0.42,0,train
003050,6,3,4,2,0,0,0,29.543,42.476,0.54,0.012695,0.167,0.0,0.883,0.76,0.172,0.555,2.97,0,validation
003051,14,2,0,14,1,3,1,16.1,35.995,0.62,0.02528,0.286,0.045,0.357,0.748,0.467,0.599,2.39,0,test
003052,4,2,0,4,0,0,0,23.409,39.283,0.58,0.023879,0.083,0.0,0.883,0.793,0.157,0.424,2.05,0,train
003053,5,2,0,5,2,1,1,10.309,24.665,2.01,0.073911,0.267,0.126,0.357,0.779,0.453,0.588,2.93,0,train
003054,1,0,1,0,0,0,0,15.201,15.201,5.73,0.007304,0.0,0.0,1.0,0.92,0.036,0.619,1.15,0,test
003055,10,3,0,10,2,1,2,3.942,30.243,0.96,0.094779,0.233,0.19,0.0,0.729,0.672,0.648,1.57,1,train
003056,6,2,0,6,2,3,1,6.456,24.361,3.4,0.148234,0.444,0.1,0.377,0.799,0.433,0.615,3.02,1,validation
003057,7,2,1,6,0,2,0,13.838,43.271,1.77,0.046226,0.286,0.0,0.767,0.76,0.236,0.628,2.94,0,train
003058,4,1,0,4,0,0,1,14.717,33.907,0.34,0.025339,0.25,0.172,0.435,0.839,0.383,0.564,2.27,0,train
003059,2,1,1,1,1,0,1,8.465,11.598,1.85,0.052814,0.0,0.34,0.558,0.955,0.263,0.739,0.84,1,test
003060,2,0,0,2,0,0,1,25.557,49.958,11.4,0.052216,0.0,0.375,0.512,0.865,0.329,0.47,1.59,0,train
003061,6,4,2,4,3,2,1,7.204,27.093,2.37,0.113385,0.222,0.13,0.26,0.795,0.499,0.668,2.24,1,train
003062,3,2,0,3,1,1,1,4.312,30.504,0.07,0.064965,0.333,0.333,0.0,0.727,0.673,0.631,2.54,0,test
003063,2,0,0,2,0,0,1,32.908,33.608,19.43,0.011861,0.333,0.255,0.552,0.742,0.362,0.419,1.04,0,train
003064,13,3,0,13,0,5,0,14.486,36.614,0.19,0.064166,0.333,0.008,0.695,0.757,0.277,0.483,2.69,0,test
003065,5,2,3,2,2,0,1,4.612,16.113,0.08,0.109815,0.133,0.192,0.259,0.892,0.456,0.645,1.6,1,train
003066,5,1,0,5,1,3,0,20.739,34.41,1.65,0.09478,0.533,0.0,0.65,0.64,0.354,0.596,2.0,1,train
003067,4,1,0,4,0,1,1,14.939,25.698,2.14,0.023846,0.167,0.177,0.305,0.754,0.493,0.537,2.48,0,train
003068,2,1,0,2,0,1,0,8.857,21.906,3.18,0.142799,0.667,0.025,0.618,0.703,0.344,0.605,2.03,0,train
003069,1,0,0,1,0,0,0,35.437,35.437,4.34,0.003354,0.0,0.0,1.0,0.812,0.084,0.344,1.76,0,train
003070,1,0,0,1,0,0,0,51.209,51.209,8.55,0.00278,0.0,0.0,1.0,0.729,0.122,0.28,2.08,0,train
003071,3,1,1,2,0,2,0,47.58,57.877,2.22,0.003878,0.444,0.0,0.767,0.581,0.317,0.532,3.11,0,test
003072,18,3,0,15,1,5,2,6.575,34.16,0.08,0.16167,0.315,0.069,0.085,0.715,0.632,0.587,2.08,1,train
003073,4,3,0,4,2,0,0,9.424,31.224,2.29,0.234911,0.0,0.0,1.0,0.95,0.022,0.53,1.9,1,validation
003074,4,3,2,2,3,2,1,5.953,13.694,1.37,0.074595,0.5,0.138,0.292,0.718,0.516,0.804,2.26,1,train
003075,3,1,0,3,0,0,0,35.661,43.845,0.09,0.008591,0.0,0.0,1.0,0.811,0.085,0.455,2.0,0,train
003076,1,0,0,1,0,0,0,39.308,39.308,10.13,0.002444,0.0,0.0,1.0,0.792,0.094,0.318,1.66,0,train
003077,2,0,0,2,0,0,0,24.868,42.331,7.5,0.006997,0.0,0.0,1.0,0.868,0.059,0.414,1.81,0,train
003078,8,0,2,6,0,3,1,14.735,28.731,3.98,0.043948,0.333,0.049,0.513,0.755,0.378,0.672,3.08,0,test
003079,2,2,0,2,0,0,0,39.977,45.08,1.73,0.002243,0.0,0.0,1.0,0.788,0.095,0.394,1.54,0,train
003080,4,2,0,4,0,0,1,24.432,37.365,0.18,0.012138,0.083,0.17,0.441,0.787,0.403,0.472,2.05,0,train
003081,2,2,0,2,2,0,1,2.91,5.959,2.44,0.091103,0.0,0.5,0.35,0.985,0.364,0.686,2.43,1,train
003082,1,0,1,0,0,0,0,47.654,47.654,8.93,0.000837,0.0,0.0,1.0,0.748,0.114,0.42,1.78,0,test
003083,4,0,0,4,0,2,0,12.851,22.41,4.52,0.038115,0.417,0.0,0.767,0.765,0.234,0.494,1.92,0,train
003084,7,1,5,2,1,0,0,15.181,21.245,2.07,0.031061,0.048,0.0,0.883,0.836,0.138,0.628,2.82,1,validation
003085,1,0,1,0,0,0,0,9.376,9.376,5.64,0.032514,0.0,0.0,1.0,0.95,0.022,0.657,0.62,0,test
003086,5,1,0,5,1,0,1,18.421,28.996,0.16,0.014811,0.133,0.164,0.35,0.819,0.439,0.61,2.28,0,train
003087,8,7,1,7,4,1,1,4.243,22.119,0.64,0.115742,0.25,0.121,0.02,0.728,0.662,0.749,2.73,1,train
003088,2,0,0,2,0,1,1,25.181,49.954,14.23,0.00842,0.5,0.42,0.104,0.617,0.665,0.559,2.31,0,validation
003089,2,2,0,2,1,0,0,23.173,27.505,2.94,0.007367,0.167,0.0,0.883,0.794,0.157,0.439,1.71,0,train
003090,1,1,0,1,1,0,0,13.84,13.84,0.09,0.035844,0.0,0.0,1.0,0.927,0.033,0.644,0.19,0,train
003091,6,2,0,5,1,1,1,10.175,45.591,0.46,0.080739,0.222,0.105,0.357,0.779,0.453,0.565,2.21,0,train
003092,14,4,0,13,2,1,3,5.672,29.252,0.88,0.109058,0.214,0.169,0.033,0.72,0.658,0.618,2.1,0,train
003093,12,4,0,12,3,3,3,5.07,24.813,0.7,0.192682,0.361,0.183,0.045,0.723,0.65,0.644,2.41,1,validation
003094,7,5,0,7,4,2,2,3.685,15.322,0.66,0.168871,0.333,0.261,0.0,0.73,0.671,0.733,2.09,1,train
003095,12,4,2,10,2,8,0,16.887,32.793,0.31,0.014363,0.583,0.0,0.65,0.661,0.345,0.674,2.86,1,train
003096,3,1,1,2,0,1,0,13.952,39.72,0.57,0.016861,0.333,0.0,0.65,0.676,0.338,0.707,1.97,0,train
003097,15,5,0,15,2,13,2,7.764,24.364,0.15,0.109749,0.689,0.099,0.091,0.709,0.631,0.658,2.33,1,validation
003098,4,4,0,4,2,0,0,7.581,20.534,0.32,0.130065,0.083,0.037,0.786,0.877,0.173,0.586,1.57,1,train
003099,3,2,1,2,2,0,1,5.101,18.345,1.42,0.15711,0.0,0.257,0.499,0.973,0.287,0.656,2.04,1,test
003100,2,1,0,2,1,0,1,5.781,28.614,3.28,0.128646,0.0,0.375,0.512,0.969,0.282,0.612,2.14,1,train
003101,6,1,0,6,0,3,1,11.117,30.818,1.69,0.054582,0.389,0.167,0.169,0.691,0.596,0.588,3.04,0,validation
003102,3,2,1,2,2,0,0,9.518,11.902,0.13,0.336363,0.222,0.11,0.669,0.866,0.242,0.813,2.22,1,validation
003103,8,7,1,7,5,2,2,3.837,21.476,1.13,0.13889,0.417,0.172,0.058,0.73,0.639,0.839,2.48,1,train
003104,7,6,0,6,3,2,1,6.07,28.437,0.34,0.178255,0.333,0.104,0.292,0.801,0.479,0.613,2.03,1,test
003105,6,1,1,5,1,3,1,7.966,23.087,1.68,0.128759,0.444,0.08,0.338,0.708,0.496,0.676,2.1,0,train
003106,5,0,4,0,0,4,0,20.347,26.492,5.57,0.00504,0.667,0.0,0.65,0.642,0.353,0.664,1.9,0,train
003107,11,1,0,10,0,4,1,4.428,23.812,2.64,0.069725,0.364,0.118,0.0,0.727,0.673,0.63,2.87,0,train
003108,2,1,0,2,0,0,0,71.111,76.386,0.05,0.000645,0.0,0.0,1.0,0.624,0.169,0.438,1.81,0,test
003109,3,2,1,2,1,0,0,19.893,30.526,0.37,0.010731,0.0,0.0,1.0,0.895,0.047,0.506,1.75,0,validation
003110,2,2,0,2,0,0,0,30.956,33.475,1.79,0.003339,0.0,0.0,1.0,0.836,0.074,0.423,1.78,0,test
003111,2,2,0,2,2,0,1,6.735,11.689,2.4,0.180717,0.0,0.245,0.681,0.964,0.191,0.575,2.18,1,train
003112,2,1,0,2,0,0,0,45.618,58.343,1.6,0.002162,0.0,0.0,1.0,0.758,0.109,0.367,1.71,0,train
003113,13,6,0,13,4,3,2,4.06,22.675,2.16,0.099368,0.282,0.152,0.117,0.812,0.571,0.633,3.07,1,validation
003114,15,2,12,3,2,3,0,17.023,27.431,1.86,0.016793,0.267,0.0,0.767,0.743,0.244,0.636,3.06,1,train
003115,7,0,3,4,0,3,0,16.176,30.067,7.74,0.045881,0.429,0.0,0.65,0.664,0.344,0.587,2.84,0,test
003116,8,1,0,8,0,1,1,8.548,26.246,1.21,0.113658,0.25,0.071,0.396,0.788,0.427,0.569,1.57,0,train
003117,2,1,0,2,1,0,1,7.008,23.969,3.05,0.155089,0.167,0.225,0.591,0.88,0.279,0.59,1.94,1,test
003118,10,4,4,6,0,2,0,33.332,44.767,0.4,0.004388,0.4,0.0,0.767,0.657,0.283,0.616,2.85,0,train
003119,4,0,0,4,0,1,1,6.394,17.375,4.4,0.068,0.25,0.23,0.169,0.799,0.547,0.611,2.37,0,test
003120,16,4,1,15,2,11,2,4.167,24.766,0.45,0.118841,0.583,0.117,0.0,0.728,0.672,0.712,2.46,1,train
003121,1,1,1,0,1,0,0,8.702,8.702,0.46,0.025155,0.0,0.0,1.0,0.954,0.021,0.801,0.0,1,train
003122,1,0,1,0,0,0,0,8.988,8.988,4.36,0.027282,0.333,0.0,0.883,0.869,0.123,0.687,2.62,0,validation
003123,1,0,0,1,0,0,0,28.073,28.073,8.64,0.011516,0.333,0.0,0.883,0.768,0.169,0.42,0.38,0,validation
003124,8,2,1,7,0,1,1,8.567,37.167,3.1,0.061186,0.292,0.104,0.227,0.788,0.52,0.616,3.05,1,test
003125,1,1,0,1,0,0,0,45.06,45.06,2.84,0.00181,0.0,0.0,1.0,0.761,0.107,0.31,1.65,0,test
003126,3,1,1,2,1,0,0,9.442,28.692,0.2,0.052327,0.0,0.0,1.0,0.95,0.022,0.668,2.06,1,train
003127,4,2,0,4,0,1,0,27.77,40.792,0.38,0.010126,0.25,0.0,0.767,0.686,0.269,0.48,2.05,0,train
003128,4,3,0,3,3,1,0,9.032,15.194,2.28,0.059481,0.25,0.0,0.767,0.786,0.225,0.519,1.88,1,validation
003129,2,1,0,2,0,0,0,42.434,44.207,0.24,0.00288,0.167,0.0,0.883,0.692,0.203,0.429,1.83,0,test
003130,1,1,1,0,1,0,0,6.913,6.913,1.19,0.031704,0.0,0.0,1.0,0.963,0.016,0.78,1.73,1,validation
003131,9,3,0,9,1,1,1,8.011,30.042,3.01,0.095816,0.259,0.107,0.143,0.791,0.566,0.603,2.97,1,train
003132,15,1,0,15,1,3,1,9.598,35.549,0.38,0.138719,0.333,0.051,0.455,0.783,0.398,0.617,2.45,0,train
003133,5,4,3,2,4,1,0,5.969,11.274,0.33,0.134939,0.133,0.014,0.721,0.802,0.243,0.831,2.87,1,train
003134,1,0,1,0,0,0,0,11.17,11.17,6.71,0.024958,0.333,0.0,0.883,0.858,0.128,0.672,1.89,0,train
003135,7,4,2,5,3,2,0,11.46,28.512,0.82,0.038228,0.286,0.0,0.767,0.773,0.231,0.675,2.75,1,test
003136,5,2,0,4,0,0,0,35.845,51.785,0.98,0.010602,0.133,0.0,0.883,0.727,0.187,0.395,2.07,0,test
003137,3,3,0,3,0,0,0,33.889,53.006,1.38,0.00345,0.0,0.0,1.0,0.821,0.081,0.379,1.9,0,train
003138,8,1,0,8,0,1,1,6.74,41.193,0.27,0.151301,0.167,0.089,0.305,0.798,0.473,0.592,2.12,0,train
003139,5,1,0,5,0,1,1,8.735,40.143,0.32,0.322648,0.2,0.148,0.286,0.787,0.489,0.581,2.0,0,test
003140,2,0,1,1,0,0,0,11.397,15.992,4.67,0.095182,0.167,0.0,0.883,0.856,0.129,0.609,2.03,0,validation
003141,8,3,2,6,3,4,1,4.36,16.479,2.95,0.127641,0.417,0.139,0.149,0.81,0.553,0.652,2.76,1,train
003142,6,2,0,5,0,0,0,23.333,49.99,0.79,0.02134,0.167,0.035,0.747,0.793,0.232,0.468,2.21,0,validation
003143,4,2,0,4,1,1,0,14.886,25.783,2.61,0.109849,0.25,0.0,0.767,0.755,0.239,0.485,1.99,0,test
003144,2,0,0,2,0,1,1,13.515,17.216,4.94,0.065685,0.5,0.2,0.39,0.678,0.48,0.553,0.84,0,validation
003145,1,0,0,1,0,0,0,46.832,46.832,24.34,0.00224,0.0,0.0,1.0,0.752,0.112,0.28,1.59,0,train
003146,7,3,2,5,3,4,0,8.426,17.402,3.01,0.116293,0.429,0.0,0.767,0.789,0.223,0.621,1.97,1,train
003147,9,3,1,8,1,3,2,6.278,20.375,1.3,0.096876,0.259,0.181,0.123,0.8,0.572,0.617,2.83,0,train
003148,4,1,1,3,1,0,1,4.605,33.325,3.16,0.109498,0.083,0.24,0.259,0.892,0.456,0.642,1.8,1,test
003149,3,1,3,0,1,0,0,9.546,14.787,3.36,0.035807,0.222,0.027,0.831,0.866,0.153,0.689,2.17,1,validation
003150,5,3,0,5,2,2,0,11.65,31.445,0.26,0.03522,0.333,0.0,0.767,0.772,0.231,0.546,2.85,1,train
003151,6,2,0,6,1,0,0,14.676,32.04,2.43,0.038883,0.167,0.0,0.883,0.839,0.137,0.482,2.49,0,validation
003152,1,1,0,1,1,0,0,16.565,16.565,3.41,0.019439,0.0,0.0,1.0,0.912,0.039,0.474,1.77,0,train
003153,1,1,0,1,0,0,0,27.394,27.394,2.99,0.005936,0.0,0.0,1.0,0.855,0.065,0.421,1.75,0,train
003154,3,1,0,3,0,0,1,10.648,24.715,0.0,0.075339,0.111,0.173,0.545,0.86,0.313,0.523,2.29,0,train
003155,3,0,1,2,0,0,1,7.178,13.805,5.51,0.083319,0.222,0.3,0.298,0.879,0.441,0.631,2.3,0,train
003156,5,2,3,2,0,0,0,39.83,52.66,0.04,0.005883,0.2,0.0,0.883,0.706,0.197,0.578,3.13,0,validation
003157,4,1,1,3,0,0,0,20.531,24.286,0.6,0.015549,0.0,0.0,1.0,0.891,0.049,0.583,2.19,0,train
003158,2,1,1,1,1,0,0,18.439,21.762,3.36,0.013727,0.0,0.0,1.0,0.902,0.044,0.553,2.03,0,test
003159,9,1,2,7,1,4,2,3.792,23.709,2.96,0.091898,0.37,0.208,0.007,0.73,0.668,0.659,2.86,1,train
003160,8,1,0,8,1,2,0,7.031,35.971,0.09,0.099875,0.25,0.0,0.767,0.796,0.22,0.689,2.93,1,test
003161,2,1,0,1,0,0,0,29.622,38.736,3.09,0.004468,0.0,0.0,1.0,0.843,0.071,0.401,1.66,0,test
003162,1,1,1,0,1,0,0,8.492,8.492,1.6,0.030199,0.0,0.0,1.0,0.955,0.02,0.75,0.19,1,validation
003163,14,9,1,13,4,8,2,3.79,22.997,0.65,0.162931,0.5,0.112,0.007,0.73,0.668,0.75,2.32,1,test
003164,1,1,1,0,1,0,0,9.405,9.405,2.63,0.018129,0.0,0.0,1.0,0.95,0.022,0.697,0.31,1,train
003165,3,1,0,3,0,0,0,31.068,42.384,2.57,0.008157,0.0,0.0,1.0,0.836,0.074,0.373,2.03,0,train
003166,2,0,1,1,0,0,1,12.363,17.123,6.89,0.051733,0.167,0.275,0.526,0.851,0.328,0.574,1.31,0,test
003167,7,4,0,7,1,3,0,12.248,26.347,2.27,0.089766,0.333,0.0,0.767,0.768,0.233,0.507,1.73,0,train
003168,3,1,0,3,0,0,0,29.933,34.443,0.44,0.003902,0.111,0.0,0.883,0.758,0.173,0.52,1.77,0,train
003169,13,1,0,13,1,3,1,10.5,34.163,0.42,0.076483,0.333,0.074,0.156,0.694,0.602,0.639,2.28,0,validation
003170,5,1,0,5,1,2,1,10.523,30.789,0.29,0.078098,0.333,0.186,0.175,0.694,0.591,0.59,3.02,0,train
003171,2,1,2,0,1,0,0,8.753,9.382,1.27,0.026292,0.0,0.0,1.0,0.954,0.021,0.764,2.88,1,validation
003172,8,4,1,7,1,1,1,6.346,37.167,2.29,0.1678,0.292,0.087,0.435,0.8,0.401,0.625,3.11,1,train
003173,5,3,0,5,1,0,1,4.646,38.897,0.03,0.094132,0.0,0.19,0.383,0.975,0.351,0.636,2.32,1,test
003174,1,0,0,1,0,0,0,14.601,14.601,7.66,0.065737,0.0,0.0,1.0,0.923,0.035,0.483,0.36,0,test
003175,3,1,0,3,0,2,1,5.857,23.767,1.5,0.055235,0.667,0.327,0.013,0.719,0.669,0.699,2.32,0,train
003176,7,0,0,7,0,2,1,14.576,39.31,6.78,0.063264,0.238,0.069,0.455,0.756,0.41,0.521,2.25,0,test
003177,1,1,1,0,1,0,0,7.963,7.963,0.23,0.023866,0.0,0.0,1.0,0.958,0.019,0.816,3.1,1,train
003178,4,1,2,2,1,1,2,6.815,13.326,1.83,0.117719,0.25,0.372,0.013,0.714,0.672,0.683,2.39,1,train
003179,5,2,1,4,1,0,1,10.056,42.074,0.74,0.064431,0.133,0.2,0.233,0.863,0.483,0.666,2.34,1,validation
003180,2,0,0,2,0,0,0,15.828,26.711,4.0,0.035852,0.167,0.0,0.883,0.833,0.139,0.474,3.07,0,test
003181,4,1,0,4,0,0,0,32.216,48.194,0.47,0.005675,0.167,0.0,0.883,0.746,0.178,0.419,1.8,0,validation
003182,3,2,1,2,2,0,0,15.162,16.236,0.01,0.10017,0.222,0.0,0.883,0.836,0.138,0.794,2.22,1,train
003183,3,2,1,2,0,1,0,49.822,60.244,2.5,0.003491,0.333,0.0,0.767,0.57,0.322,0.519,3.11,0,train
003184,3,1,0,3,1,0,0,20.667,31.418,0.54,0.010465,0.0,0.0,1.0,0.891,0.049,0.578,1.94,0,train
003185,1,0,1,0,0,0,0,9.891,9.891,4.21,0.017954,0.0,0.0,1.0,0.948,0.024,0.654,2.72,0,validation
003186,2,1,0,2,0,0,0,29.905,36.297,0.04,0.022945,0.0,0.0,1.0,0.842,0.071,0.454,2.16,0,train
003187,7,1,0,6,0,0,1,9.352,26.854,0.61,0.139679,0.143,0.114,0.363,0.867,0.41,0.563,1.57,0,train
003188,1,0,0,1,0,0,0,66.092,66.092,5.77,0.000828,0.0,0.0,1.0,0.65,0.157,0.28,1.64,0,test
003189,1,1,0,1,0,0,0,41.377,41.377,2.97,0.002202,0.0,0.0,1.0,0.781,0.099,0.328,1.66,0,train
003190,4,0,0,3,0,0,0,12.656,29.708,5.06,0.017413,0.0,0.0,1.0,0.933,0.03,0.469,1.72,0,test
003191,2,2,0,2,2,0,0,16.166,20.463,3.06,0.018175,0.167,0.0,0.883,0.831,0.14,0.482,1.78,0,test
003192,8,2,0,8,0,4,0,8.846,28.123,1.09,0.127781,0.375,0.034,0.591,0.787,0.321,0.569,2.11,0,train
003193,1,0,1,0,0,0,0,10.278,10.278,5.21,0.020679,0.333,0.0,0.883,0.862,0.126,0.678,2.62,0,validation
003194,10,0,0,10,0,5,1,5.58,19.104,3.61,0.103208,0.433,0.091,0.175,0.804,0.542,0.642,2.26,0,validation
003195,5,1,1,4,0,0,0,29.889,54.747,2.4,0.007784,0.067,0.0,0.883,0.758,0.173,0.47,3.12,0,train
003196,2,0,0,2,0,0,1,25.145,51.397,12.1,0.050484,0.0,0.385,0.499,0.867,0.335,0.474,1.58,0,validation
003197,14,5,1,13,2,9,1,5.31,28.225,2.33,0.155408,0.452,0.056,0.26,0.805,0.495,0.64,2.83,1,train
003198,1,0,0,1,0,0,0,35.348,35.348,8.3,0.006897,0.333,0.0,0.883,0.73,0.186,0.371,2.96,0,train
003199,15,14,14,1,14,5,2,4.86,13.013,0.02,0.211988,0.333,0.108,0.02,0.724,0.663,0.815,1.82,1,train
003200,6,6,0,6,3,2,1,3.181,24.644,0.06,0.026979,0.222,0.167,0.117,0.816,0.568,0.661,2.67,1,validation
003201,2,0,0,2,0,0,0,44.766,50.032,5.82,0.003355,0.0,0.0,1.0,0.763,0.107,0.282,2.39,0,validation
003202,1,0,1,0,0,0,0,15.072,15.072,8.51,0.014843,0.0,0.0,1.0,0.92,0.036,0.62,2.18,0,train
003203,8,1,0,8,0,3,1,9.122,28.689,2.0,0.045735,0.375,0.113,0.182,0.785,0.547,0.591,2.93,0,validation
003204,2,0,0,2,0,0,0,8.54,19.84,4.73,0.097219,0.0,0.16,0.792,0.955,0.135,0.549,1.74,0,test
003205,2,2,0,2,2,0,1,5.366,8.881,2.57,0.176429,0.167,0.33,0.454,0.888,0.35,0.64,1.95,1,train
003206,12,8,2,10,4,2,3,3.297,28.925,1.68,0.189839,0.306,0.197,0.0,0.733,0.67,0.677,2.52,1,validation
003207,2,0,1,1,0,1,0,10.32,15.101,3.51,0.016433,0.5,0.0,0.767,0.779,0.228,0.678,2.11,0,validation
003208,7,1,0,7,0,1,1,5.975,25.823,2.13,0.090303,0.286,0.124,0.201,0.802,0.529,0.61,2.22,0,train
003209,8,0,0,8,0,2,1,12.298,37.394,6.91,0.023928,0.208,0.119,0.149,0.768,0.572,0.574,2.4,0,train
003210,4,1,1,3,1,3,1,9.134,17.049,0.14,0.382536,0.75,0.25,0.0,0.702,0.684,0.679,1.92,0,validation
003211,9,2,0,9,0,5,1,9.894,20.006,1.59,0.094391,0.444,0.113,0.175,0.698,0.59,0.608,2.86,0,validation
003212,4,1,0,4,0,0,0,25.786,51.594,0.56,0.006197,0.167,0.0,0.883,0.78,0.163,0.542,1.95,0,train
003213,7,2,0,7,2,4,0,15.02,28.392,0.55,0.025475,0.429,0.0,0.767,0.754,0.239,0.615,1.89,0,validation
003214,10,1,0,9,0,2,2,6.23,24.822,0.61,0.069567,0.333,0.183,0.007,0.717,0.674,0.618,1.57,0,validation
003215,5,1,0,5,0,2,0,17.305,28.815,1.29,0.016641,0.333,0.0,0.767,0.742,0.245,0.518,1.88,0,train
003216,9,1,0,7,1,2,2,4.998,29.203,2.86,0.047826,0.185,0.202,0.0,0.724,0.674,0.624,3.05,0,train
003217,2,0,0,2,0,0,0,18.051,28.569,3.59,0.091067,0.0,0.0,1.0,0.904,0.043,0.46,2.0,0,train
003218,2,0,0,2,0,0,1,12.279,28.537,7.97,0.058865,0.167,0.3,0.493,0.852,0.345,0.546,2.97,0,train
003219,21,5,1,20,1,17,3,6.428,26.384,1.43,0.157443,0.571,0.076,0.123,0.716,0.61,0.625,2.96,1,test
003220,2,0,0,2,0,0,0,10.494,14.742,5.38,0.100509,0.0,0.035,0.955,0.944,0.05,0.516,1.96,0,train
003221,1,0,1,0,0,0,0,8.85,8.85,4.38,0.036892,0.0,0.0,1.0,0.953,0.021,0.661,0.57,0,validation
003222,4,0,1,2,0,0,0,30.821,44.909,16.07,0.010222,0.167,0.0,0.883,0.753,0.175,0.472,2.2,0,test
003223,2,0,0,2,0,0,0,29.365,33.393,3.68,0.011974,0.167,0.0,0.883,0.761,0.172,0.384,1.82,0,train
003224,9,1,0,9,0,2,1,7.78,34.382,2.83,0.024169,0.333,0.108,0.136,0.792,0.569,0.606,2.42,0,train
003225,6,2,0,6,1,0,0,10.626,25.214,1.04,0.045697,0.222,0.0,0.883,0.86,0.127,0.572,2.52,1,validation
003226,3,1,0,3,0,0,1,4.643,26.518,0.64,0.062558,0.0,0.333,0.35,0.975,0.369,0.629,2.51,0,test
003227,7,2,0,7,1,2,1,7.021,41.906,0.09,0.099773,0.286,0.08,0.292,0.713,0.518,0.69,3.07,1,validation
003228,6,2,0,6,1,0,0,12.765,27.308,0.26,0.028448,0.222,0.0,0.883,0.849,0.132,0.574,2.53,0,train
003229,11,4,9,2,4,3,1,6.37,15.301,0.17,0.068299,0.212,0.068,0.175,0.716,0.581,0.816,3.14,1,train
003230,5,1,0,5,0,1,0,25.35,43.516,0.02,0.006473,0.267,0.0,0.767,0.699,0.264,0.57,1.93,0,test
003231,7,1,0,7,0,4,1,8.031,25.848,1.83,0.186807,0.381,0.063,0.481,0.791,0.38,0.562,2.04,0,test
003232,8,5,7,1,5,1,2,4.355,10.557,1.25,0.211576,0.208,0.319,0.02,0.727,0.662,0.818,2.65,1,validation
003233,8,5,6,2,5,4,0,8.268,16.368,2.2,0.166549,0.417,0.0,0.767,0.79,0.223,0.733,2.0,1,validation
003234,7,1,0,7,1,4,1,4.107,25.054,3.31,0.056497,0.381,0.143,0.117,0.812,0.571,0.633,2.61,0,train
003235,4,2,4,0,2,0,0,11.031,15.186,2.01,0.010562,0.0,0.0,1.0,0.942,0.026,0.688,2.76,1,train
003236,7,2,0,7,2,3,2,5.07,14.647,3.31,0.119274,0.429,0.27,0.13,0.806,0.566,0.654,2.43,1,train
003237,13,4,2,11,3,9,0,12.364,27.118,0.29,0.044575,0.564,0.0,0.65,0.685,0.334,0.718,2.69,1,train
003238,7,2,4,3,1,0,2,3.737,18.428,2.15,0.111308,0.095,0.25,0.233,0.897,0.468,0.661,2.35,1,train
003239,5,2,0,5,2,1,1,4.873,19.338,0.47,0.35149,0.267,0.2,0.117,0.808,0.572,0.628,1.57,0,train
003240,10,4,0,10,2,4,2,6.23,19.245,2.14,0.159166,0.4,0.147,0.24,0.717,0.545,0.651,3.03,1,validation
003241,4,3,0,4,0,0,0,32.611,41.561,0.36,0.003417,0.083,0.0,0.883,0.744,0.179,0.45,1.74,0,validation
003242,1,0,0,1,0,0,0,11.926,11.926,6.84,0.052245,0.0,0.0,1.0,0.937,0.028,0.5,1.53,0,train
003243,1,1,0,1,1,0,0,16.203,16.203,3.07,0.020415,0.0,0.0,1.0,0.914,0.039,0.492,1.79,0,train
003244,5,1,1,4,1,0,0,23.74,45.284,0.02,0.006524,0.133,0.0,0.883,0.791,0.158,0.581,2.1,0,train
003245,2,1,0,2,0,0,0,61.796,64.147,3.01,0.001014,0.0,0.0,1.0,0.673,0.147,0.302,1.83,0,train
003246,4,1,0,4,0,2,0,36.052,48.209,0.97,0.006506,0.5,0.0,0.767,0.642,0.289,0.422,2.11,0,train
003247,1,0,1,0,0,0,0,9.96,9.96,4.83,0.028684,0.333,0.0,0.883,0.864,0.125,0.68,2.56,0,train
003248,1,0,0,1,0,0,0,29.373,29.373,5.62,0.004803,0.0,0.0,1.0,0.844,0.07,0.384,1.63,0,validation
003249,7,3,7,0,3,0,0,6.745,12.032,3.06,0.042474,0.048,0.01,0.838,0.881,0.143,0.685,2.14,1,validation
003250,2,0,1,1,0,0,0,24.587,25.517,5.73,0.017452,0.167,0.0,0.883,0.787,0.16,0.556,2.13,0,train
003251,3,1,1,2,1,2,1,6.195,9.883,0.17,0.323306,0.667,0.333,0.0,0.717,0.677,0.72,2.03,1,test
003252,5,5,0,5,2,1,0,10.054,28.857,2.36,0.05811,0.2,0.0,0.767,0.78,0.227,0.55,1.83,1,train
003253,3,1,0,3,0,0,0,33.229,38.996,0.79,0.008734,0.0,0.0,1.0,0.824,0.079,0.482,1.57,0,train
003254,5,3,1,4,1,0,1,8.634,25.69,1.99,0.139258,0.0,0.104,0.662,0.954,0.206,0.644,2.17,1,train
003255,5,5,0,4,2,3,0,13.874,32.266,2.68,0.041184,0.4,0.0,0.767,0.76,0.236,0.541,1.77,1,train
003256,2,2,2,0,2,0,0,7.122,7.247,2.49,0.053045,0.167,0.0,0.883,0.879,0.119,0.717,1.54,1,train
003257,6,2,2,4,2,2,0,6.584,18.555,1.88,0.129317,0.389,0.04,0.611,0.798,0.305,0.777,2.63,1,validation
003258,3,0,1,2,0,0,0,20.238,38.72,4.19,0.028211,0.111,0.0,0.883,0.81,0.15,0.562,2.06,0,train
003259,2,1,0,2,0,0,0,44.167,72.496,1.21,0.004003,0.167,0.0,0.883,0.683,0.207,0.39,1.7,0,test
003260,11,2,2,9,0,1,0,12.573,44.213,0.41,0.040208,0.212,0.026,0.578,0.767,0.337,0.595,3.1,0,validation
003261,2,0,0,2,0,0,0,22.975,39.98,7.72,0.021377,0.167,0.0,0.883,0.795,0.156,0.427,3.01,0,train
003262,5,2,0,4,1,1,0,22.803,47.007,0.36,0.006798,0.267,0.0,0.767,0.713,0.258,0.572,1.91,0,validation
003263,3,1,0,3,0,0,0,28.392,31.343,0.32,0.004849,0.111,0.0,0.883,0.766,0.169,0.536,1.79,0,train
003264,5,2,1,3,2,0,1,12.142,23.42,0.63,0.024397,0.133,0.134,0.448,0.852,0.37,0.661,2.83,1,test
003265,5,3,0,5,2,1,1,3.978,22.415,1.43,0.135607,0.133,0.2,0.117,0.812,0.57,0.647,1.75,1,test
003266,1,1,0,1,1,0,0,12.957,12.957,2.76,0.033984,0.0,0.0,1.0,0.931,0.031,0.527,1.81,0,validation
003267,8,0,2,6,0,6,0,14.744,25.488,6.71,0.055114,0.542,0.035,0.468,0.672,0.44,0.605,3.13,0,validation
003268,5,4,0,5,0,1,0,12.926,34.004,0.67,0.047966,0.2,0.0,0.767,0.765,0.234,0.494,1.99,0,train
003269,1,1,1,0,1,0,0,8.932,8.932,3.09,0.018801,0.0,0.0,1.0,0.953,0.021,0.679,2.66,1,train
003270,3,1,0,3,0,0,1,6.038,24.11,0.64,0.00935,0.0,0.333,0.35,0.968,0.372,0.62,1.77,0,train
003271,4,4,0,3,3,0,0,11.401,22.387,2.58,0.055476,0.083,0.0,0.883,0.856,0.129,0.507,1.89,1,validation
003272,3,1,0,3,0,0,0,30.788,52.23,2.05,0.005722,0.0,0.0,1.0,0.837,0.073,0.375,1.86,0,train
003273,6,2,0,6,0,1,0,19.317,48.55,2.09,0.030295,0.222,0.0,0.767,0.731,0.249,0.451,2.44,0,train
003274,11,1,0,11,0,2,1,20.679,40.488,2.54,0.02785,0.273,0.084,0.169,0.724,0.581,0.459,2.8,0,test
003275,6,1,0,5,0,0,0,31.15,54.085,0.15,0.008042,0.111,0.0,0.883,0.752,0.176,0.457,1.99,0,test
003276,2,1,0,2,0,0,0,29.264,50.987,0.12,0.012854,0.0,0.0,1.0,0.845,0.07,0.435,2.12,0,train
003277,1,0,1,0,0,0,0,8.631,8.631,3.9,0.034545,0.333,0.0,0.883,0.871,0.122,0.689,2.48,0,validation
003278,6,1,0,6,0,0,1,5.487,33.053,0.14,0.091112,0.056,0.158,0.266,0.888,0.454,0.619,2.32,0,test
003279,3,1,0,3,1,1,0,13.054,36.044,1.48,0.053341,0.333,0.0,0.767,0.764,0.234,0.585,3.11,0,test
003280,7,7,0,6,4,1,0,12.954,28.386,2.35,0.03612,0.238,0.0,0.767,0.765,0.234,0.544,1.76,1,train
003281,5,3,0,5,2,1,1,5.295,24.104,1.42,0.194233,0.133,0.174,0.201,0.805,0.527,0.626,1.74,1,test
003282,6,1,1,5,1,0,1,15.581,29.149,0.21,0.291224,0.0,0.085,0.668,0.918,0.219,0.595,2.22,0,train
003283,10,5,1,9,2,2,2,4.919,25.877,0.0,0.149489,0.267,0.209,0.045,0.724,0.649,0.644,3.08,1,train
003284,5,1,0,5,0,0,0,9.182,29.783,2.14,0.254699,0.2,0.024,0.805,0.868,0.166,0.528,1.71,0,train
003285,4,1,0,4,0,0,0,24.435,40.883,0.17,0.006989,0.0,0.0,1.0,0.871,0.058,0.516,2.04,0,train
003286,6,1,1,5,0,0,0,26.37,56.057,2.72,0.011361,0.111,0.0,0.883,0.777,0.164,0.456,3.11,0,validation
003287,4,2,1,3,2,0,1,5.266,10.948,0.31,0.128378,0.083,0.26,0.376,0.889,0.393,0.764,3.02,1,train
003288,12,4,0,12,3,9,1,10.017,19.387,2.47,0.0893,0.556,0.061,0.299,0.697,0.522,0.596,2.86,1,train
003289,9,4,3,6,1,4,0,19.047,34.111,0.22,0.013546,0.444,0.0,0.65,0.649,0.35,0.593,2.98,1,train
003290,1,0,0,1,0,0,0,49.537,49.537,8.74,0.00222,0.0,0.0,1.0,0.738,0.118,0.28,2.11,0,train
003291,5,1,0,5,0,1,0,13.767,25.624,3.14,0.064322,0.267,0.0,0.767,0.76,0.236,0.515,2.37,0,train
003292,1,1,0,1,0,0,0,38.065,38.065,1.39,0.002389,0.0,0.0,1.0,0.798,0.091,0.423,1.59,0,train
003293,5,2,0,4,2,0,0,7.798,21.704,1.53,0.154813,0.133,0.028,0.792,0.875,0.17,0.554,1.98,1,validation
003294,6,2,5,1,1,0,1,10.184,20.115,1.02,0.026158,0.056,0.058,0.656,0.863,0.251,0.68,2.93,1,test
003295,1,0,1,0,0,0,0,10.291,10.291,5.59,0.0203,0.0,0.0,1.0,0.946,0.025,0.651,2.54,0,train
003296,6,1,3,3,0,0,0,22.135,35.918,2.64,0.023756,0.167,0.042,0.721,0.799,0.244,0.505,2.42,0,train
003297,1,1,0,1,1,0,0,12.049,12.049,1.69,0.032231,0.0,0.0,1.0,0.936,0.029,0.582,1.55,0,train
003298,7,2,2,5,2,2,2,5.581,15.034,2.93,0.158862,0.381,0.233,0.162,0.804,0.549,0.668,2.74,1,test
003299,12,5,0,12,3,3,2,7.372,23.714,2.91,0.147006,0.361,0.124,0.098,0.711,0.626,0.601,2.35,0,train
003300,4,2,0,4,0,0,1,13.137,31.631,1.1,0.011442,0.167,0.24,0.259,0.847,0.476,0.596,2.33,0,validation
003301,13,1,0,13,0,8,1,15.156,30.823,3.44,0.035996,0.487,0.075,0.208,0.67,0.584,0.479,2.84,0,train
003302,6,3,2,4,2,0,0,16.835,28.329,0.75,0.042765,0.111,0.035,0.747,0.828,0.217,0.605,2.45,1,train
003303,5,4,0,5,3,1,0,8.186,20.267,0.52,0.114247,0.2,0.0,0.767,0.79,0.223,0.562,1.94,1,train
003304,12,1,0,11,1,4,2,6.618,25.218,2.77,0.103561,0.389,0.127,0.143,0.715,0.6,0.595,2.83,0,train
003305,4,2,0,4,0,1,0,35.167,44.663,0.09,0.005866,0.167,0.0,0.767,0.647,0.287,0.489,2.03,0,test
003306,5,3,3,2,2,2,1,2.994,14.548,2.33,0.160985,0.267,0.2,0.117,0.817,0.568,0.694,2.94,1,validation
003307,1,0,1,0,0,0,0,10.285,10.285,5.79,0.0223,0.0,0.0,1.0,0.946,0.025,0.651,0.6,0,train
003308,5,5,0,5,3,0,0,7.256,16.91,2.45,0.137348,0.0,0.052,0.831,0.962,0.11,0.6,1.79,1,train
003309,18,4,2,16,2,12,2,7.809,26.165,0.47,0.135527,0.611,0.052,0.299,0.709,0.517,0.698,2.38,1,train
003310,12,4,1,11,2,6,2,7.531,24.872,0.14,0.117752,0.417,0.175,0.065,0.71,0.645,0.648,2.81,1,test
003311,10,4,2,8,1,7,1,17.319,31.831,0.17,0.010953,0.633,0.075,0.162,0.658,0.614,0.635,2.94,1,validation
003312,5,4,0,5,4,1,0,7.404,21.175,2.51,0.251372,0.267,0.11,0.578,0.794,0.325,0.585,2.03,1,validation
003313,6,4,2,4,3,0,0,12.444,29.429,1.35,0.026686,0.111,0.0,0.883,0.851,0.131,0.668,1.89,1,test
003314,6,1,0,6,1,0,1,24.411,48.308,0.22,0.008826,0.167,0.073,0.597,0.787,0.317,0.567,2.18,0,train
003315,1,1,1,0,1,0,0,10.842,10.842,0.2,0.01101,0.0,0.0,1.0,0.943,0.026,0.799,1.56,1,test
003316,2,0,0,2,0,0,1,5.441,16.69,3.6,0.088691,0.0,0.46,0.402,0.971,0.342,0.617,2.04,0,train
003317,10,7,0,10,5,3,0,8.997,28.517,0.21,0.089876,0.367,0.0,0.767,0.786,0.225,0.661,1.89,1,test
003318,2,1,0,2,0,0,0,42.096,80.122,0.69,0.002426,0.167,0.0,0.883,0.694,0.202,0.428,1.68,0,train
003319,4,3,0,4,2,1,1,5.849,26.209,2.25,0.147488,0.167,0.177,0.305,0.802,0.471,0.623,1.81,1,train
003320,6,1,0,6,0,1,2,7.3,14.532,0.8,0.108395,0.333,0.27,0.227,0.795,0.517,0.6,2.63,0,train
003321,1,0,1,0,0,0,0,8.13,8.13,4.87,0.042263,0.0,0.09,0.942,0.957,0.052,0.673,2.59,0,train
003322,2,1,0,2,0,0,0,62.175,67.816,1.53,0.001001,0.0,0.0,1.0,0.671,0.148,0.37,1.73,0,train
003323,9,4,2,7,4,4,2,4.317,19.714,3.06,0.107114,0.37,0.154,0.123,0.81,0.568,0.637,2.23,1,test
003324,3,3,2,1,2,0,0,23.791,28.972,0.19,0.002888,0.0,0.0,1.0,0.874,0.057,0.712,2.13,1,test
003325,5,5,0,5,3,1,0,17.196,30.88,2.5,0.01274,0.267,0.0,0.767,0.742,0.244,0.497,1.71,1,train
003326,2,2,0,1,1,0,0,22.283,31.385,3.0,0.006563,0.0,0.0,1.0,0.882,0.053,0.374,1.8,0,train
003327,3,1,0,3,0,0,0,31.21,40.77,0.03,0.011123,0.0,0.0,1.0,0.835,0.074,0.457,2.06,0,train
003328,6,1,0,6,0,0,0,33.08,44.09,2.41,0.010187,0.222,0.045,0.708,0.742,0.277,0.408,2.23,0,train
003329,4,1,3,1,0,0,0,12.435,23.693,0.46,0.013775,0.083,0.0,0.883,0.851,0.131,0.637,2.94,0,train
003330,1,0,1,0,0,0,0,8.671,8.671,4.47,0.0351,0.0,0.0,1.0,0.954,0.021,0.662,0.63,0,validation
003331,1,0,1,0,0,0,0,9.319,9.319,5.13,0.025676,0.0,0.0,1.0,0.951,0.022,0.658,2.51,0,validation
003332,3,3,0,3,2,0,1,4.217,20.154,2.7,0.118182,0.0,0.333,0.35,0.978,0.368,0.647,1.81,1,train
003333,1,0,1,0,0,0,0,10.054,10.054,4.79,0.023868,0.333,0.0,0.883,0.863,0.126,0.68,0.47,0,train
003334,7,5,0,7,5,1,0,13.244,27.694,0.2,0.029664,0.238,0.0,0.767,0.763,0.235,0.653,1.78,1,train
003335,12,2,0,12,1,2,1,11.849,29.098,0.41,0.050191,0.25,0.072,0.208,0.771,0.539,0.589,2.35,0,test
003336,6,3,1,5,0,4,0,13.825,47.011,1.4,0.056309,0.444,0.0,0.767,0.76,0.236,0.628,2.74,0,train
003337,7,3,0,7,2,0,1,3.308,26.732,0.34,0.063653,0.238,0.143,0.233,0.899,0.467,0.666,2.61,1,train
003338,8,1,0,8,0,2,1,7.443,21.325,3.46,0.148075,0.292,0.049,0.513,0.794,0.36,0.562,2.14,0,test
003339,1,1,1,0,1,0,0,7.085,7.085,0.7,0.037649,0.0,0.0,1.0,0.962,0.017,0.801,2.79,1,train
003340,4,1,0,4,0,0,1,31.363,43.26,0.7,0.005475,0.0,0.177,0.538,0.834,0.329,0.491,1.91,0,train
003341,12,2,0,10,1,2,2,5.716,34.711,0.1,0.079403,0.278,0.142,0.033,0.72,0.658,0.625,1.56,0,train
003342,5,1,0,5,0,2,0,17.211,25.002,0.85,0.032576,0.4,0.0,0.767,0.742,0.244,0.502,2.94,0,validation
003343,4,1,0,4,0,0,0,17.902,29.661,0.87,0.030216,0.25,0.0,0.883,0.822,0.144,0.487,2.03,0,validation
003344,14,1,0,14,1,3,2,7.278,33.371,0.42,0.169821,0.31,0.091,0.156,0.711,0.594,0.625,2.33,0,train
003345,5,2,0,5,0,1,0,8.691,28.003,2.28,0.152366,0.2,0.0,0.767,0.787,0.224,0.522,2.7,0,train
003346,5,5,0,5,4,1,1,3.399,16.962,2.59,0.164879,0.2,0.224,0.117,0.815,0.569,0.675,2.4,1,test
003347,5,2,0,4,0,1,0,41.897,54.132,0.85,0.008442,0.2,0.0,0.767,0.612,0.303,0.401,2.04,0,test
003348,1,0,0,1,0,0,0,20.682,20.682,9.97,0.025805,0.0,0.0,1.0,0.891,0.049,0.442,2.03,0,train
003349,1,1,1,0,1,0,0,9.177,9.177,2.92,0.021496,0.0,0.0,1.0,0.951,0.022,0.685,2.81,1,train
003350,4,0,0,3,0,3,0,15.966,30.704,4.65,0.042639,0.833,0.035,0.559,0.665,0.393,0.52,1.7,0,test
003351,3,0,0,3,0,0,0,22.898,37.796,3.56,0.04278,0.0,0.0,1.0,0.879,0.055,0.427,2.06,0,train
003352,6,5,0,5,3,1,1,4.377,26.927,0.68,0.25216,0.222,0.167,0.117,0.81,0.571,0.567,2.26,1,validation
003353,9,2,0,9,1,3,2,5.254,24.277,3.05,0.097104,0.296,0.207,0.162,0.806,0.548,0.635,3.02,0,train
003354,1,1,0,1,1,0,0,23.074,23.074,3.48,0.008769,0.0,0.0,1.0,0.878,0.055,0.427,1.74,0,train
003355,8,5,0,7,3,3,1,3.202,25.944,0.54,0.297235,0.292,0.151,0.117,0.816,0.568,0.669,2.54,1,validation
003356,19,4,2,17,2,13,2,6.419,25.174,0.48,0.10672,0.614,0.093,0.111,0.716,0.617,0.684,2.37,1,test
003357,7,7,0,7,4,1,2,3.509,19.872,2.41,0.191452,0.143,0.273,0.117,0.815,0.569,0.675,2.43,1,validation
003358,5,5,0,5,4,1,1,4.749,18.702,2.59,0.131557,0.267,0.172,0.208,0.808,0.522,0.655,2.13,1,train
003359,4,0,3,1,0,0,1,8.112,19.721,5.28,0.082,0.25,0.207,0.344,0.874,0.418,0.632,2.25,0,train
003360,3,1,0,3,0,1,0,31.575,48.704,1.18,0.005437,0.222,0.0,0.767,0.666,0.279,0.454,1.47,0,validation
003361,5,3,0,5,0,0,0,9.954,41.796,0.04,0.078635,0.067,0.0,0.883,0.864,0.125,0.534,1.92,0,test
003362,5,1,0,5,1,0,1,6.721,23.056,0.02,0.298541,0.0,0.208,0.35,0.964,0.374,0.615,1.54,0,test
003363,6,1,0,6,1,0,1,10.052,32.106,0.09,0.223197,0.0,0.16,0.376,0.947,0.367,0.596,1.55,0,test
003364,4,2,0,3,0,1,0,42.693,61.476,0.25,0.00382,0.25,0.0,0.65,0.524,0.407,0.429,2.0,0,train
003365,2,1,0,2,0,0,0,47.321,55.539,1.04,0.021084,0.0,0.0,1.0,0.749,0.113,0.392,1.83,0,validation
003366,2,0,0,2,0,0,0,31.721,34.883,16.23,0.014426,0.0,0.115,0.851,0.832,0.158,0.387,2.22,0,train
003367,6,5,4,2,4,1,1,4.714,17.266,0.4,0.157313,0.278,0.107,0.39,0.808,0.422,0.766,3.02,1,test
003368,4,2,1,3,1,0,1,4.605,24.953,0.99,0.109425,0.083,0.24,0.259,0.892,0.456,0.642,1.82,1,test
003369,9,3,4,5,2,0,2,4.281,20.372,1.9,0.210335,0.111,0.204,0.253,0.894,0.459,0.661,2.32,1,test
003370,5,0,0,5,0,2,1,11.538,22.527,6.42,0.067925,0.4,0.11,0.409,0.772,0.427,0.574,2.89,0,train
003371,6,1,0,6,1,1,1,12.521,34.049,0.15,0.024516,0.222,0.135,0.123,0.684,0.624,0.65,2.64,0,train
003372,3,2,0,3,1,0,0,23.514,38.476,0.44,0.00738,0.111,0.0,0.883,0.792,0.158,0.563,1.8,0,train
003373,3,2,1,2,1,0,0,12.222,24.232,0.8,0.035079,0.0,0.0,1.0,0.935,0.029,0.552,1.78,0,validation
003374,4,0,0,4,0,1,0,15.568,26.927,3.68,0.035205,0.25,0.0,0.767,0.751,0.24,0.503,2.32,0,train
003375,10,4,0,9,3,4,1,3.098,20.81,2.59,0.25322,0.333,0.1,0.117,0.817,0.568,0.667,2.69,1,train
003376,1,0,0,1,0,0,0,50.609,50.609,4.01,0.001489,0.0,0.0,1.0,0.732,0.121,0.28,1.61,0,train
003377,6,5,6,0,3,0,1,4.994,19.845,1.56,0.116307,0.056,0.058,0.656,0.89,0.239,0.766,2.49,1,test
003378,5,0,0,5,0,1,0,16.935,41.133,9.24,0.039689,0.133,0.0,0.767,0.744,0.244,0.467,1.96,0,validation
003379,6,0,5,0,0,5,0,7.827,24.638,4.52,0.115348,0.722,0.01,0.611,0.709,0.345,0.753,2.01,0,train
003380,9,2,7,2,2,1,0,11.407,16.648,2.47,0.104,0.185,0.002,0.754,0.773,0.238,0.671,2.66,1,test
003381,9,4,0,9,3,1,1,5.755,25.094,1.84,0.114766,0.259,0.1,0.065,0.72,0.64,0.614,2.21,1,test
003382,6,5,0,6,2,2,1,6.365,30.032,0.74,0.218572,0.278,0.083,0.442,0.8,0.397,0.597,2.09,1,validation
003383,2,1,0,2,0,1,0,47.121,57.197,0.22,0.006679,0.333,0.0,0.767,0.584,0.316,0.43,1.82,0,validation
003384,2,1,0,2,0,0,0,36.732,39.666,0.05,0.010191,0.0,0.0,1.0,0.806,0.088,0.454,2.04,0,validation
003385,2,1,0,2,0,1,0,30.384,51.533,2.2,0.012968,0.5,0.0,0.65,0.589,0.377,0.457,1.79,0,train
003386,8,3,0,8,2,5,0,8.277,25.401,2.61,0.116495,0.5,0.005,0.741,0.79,0.237,0.579,2.91,1,test
003387,4,1,2,2,1,0,0,15.873,27.539,0.71,0.025483,0.167,0.0,0.883,0.833,0.139,0.637,2.51,0,train
003388,5,1,0,5,1,0,0,24.698,39.03,0.62,0.022028,0.2,0.038,0.76,0.786,0.228,0.547,2.21,0,train
003389,2,1,0,2,0,0,0,32.111,37.386,0.01,0.016885,0.0,0.0,1.0,0.83,0.077,0.455,2.12,0,test
003390,9,1,7,2,0,0,0,9.159,21.332,1.55,0.075433,0.037,0.0,0.883,0.868,0.123,0.659,2.88,1,train
003391,9,2,2,7,0,0,0,19.385,50.85,0.1,0.011992,0.111,0.0,0.883,0.814,0.148,0.549,3.1,0,test
003392,8,1,0,8,1,3,1,6.356,30.752,3.32,0.137636,0.292,0.077,0.364,0.8,0.44,0.595,2.1,1,train
003393,6,5,6,0,4,0,0,14.223,20.939,0.25,0.007552,0.056,0.0,0.883,0.841,0.136,0.71,1.68,1,validation
003394,9,5,1,8,2,1,2,6.121,27.515,0.11,0.171629,0.185,0.153,0.312,0.801,0.468,0.616,2.7,1,test
003395,6,2,0,5,0,2,0,12.424,26.666,0.16,0.042615,0.333,0.0,0.767,0.768,0.233,0.547,2.85,0,train
003396,8,4,0,8,3,2,1,3.942,21.704,0.5,0.26351,0.333,0.125,0.117,0.812,0.57,0.634,2.72,0,train
003397,3,2,0,3,0,1,0,34.01,45.505,1.17,0.002209,0.222,0.0,0.767,0.653,0.284,0.46,1.61,0,train
003398,18,7,14,4,6,0,0,6.836,20.26,0.55,0.057785,0.13,0.016,0.786,0.88,0.172,0.788,2.27,1,test
003399,4,3,0,3,1,3,0,17.362,32.157,0.77,0.030794,0.833,0.0,0.65,0.658,0.346,0.51,1.66,1,test
003400,1,1,0,1,0,0,0,38.408,38.408,0.76,0.00196,0.0,0.0,1.0,0.797,0.092,0.449,1.58,0,test
003401,3,2,0,3,0,1,0,44.909,60.273,0.9,0.001233,0.222,0.0,0.767,0.596,0.31,0.452,1.57,0,test
003402,2,0,1,1,0,0,0,30.155,32.834,5.86,0.006467,0.0,0.0,1.0,0.84,0.072,0.519,1.99,0,train
003403,5,0,1,4,0,2,0,32.54,49.667,5.9,0.008491,0.4,0.0,0.65,0.578,0.383,0.532,2.12,0,train
003404,6,1,1,4,1,0,1,4.605,26.809,3.16,0.109362,0.167,0.16,0.259,0.892,0.456,0.642,1.94,1,test
003405,6,0,0,5,0,4,2,13.861,28.55,8.7,0.028518,0.778,0.215,0.104,0.677,0.638,0.607,1.8,0,train
003406,2,0,0,2,0,0,0,30.198,40.942,4.37,0.009753,0.167,0.0,0.883,0.757,0.174,0.405,1.64,0,train
003407,9,4,1,8,2,5,1,7.206,26.382,1.08,0.110758,0.481,0.088,0.208,0.712,0.565,0.699,2.75,1,train
003408,5,5,0,4,3,0,1,6.232,18.34,2.44,0.156638,0.133,0.17,0.519,0.884,0.317,0.632,1.93,1,train
003409,14,1,0,14,1,8,2,4.113,31.043,3.05,0.124707,0.452,0.119,0.123,0.812,0.567,0.652,2.87,1,train
003410,7,6,0,7,5,1,1,3.703,23.522,1.75,0.284545,0.286,0.18,0.117,0.814,0.57,0.696,2.39,1,train
003411,1,1,0,1,1,0,0,13.565,13.565,3.25,0.040659,0.0,0.0,1.0,0.928,0.032,0.501,0.04,0,train
003412,4,1,0,3,0,1,0,32.638,52.051,0.09,0.019114,0.25,0.0,0.65,0.577,0.383,0.436,2.11,0,test
003413,2,1,0,2,0,0,0,47.39,54.655,0.13,0.006593,0.167,0.0,0.883,0.666,0.215,0.434,1.85,0,validation
003414,1,0,0,1,0,0,0,27.974,27.974,8.25,0.011809,0.333,0.0,0.883,0.769,0.168,0.42,2.89,0,test
003415,3,1,0,3,1,1,0,17.051,20.362,0.02,0.036099,0.222,0.0,0.767,0.743,0.244,0.598,2.11,0,train
003416,5,0,0,5,0,2,0,8.932,17.143,4.66,0.141493,0.467,0.044,0.624,0.786,0.303,0.565,3.05,0,validation
003417,7,2,1,5,1,3,0,9.985,23.053,0.43,0.084546,0.381,0.0,0.767,0.78,0.227,0.664,2.89,0,validation
003418,4,2,0,4,2,0,2,4.064,14.373,3.35,0.049747,0.0,0.425,0.35,0.978,0.367,0.64,2.51,1,train
003419,2,1,0,2,0,0,0,33.736,50.406,1.88,0.00393,0.0,0.0,1.0,0.821,0.08,0.355,1.77,0,train
003420,1,1,0,1,1,0,0,9.032,9.032,1.65,0.098665,0.0,0.05,0.968,0.952,0.039,0.608,1.31,1,train
003421,1,1,1,0,1,0,0,7.612,7.612,0.89,0.025849,0.0,0.0,1.0,0.96,0.018,0.789,1.46,1,train
003422,5,0,1,4,0,3,1,23.854,55.973,6.06,0.004079,0.6,0.178,0.072,0.624,0.68,0.572,2.32,0,validation
003423,5,5,0,5,2,0,1,4.394,26.452,2.22,0.14192,0.133,0.198,0.24,0.893,0.466,0.639,2.36,1,train
003424,1,0,0,1,0,0,0,30.07,30.07,8.27,0.009972,0.333,0.0,0.883,0.757,0.173,0.406,2.91,0,validation
003425,2,1,0,2,0,1,0,39.958,56.044,2.7,0.006367,0.5,0.0,0.65,0.538,0.4,0.394,1.74,0,train
003426,5,1,3,2,1,0,1,4.612,17.038,3.17,0.109902,0.133,0.192,0.259,0.892,0.456,0.657,1.6,1,train
003427,2,0,0,2,0,0,0,34.76,52.964,3.52,0.003427,0.0,0.0,1.0,0.816,0.083,0.348,1.7,0,validation
003428,3,1,0,3,0,1,1,21.194,43.482,1.9,0.022781,0.333,0.19,0.28,0.638,0.559,0.564,2.26,0,train
003429,5,1,0,4,0,1,0,20.386,48.164,0.17,0.022484,0.2,0.064,0.442,0.642,0.468,0.47,2.24,0,test
003430,5,1,0,5,1,1,1,5.213,26.328,3.46,0.087741,0.267,0.188,0.039,0.722,0.653,0.7,1.89,1,validation
003431,2,1,0,2,0,0,0,13.565,30.382,3.35,0.035994,0.0,0.0,1.0,0.928,0.032,0.49,1.85,0,train
003432,4,1,0,4,0,0,0,9.245,29.102,3.12,0.138739,0.083,0.0,0.883,0.868,0.124,0.518,2.02,0,train
003433,2,0,0,2,0,0,0,11.429,15.722,5.33,0.075579,0.167,0.0,0.883,0.856,0.129,0.504,1.92,0,train
003434,8,1,0,8,0,4,1,5.352,24.139,3.43,0.101102,0.375,0.117,0.156,0.805,0.552,0.62,2.23,0,train
003435,1,1,1,0,1,0,0,9.072,9.072,0.18,0.016222,0.0,0.0,1.0,0.952,0.022,0.811,1.59,1,train
003436,8,0,0,8,0,7,0,18.832,36.67,8.22,0.0264,0.625,0.0,0.767,0.734,0.248,0.481,3.02,0,train
003437,9,3,9,0,3,2,1,7.262,17.989,0.7,0.034575,0.259,0.052,0.461,0.795,0.389,0.7,2.75,1,test
003438,9,2,7,2,2,1,0,12.44,17.646,2.48,0.080554,0.148,0.0,0.767,0.767,0.233,0.655,2.7,1,train
003439,3,1,0,3,1,0,1,4.792,24.046,3.07,0.130241,0.111,0.313,0.272,0.891,0.449,0.643,2.18,1,train
003440,13,1,0,13,1,5,1,7.218,29.637,0.31,0.103814,0.385,0.038,0.448,0.795,0.396,0.594,2.05,0,train
003441,9,3,0,9,1,7,1,11.351,23.807,0.02,0.088656,0.63,0.08,0.182,0.69,0.589,0.579,2.28,0,test
003442,12,7,5,7,4,4,1,5.778,29.584,0.34,0.367756,0.278,0.068,0.24,0.803,0.507,0.648,2.03,1,train
003443,7,7,0,7,4,1,1,5.847,23.791,3.01,0.152976,0.286,0.106,0.286,0.802,0.482,0.619,2.1,1,train
003444,18,5,0,15,1,2,2,3.888,32.39,0.75,0.127581,0.241,0.093,0.123,0.813,0.567,0.661,2.23,1,train
003445,1,1,0,1,0,0,0,32.671,32.671,0.19,0.002807,0.0,0.0,1.0,0.827,0.078,0.514,1.58,0,train
003446,1,0,0,1,0,0,0,77.29,77.29,6.69,0.000549,0.0,0.0,1.0,0.591,0.184,0.28,1.6,0,train
003447,2,1,0,2,0,0,0,45.977,64.09,1.25,0.00827,0.0,0.0,1.0,0.757,0.11,0.383,1.75,0,train
003448,1,1,0,1,1,0,0,21.878,21.878,2.17,0.008371,0.0,0.0,1.0,0.884,0.052,0.495,1.71,0,train
003449,1,1,0,1,1,0,0,13.708,13.708,0.48,0.047674,0.0,0.0,1.0,0.927,0.033,0.627,0.18,0,train
003450,3,0,1,2,0,1,0,10.77,28.461,6.02,0.042755,0.444,0.03,0.592,0.693,0.363,0.728,2.2,0,test
003451,2,0,0,2,0,1,0,21.376,28.717,4.53,0.00952,0.333,0.0,0.767,0.72,0.254,0.437,1.64,0,train
003452,2,1,0,2,1,1,0,10.733,27.562,3.43,0.064141,0.333,0.0,0.767,0.777,0.229,0.512,1.8,1,test
003453,4,2,0,3,0,1,0,27.477,48.049,0.01,0.030361,0.25,0.045,0.533,0.605,0.435,0.44,2.22,0,train
003454,10,4,10,0,2,4,1,3.646,25.25,1.57,0.157397,0.567,0.07,0.195,0.731,0.564,0.906,3.01,1,train
003455,6,2,6,0,2,0,1,10.978,18.17,2.46,0.021647,0.056,0.148,0.441,0.859,0.371,0.701,1.61,1,test
003456,3,1,0,3,1,0,1,4.309,30.735,2.93,0.236012,0.111,0.323,0.253,0.894,0.459,0.655,2.29,1,validation
003457,4,3,0,4,3,0,0,10.207,24.35,0.1,0.075276,0.25,0.0,0.883,0.863,0.126,0.618,1.94,1,test
003458,4,2,0,4,1,0,0,12.91,23.576,2.69,0.156899,0.167,0.0,0.883,0.848,0.132,0.496,2.03,0,train
003459,13,3,1,12,2,9,2,5.121,22.041,0.46,0.190266,0.59,0.105,0.033,0.723,0.657,0.702,2.36,1,validation
003460,4,1,0,4,0,0,1,6.097,22.414,1.22,0.122232,0.167,0.318,0.233,0.884,0.474,0.646,2.18,0,train
003461,4,2,0,4,0,1,0,24.865,39.581,0.04,0.013402,0.167,0.0,0.767,0.702,0.263,0.438,2.05,0,train
003462,5,2,0,5,0,1,0,9.463,28.931,2.24,0.112934,0.2,0.0,0.767,0.783,0.226,0.517,2.69,0,validation
003463,3,0,0,3,0,0,0,29.472,37.474,17.56,0.013057,0.333,0.0,0.883,0.761,0.172,0.41,2.15,0,train
003464,16,15,15,1,15,5,3,4.033,8.908,0.52,0.211726,0.354,0.164,0.02,0.729,0.661,0.908,3.03,1,train
003465,7,1,1,6,0,1,1,4.754,26.953,3.08,0.066289,0.19,0.14,0.13,0.808,0.565,0.627,2.65,0,train
003466,6,6,4,2,4,1,0,10.183,22.531,1.2,0.030718,0.167,0.0,0.767,0.779,0.228,0.679,1.9,1,train
003467,2,2,0,2,2,0,0,8.397,16.568,2.31,0.139384,0.0,0.07,0.909,0.956,0.07,0.555,1.99,1,train
003468,1,0,0,1,0,0,0,38.128,38.128,17.91,0.009127,0.333,0.0,0.883,0.715,0.193,0.352,2.82,0,test
003469,3,0,1,2,0,2,1,11.815,24.762,6.03,0.117231,0.667,0.333,0.0,0.687,0.691,0.721,2.51,0,train
003470,4,1,0,4,0,0,0,27.161,45.016,0.49,0.009305,0.167,0.0,0.883,0.773,0.166,0.426,1.87,0,train
003471,8,1,0,6,0,0,2,5.143,27.162,0.83,0.078751,0.167,0.22,0.259,0.889,0.457,0.623,1.58,0,train
003472,16,3,12,4,2,2,0,8.417,21.408,0.72,0.042592,0.188,0.006,0.702,0.789,0.259,0.728,2.28,1,validation
003473,13,2,0,13,1,11,0,8.207,27.466,0.06,0.13268,0.641,0.017,0.507,0.707,0.403,0.623,2.36,0,validation
003474,10,4,0,10,3,7,2,8.515,20.116,2.62,0.097529,0.533,0.114,0.162,0.705,0.593,0.619,2.91,1,train
003475,1,1,0,1,1,0,0,11.418,11.418,3.4,0.055407,0.0,0.0,1.0,0.94,0.027,0.508,1.88,1,test
003476,1,1,1,0,1,0,0,9.094,9.094,1.23,0.022941,0.0,0.0,1.0,0.952,0.022,0.763,3.0,1,test
003477,4,1,0,4,0,0,0,26.995,48.046,0.53,0.005666,0.25,0.0,0.883,0.774,0.166,0.536,1.99,0,test
003478,8,7,1,7,4,2,1,5.654,23.866,0.8,0.16955,0.375,0.057,0.409,0.72,0.451,0.823,2.58,1,train
003479,5,2,0,5,0,1,0,26.89,38.958,2.78,0.0079,0.267,0.0,0.767,0.691,0.267,0.412,2.45,0,test
003480,8,7,8,0,6,2,0,5.649,15.597,0.37,0.094547,0.208,0.031,0.604,0.803,0.306,0.768,2.92,1,train
003481,1,1,1,0,1,0,0,8.125,8.125,0.94,0.022545,0.0,0.0,1.0,0.957,0.019,0.783,2.89,1,train
003482,4,0,0,4,0,2,0,7.226,19.746,3.61,0.151249,0.417,0.077,0.565,0.795,0.331,0.557,2.03,0,validation
003483,4,4,0,4,2,1,1,6.472,25.114,1.96,0.191062,0.417,0.128,0.319,0.716,0.503,0.627,2.04,1,train
003484,6,2,0,6,0,1,0,14.762,33.321,0.17,0.038901,0.333,0.0,0.767,0.755,0.239,0.575,2.16,0,test
003485,3,1,0,3,1,0,1,8.839,16.634,0.07,0.236587,0.0,0.33,0.357,0.953,0.375,0.6,1.53,0,test
003486,5,2,0,5,1,1,1,9.157,22.828,0.41,0.060808,0.133,0.176,0.195,0.785,0.54,0.589,2.43,1,train
003487,11,7,8,3,7,3,0,7.445,15.513,0.42,0.066603,0.273,0.0,0.767,0.794,0.221,0.786,3.12,1,train
003488,9,2,0,9,1,1,1,4.212,25.071,1.16,0.071345,0.222,0.142,0.0,0.728,0.673,0.638,1.57,1,validation
003489,9,5,7,2,5,3,1,5.005,15.772,0.41,0.119243,0.222,0.102,0.169,0.807,0.544,0.787,1.65,1,train
003490,6,2,2,4,1,0,0,7.793,27.086,3.19,0.122797,0.111,0.018,0.812,0.875,0.16,0.682,2.08,1,validation
003491,1,1,1,0,1,0,0,9.073,9.073,3.38,0.032315,0.0,0.0,1.0,0.952,0.022,0.665,2.76,1,test
003492,6,2,1,5,1,4,0,8.6,23.519,1.5,0.173121,0.5,0.013,0.715,0.788,0.252,0.663,0.84,1,train
003493,5,1,0,5,1,0,0,24.326,40.352,0.56,0.015111,0.133,0.0,0.883,0.788,0.16,0.552,2.15,0,train
003494,11,8,1,10,5,5,1,3.861,25.243,0.25,0.141028,0.364,0.111,0.123,0.813,0.566,0.708,2.31,1,test
003495,3,1,0,3,0,0,0,37.031,59.098,0.23,0.005517,0.111,0.0,0.883,0.721,0.19,0.483,2.0,0,train
003496,2,1,0,2,0,0,0,48.675,48.853,2.09,0.004757,0.0,0.0,1.0,0.742,0.116,0.344,1.91,0,train
003497,7,6,0,7,5,1,1,4.544,24.555,1.72,0.31404,0.333,0.143,0.117,0.809,0.572,0.69,2.22,1,train
003498,10,6,1,9,2,1,0,10.118,28.569,0.21,0.036608,0.233,0.0,0.767,0.78,0.227,0.653,2.02,0,train
003499,5,3,0,5,0,0,1,5.308,38.258,0.04,0.100756,0.0,0.186,0.395,0.972,0.345,0.619,2.26,0,train
003500,14,2,0,14,1,4,2,7.392,36.408,0.47,0.129587,0.286,0.086,0.221,0.794,0.521,0.654,2.33,1,train
003501,5,1,0,5,0,0,1,10.686,35.318,0.57,0.052073,0.067,0.138,0.435,0.86,0.374,0.564,2.25,0,train
003502,17,15,16,1,15,3,1,4.865,9.509,0.1,0.211758,0.275,0.094,0.02,0.724,0.663,0.85,3.12,1,train
003503,5,5,0,5,3,0,1,3.712,22.028,2.49,0.110862,0.133,0.198,0.24,0.897,0.464,0.673,2.32,1,validation
003504,2,0,0,2,0,1,0,14.457,16.496,8.18,0.070816,0.5,0.085,0.539,0.673,0.4,0.577,0.73,0,train
003505,5,1,0,5,0,0,0,12.118,32.171,0.09,0.057073,0.067,0.0,0.883,0.853,0.131,0.514,2.09,0,train
003506,5,0,0,5,0,1,1,7.839,26.959,4.54,0.08492,0.2,0.082,0.5,0.792,0.369,0.561,1.64,0,train
003507,13,1,0,13,1,3,1,11.599,35.198,0.41,0.060709,0.333,0.039,0.319,0.689,0.515,0.634,2.25,0,test
003508,13,1,0,13,0,7,0,8.011,35.481,0.18,0.138861,0.436,0.008,0.702,0.791,0.258,0.557,1.78,0,test
003509,3,2,0,3,1,0,0,24.008,32.553,0.94,0.006118,0.111,0.0,0.883,0.79,0.159,0.537,1.85,0,train
003510,6,0,2,4,0,2,0,19.487,33.571,7.88,0.026498,0.444,0.0,0.65,0.647,0.351,0.529,2.87,0,validation
003511,4,2,2,2,1,0,0,7.771,17.93,0.32,0.040747,0.167,0.0,0.883,0.876,0.12,0.668,2.08,0,train
003512,5,0,2,3,0,0,1,13.52,24.08,8.3,0.035576,0.067,0.122,0.487,0.845,0.352,0.679,2.66,0,test
003513,9,2,0,9,2,2,1,7.021,34.544,0.09,0.100009,0.185,0.082,0.286,0.796,0.485,0.689,2.86,1,train
003514,11,5,1,10,2,3,1,4.894,24.635,0.69,0.108583,0.273,0.09,0.123,0.807,0.569,0.629,2.43,1,train
003515,5,4,0,5,4,2,0,9.471,17.806,2.48,0.081273,0.333,0.0,0.767,0.783,0.226,0.575,2.82,1,train
003516,3,1,1,2,0,0,1,11.558,19.631,0.2,0.066597,0.0,0.127,0.753,0.939,0.163,0.704,2.86,1,validation
003517,5,1,0,5,0,1,1,13.51,38.95,2.29,0.032344,0.333,0.156,0.143,0.678,0.616,0.579,2.95,0,train
003518,6,3,4,2,3,0,1,10.002,17.228,2.56,0.121668,0.111,0.107,0.532,0.864,0.319,0.684,2.51,1,train
003519,5,2,0,5,0,0,0,53.686,60.645,0.6,0.003215,0.0,0.0,1.0,0.716,0.128,0.413,2.12,0,train
003520,3,2,0,3,2,1,1,4.402,12.876,2.01,0.046191,0.333,0.333,0.0,0.727,0.673,0.711,2.55,0,train
003521,8,2,0,8,1,5,1,9.766,19.759,2.4,0.10795,0.542,0.113,0.332,0.698,0.503,0.631,2.56,0,train
003522,1,1,0,1,1,0,0,14.855,14.855,3.36,0.025463,0.0,0.0,1.0,0.921,0.035,0.487,1.8,0,test
003523,1,0,0,1,0,0,0,32.174,32.174,8.28,0.008536,0.333,0.0,0.883,0.746,0.178,0.392,2.93,0,train
003524,3,0,0,3,0,0,0,12.22,21.891,3.54,0.038494,0.111,0.0,0.883,0.852,0.131,0.499,1.84,0,train
003525,5,0,0,4,0,2,0,26.618,41.291,5.49,0.013764,0.267,0.0,0.767,0.692,0.267,0.41,1.93,0,test
003526,10,3,10,0,1,4,0,6.893,23.914,0.23,0.045688,0.5,0.005,0.618,0.714,0.339,0.725,3.03,1,train
003527,3,1,1,2,1,0,1,4.612,17.981,3.17,0.109697,0.222,0.32,0.259,0.892,0.456,0.641,1.6,1,train
003528,4,2,0,4,1,1,0,22.481,40.968,0.04,0.005685,0.25,0.0,0.767,0.714,0.257,0.579,1.66,0,train
003529,9,3,0,9,2,3,3,6.316,17.128,2.79,0.165375,0.37,0.196,0.13,0.717,0.606,0.622,2.96,1,test
003530,3,2,1,2,1,0,1,17.76,33.717,0.67,0.085475,0.0,0.27,0.473,0.906,0.332,0.618,2.11,1,validation
003531,11,5,0,11,3,2,2,6.58,25.427,3.14,0.161264,0.333,0.13,0.065,0.715,0.642,0.658,2.37,1,train
003532,3,1,0,3,0,0,0,41.611,51.709,0.27,0.008861,0.0,0.0,1.0,0.78,0.099,0.45,1.89,0,train
003533,3,0,1,2,0,0,0,24.663,40.972,4.74,0.01449,0.111,0.0,0.883,0.786,0.16,0.548,2.0,0,test
003534,4,1,1,3,1,0,0,21.085,46.064,0.8,0.008504,0.083,0.0,0.883,0.805,0.152,0.563,1.96,0,train
003535,3,1,0,3,0,1,0,13.69,42.786,1.94,0.063889,0.444,0.077,0.5,0.678,0.42,0.587,2.16,0,test
003536,2,0,0,2,0,0,1,26.083,48.571,10.69,0.054368,0.0,0.355,0.538,0.862,0.316,0.463,1.6,0,validation
003537,15,8,0,14,4,11,2,5.939,26.906,1.34,0.367239,0.644,0.081,0.156,0.719,0.591,0.704,2.31,1,train
003538,5,1,0,5,0,0,0,21.362,49.243,2.62,0.022407,0.133,0.0,0.883,0.804,0.153,0.438,2.44,0,train
003539,5,2,0,4,0,1,0,24.496,47.277,1.21,0.019912,0.267,0.03,0.552,0.62,0.417,0.509,2.2,0,train
003540,6,4,4,2,4,1,1,10.941,18.052,0.72,0.099424,0.222,0.085,0.319,0.692,0.513,0.689,2.61,1,train
003541,11,6,0,11,4,3,0,7.298,24.325,1.11,0.133356,0.303,0.025,0.591,0.795,0.317,0.579,3.07,1,validation
003542,3,2,0,3,2,1,1,3.41,22.344,2.33,0.128572,0.222,0.343,0.123,0.815,0.565,0.69,2.4,1,validation
003543,4,2,0,4,0,1,0,23.373,37.567,2.05,0.018062,0.25,0.0,0.767,0.71,0.259,0.424,2.05,0,train
003544,14,3,1,13,0,3,0,32.944,49.213,0.52,0.007075,0.381,0.0,0.65,0.576,0.383,0.5,3.01,0,train
003545,5,1,0,5,1,1,0,23.132,41.872,1.83,0.024411,0.2,0.0,0.767,0.711,0.258,0.502,2.14,0,test
003546,4,1,0,4,1,1,1,8.535,23.868,2.63,0.106194,0.25,0.155,0.364,0.788,0.445,0.576,2.34,1,validation
003547,5,3,0,4,1,1,1,3.774,23.389,2.26,0.041817,0.133,0.196,0.13,0.813,0.563,0.585,2.29,1,train
003548,5,1,1,4,1,0,0,22.535,40.239,0.82,0.010121,0.133,0.0,0.883,0.797,0.155,0.552,2.7,0,train
003549,7,6,0,7,2,2,2,4.893,24.577,0.17,0.133238,0.238,0.227,0.188,0.807,0.533,0.641,2.27,1,train
003550,6,4,4,2,2,0,1,4.644,18.519,0.56,0.128987,0.111,0.12,0.441,0.892,0.356,0.781,2.19,1,train
003551,6,1,0,6,0,0,0,8.568,45.233,0.29,0.129661,0.056,0.007,0.857,0.871,0.136,0.526,2.15,0,train
003552,4,3,2,2,3,1,1,5.45,12.058,1.33,0.060024,0.417,0.182,0.175,0.721,0.579,0.822,2.35,1,test
003553,3,0,0,3,0,0,1,29.456,41.537,16.25,0.007804,0.0,0.243,0.526,0.844,0.331,0.442,2.27,0,train
003554,14,0,1,13,0,3,0,36.409,52.708,4.54,0.005304,0.405,0.0,0.65,0.557,0.392,0.477,3.06,0,validation
003555,9,0,2,7,0,2,1,12.193,28.5,4.05,0.021506,0.222,0.097,0.201,0.769,0.543,0.688,2.96,0,validation
003556,4,1,1,3,0,0,0,37.26,55.222,1.69,0.004214,0.083,0.0,0.883,0.719,0.19,0.503,3.09,0,train
003557,2,1,0,2,1,0,0,12.953,28.071,3.36,0.037873,0.0,0.0,1.0,0.931,0.031,0.5,1.86,0,train
003558,2,1,0,2,0,0,0,48.882,53.948,1.45,0.001033,0.0,0.0,1.0,0.741,0.116,0.374,1.57,0,test
003559,2,2,0,2,1,0,0,13.859,22.001,3.32,0.034971,0.0,0.0,1.0,0.927,0.033,0.489,1.84,0,train
003560,9,6,8,1,5,2,1,6.203,23.92,1.35,0.058752,0.259,0.06,0.416,0.8,0.411,0.722,2.69,1,test
003561,5,0,0,4,0,0,0,20.409,44.508,4.31,0.014895,0.0,0.0,1.0,0.892,0.049,0.444,2.21,0,train
003562,3,1,0,3,0,0,0,25.902,51.392,1.79,0.009575,0.0,0.0,1.0,0.863,0.062,0.407,1.85,0,train
003563,8,2,0,8,1,2,0,10.386,25.638,1.05,0.069593,0.25,0.0,0.767,0.778,0.228,0.515,1.57,1,validation
003564,11,6,1,10,3,2,2,6.708,26.942,2.25,0.153323,0.364,0.127,0.169,0.798,0.548,0.642,2.34,1,test
003565,9,9,0,9,6,1,2,2.771,16.936,1.33,0.168826,0.259,0.221,0.117,0.819,0.567,0.691,2.56,1,train
003566,7,1,0,7,1,2,1,6.393,33.994,0.11,0.0595,0.333,0.173,0.052,0.716,0.649,0.691,2.69,1,test
003567,6,1,0,6,0,1,1,37.43,46.048,2.73,0.011399,0.278,0.135,0.24,0.635,0.582,0.392,2.25,0,test
003568,8,1,0,7,0,1,1,13.364,26.497,0.81,0.039806,0.208,0.06,0.455,0.763,0.407,0.529,1.57,0,validation
003569,7,6,0,6,3,1,1,4.781,26.836,0.49,0.148132,0.286,0.137,0.143,0.808,0.558,0.64,2.19,1,validation
003570,6,4,0,6,3,1,1,4.992,19.018,0.51,0.154245,0.167,0.138,0.227,0.807,0.512,0.656,1.95,1,train
003571,1,1,1,0,1,0,0,8.197,8.197,3.07,0.028458,0.0,0.0,1.0,0.957,0.02,0.685,2.77,1,train
003572,2,0,0,2,0,0,0,47.032,56.202,5.39,0.002713,0.0,0.0,1.0,0.751,0.112,0.28,2.22,0,validation
003573,2,1,1,1,1,1,0,9.355,28.772,0.3,0.027706,0.5,0.0,0.65,0.7,0.327,0.884,1.89,1,train
003574,12,6,0,12,3,2,2,7.59,24.918,3.13,0.163912,0.333,0.149,0.033,0.71,0.663,0.637,2.38,1,train
003575,2,0,0,2,0,1,0,14.407,15.604,4.84,0.054498,0.5,0.0,0.767,0.757,0.238,0.521,0.59,0,test
003576,1,0,1,0,0,0,0,9.239,9.239,5.06,0.024836,0.333,0.0,0.883,0.868,0.124,0.685,2.5,0,train
003577,16,7,0,16,5,8,2,3.088,25.267,1.93,0.162523,0.5,0.154,0.0,0.734,0.67,0.687,3.01,1,test
003578,2,0,0,2,0,1,0,24.098,27.789,4.14,0.007023,0.333,0.0,0.767,0.706,0.261,0.423,1.68,0,validation
003579,6,1,0,6,0,2,1,8.655,23.57,0.83,0.025761,0.389,0.165,0.123,0.788,0.578,0.628,2.96,0,train
003580,2,1,1,1,0,0,0,25.152,33.206,0.04,0.011587,0.167,0.0,0.883,0.784,0.162,0.579,1.55,0,train
003581,4,0,0,4,0,0,2,6.869,14.463,4.59,0.109082,0.25,0.405,0.311,0.88,0.433,0.631,2.39,0,train
003582,1,1,0,1,1,0,0,8.795,8.795,2.88,0.1122,0.0,0.0,1.0,0.953,0.021,0.55,1.92,1,train
003583,5,2,1,4,1,0,1,11.956,43.954,0.73,0.070666,0.133,0.198,0.24,0.853,0.484,0.654,2.27,1,test
003584,2,2,0,2,1,1,0,16.22,41.635,0.17,0.019845,0.5,0.0,0.65,0.664,0.344,0.512,1.73,0,train
003585,10,1,1,9,1,1,0,24.928,47.532,0.63,0.006628,0.267,0.0,0.767,0.701,0.263,0.545,2.56,0,train
003586,3,0,2,0,0,0,0,16.701,22.182,5.08,0.006088,0.0,0.0,1.0,0.912,0.04,0.578,2.0,0,validation
003587,1,1,1,0,1,0,0,8.5,8.5,3.26,0.030962,0.0,0.0,1.0,0.955,0.02,0.674,2.72,1,test
003588,4,0,0,4,0,0,0,18.446,35.608,3.56,0.040705,0.167,0.0,0.883,0.819,0.146,0.484,3.1,0,test
003589,7,3,7,0,3,1,0,6.894,11.715,2.46,0.030378,0.143,0.0,0.767,0.797,0.22,0.722,1.72,1,test
003590,2,0,0,2,0,0,0,29.117,33.607,3.63,0.006561,0.0,0.0,1.0,0.846,0.069,0.386,1.72,0,train
003591,1,0,1,0,0,0,0,9.588,9.588,4.26,0.028962,0.333,0.0,0.883,0.866,0.125,0.683,2.36,0,test
003592,5,4,0,4,4,1,1,4.851,23.085,0.71,0.038978,0.267,0.192,0.143,0.808,0.558,0.578,2.38,1,train
003593,1,0,0,1,0,0,0,41.214,41.214,7.95,0.004303,0.333,0.0,0.883,0.698,0.2,0.332,2.95,0,validation
003594,1,0,0,1,0,0,0,19.443,19.443,3.53,0.013478,0.0,0.0,1.0,0.897,0.046,0.45,1.76,0,train
003595,4,4,0,4,2,0,1,3.936,23.439,2.25,0.034916,0.167,0.25,0.233,0.896,0.469,0.637,2.57,1,train
003596,1,0,0,1,0,0,0,16.001,16.001,8.97,0.049992,0.333,0.07,0.838,0.832,0.165,0.506,0.62,0,validation
003597,1,0,0,1,0,0,0,37.994,37.994,5.98,0.003078,0.0,0.0,1.0,0.799,0.091,0.327,1.71,0,test
003598,5,1,0,5,0,0,1,6.055,37.407,0.02,0.118941,0.067,0.172,0.324,0.885,0.424,0.608,2.24,0,test
003599,14,2,0,14,1,3,1,16.402,37.054,0.63,0.030765,0.286,0.033,0.468,0.746,0.407,0.602,2.38,0,validation
003600,6,1,0,4,0,2,0,33.353,49.936,0.25,0.004807,0.333,0.0,0.65,0.573,0.384,0.447,2.15,0,train
003601,5,1,0,4,0,0,0,33.044,54.171,0.27,0.007756,0.067,0.0,0.883,0.742,0.18,0.439,2.08,0,test
003602,9,0,2,7,0,1,0,17.36,41.54,5.29,0.050303,0.222,0.018,0.546,0.658,0.404,0.557,1.94,0,test
003603,11,8,1,10,4,5,1,6.022,34.131,0.02,0.171867,0.364,0.053,0.39,0.801,0.425,0.616,2.04,1,test
003604,2,1,0,2,1,0,0,18.392,33.574,3.15,0.014716,0.0,0.0,1.0,0.903,0.044,0.473,1.79,0,train
003605,12,0,0,12,0,7,1,16.219,31.942,3.51,0.028773,0.472,0.056,0.305,0.664,0.533,0.472,2.85,0,validation
003606,3,2,0,3,0,1,0,39.783,52.131,0.48,0.006282,0.222,0.0,0.767,0.623,0.298,0.436,1.57,0,validation
003607,2,0,0,2,0,1,1,13.593,17.277,3.77,0.056101,0.5,0.22,0.364,0.678,0.495,0.555,0.88,0,test
003608,3,0,3,0,0,1,0,9.875,26.547,4.55,0.039328,0.444,0.0,0.65,0.698,0.329,0.654,1.76,0,test
003609,10,0,0,10,0,3,1,4.883,18.137,3.59,0.127052,0.367,0.11,0.13,0.807,0.565,0.653,2.39,0,train
003610,2,0,0,2,0,1,0,22.758,26.44,3.85,0.007909,0.333,0.0,0.767,0.713,0.258,0.433,1.68,0,train
003611,4,1,1,3,1,2,0,18.105,23.345,0.1,0.180516,0.583,0.0,0.65,0.654,0.348,0.662,1.89,0,validation
003612,1,0,0,1,0,0,0,77.085,77.085,11.78,0.000541,0.0,0.0,1.0,0.592,0.184,0.28,1.51,0,train
003613,3,2,0,2,1,0,1,4.997,28.153,1.94,0.11845,0.0,0.313,0.389,0.974,0.348,0.642,2.16,1,train
003614,3,1,0,3,0,0,0,33.33,53.273,3.03,0.003508,0.0,0.0,1.0,0.824,0.079,0.358,1.82,0,validation
003615,3,2,1,2,1,1,0,13.438,31.603,1.37,0.024134,0.222,0.0,0.767,0.762,0.235,0.631,1.65,1,train
003616,3,1,2,1,1,1,0,9.839,27.327,0.18,0.071724,0.333,0.0,0.65,0.698,0.328,0.734,2.11,1,train
003617,1,0,1,0,0,0,0,10.049,10.049,4.96,0.023729,0.0,0.0,1.0,0.947,0.024,0.653,2.58,0,train
003618,9,4,0,9,2,6,0,6.623,27.645,1.73,0.144765,0.444,0.036,0.559,0.798,0.334,0.595,2.83,1,train
003619,4,1,1,3,0,0,0,25.279,34.344,0.66,0.005458,0.0,0.0,1.0,0.866,0.06,0.541,1.98,0,train
003620,11,5,0,11,3,4,0,8.88,29.487,2.54,0.112945,0.333,0.0,0.767,0.786,0.224,0.549,2.01,1,train
003621,14,4,1,13,1,9,2,8.757,24.544,0.23,0.088477,0.476,0.118,0.065,0.704,0.648,0.591,2.89,1,train
003622,12,3,0,12,0,4,0,15.284,36.798,0.2,0.028811,0.278,0.0,0.767,0.752,0.24,0.483,1.68,0,train
003623,2,1,0,1,0,0,0,30.996,40.104,2.9,0.004003,0.0,0.0,1.0,0.836,0.074,0.401,1.64,0,train
003624,4,1,0,4,0,0,0,8.539,22.111,0.72,0.141885,0.167,0.04,0.779,0.871,0.179,0.539,1.98,0,train
003625,9,2,0,9,2,4,1,3.651,27.434,3.22,0.15645,0.296,0.116,0.117,0.814,0.57,0.648,2.61,1,train
003626,4,1,1,3,0,0,0,25.149,38.434,0.68,0.005515,0.0,0.0,1.0,0.867,0.06,0.541,1.93,0,train
003627,2,0,0,2,0,0,0,29.659,35.464,15.91,0.013102,0.0,0.0,1.0,0.843,0.071,0.382,2.13,0,test
003628,6,0,2,4,0,1,0,24.024,38.423,4.86,0.018737,0.222,0.015,0.708,0.706,0.293,0.583,2.57,0,train
003629,2,1,0,2,0,0,0,39.49,53.714,1.95,0.002753,0.0,0.0,1.0,0.791,0.094,0.351,1.76,0,test
003630,2,1,0,2,0,0,0,26.819,35.751,3.42,0.026816,0.0,0.0,1.0,0.858,0.064,0.405,1.9,0,test
003631,1,0,0,1,0,0,0,44.74,44.74,19.74,0.002158,0.0,0.0,1.0,0.763,0.107,0.282,1.6,0,train
003632,8,5,6,2,5,4,1,6.25,14.307,2.15,0.227961,0.417,0.068,0.416,0.8,0.411,0.75,2.1,1,validation
003633,13,4,1,12,1,9,2,8.062,24.818,0.14,0.097096,0.487,0.106,0.13,0.707,0.61,0.61,2.88,1,test
003634,2,1,1,1,1,0,1,7.075,10.942,3.22,0.052899,0.0,0.345,0.552,0.963,0.264,0.686,0.84,1,train
003635,1,1,0,1,0,0,0,40.405,40.405,0.65,0.002121,0.0,0.0,1.0,0.786,0.096,0.441,1.57,0,validation
003636,1,0,0,1,0,0,0,11.029,11.029,4.29,0.081754,0.0,0.0,1.0,0.942,0.026,0.506,1.93,0,train
003637,3,1,0,3,0,0,0,28.741,35.936,0.19,0.021332,0.111,0.077,0.734,0.765,0.252,0.54,2.25,0,train
003638,5,0,0,5,0,0,0,23.807,45.978,6.62,0.01967,0.067,0.0,0.883,0.791,0.158,0.421,1.98,0,test
003639,6,1,0,6,1,0,0,14.581,32.575,0.15,0.022863,0.056,0.02,0.805,0.839,0.179,0.636,2.57,0,train
003640,5,3,0,4,2,1,1,4.43,15.571,2.24,0.060772,0.2,0.2,0.117,0.81,0.571,0.63,2.42,0,train
003641,11,1,2,9,0,1,1,6.661,36.655,2.51,0.14361,0.212,0.06,0.338,0.798,0.455,0.633,2.98,0,validation
003642,17,4,2,15,2,11,1,9.474,25.139,0.51,0.086866,0.529,0.028,0.338,0.7,0.499,0.665,2.35,1,test
003643,4,1,2,2,1,2,1,4.948,22.51,0.17,0.285445,0.5,0.25,0.0,0.724,0.674,0.726,2.06,1,train
003644,2,0,2,0,0,0,0,8.568,17.121,5.39,0.047805,0.0,0.11,0.857,0.955,0.099,0.68,0.91,0,train
003645,3,2,0,3,0,0,0,50.141,60.627,0.33,0.002144,0.0,0.0,1.0,0.735,0.119,0.425,1.9,0,train
003646,16,2,1,15,1,12,1,8.571,24.302,0.05,0.183492,0.604,0.071,0.104,0.705,0.626,0.645,2.28,0,train
003647,7,5,0,6,3,3,1,5.843,29.551,0.7,0.187225,0.286,0.091,0.351,0.802,0.446,0.626,2.68,1,train
003648,9,2,0,9,1,1,1,4.664,23.68,2.0,0.087481,0.259,0.111,0.0,0.725,0.674,0.629,2.42,0,train
003649,2,1,1,1,1,0,1,4.557,6.654,0.13,0.074093,0.0,0.5,0.35,0.976,0.368,0.816,2.27,1,test
003650,6,1,0,4,1,1,0,22.682,48.891,0.28,0.006872,0.222,0.0,0.767,0.713,0.257,0.576,1.93,0,validation
003651,7,2,0,7,1,1,1,8.101,24.452,1.71,0.129472,0.238,0.093,0.292,0.707,0.521,0.565,2.4,0,train
003652,9,2,0,9,0,3,1,6.965,28.579,0.19,0.093911,0.333,0.097,0.201,0.796,0.531,0.63,2.24,0,train
003653,13,8,1,12,5,5,2,5.735,30.375,0.04,0.176518,0.333,0.082,0.383,0.803,0.428,0.626,2.9,1,train
003654,1,1,0,1,1,0,0,21.976,21.976,3.28,0.009106,0.0,0.0,1.0,0.884,0.052,0.444,1.72,0,train
003655,3,1,0,3,0,0,0,34.218,54.679,1.99,0.004298,0.0,0.0,1.0,0.819,0.082,0.352,1.83,0,validation
003656,6,1,0,6,0,0,1,36.466,49.336,3.15,0.012165,0.222,0.058,0.656,0.724,0.314,0.353,2.21,0,test
003657,12,1,0,12,0,4,1,9.585,33.514,0.22,0.090945,0.306,0.051,0.37,0.783,0.444,0.531,2.26,0,validation
003658,5,1,0,5,1,0,1,5.69,31.297,3.39,0.129509,0.133,0.17,0.331,0.887,0.419,0.615,2.19,1,train
003659,9,1,0,9,0,1,1,10.529,26.466,1.23,0.10786,0.259,0.081,0.292,0.778,0.489,0.579,1.57,0,train
003660,3,1,0,3,0,0,0,41.213,56.525,0.47,0.009057,0.0,0.0,1.0,0.782,0.098,0.444,1.85,0,train
003661,13,7,1,12,4,5,0,7.043,31.848,0.23,0.160766,0.333,0.018,0.676,0.796,0.27,0.584,2.92,1,train
003662,7,3,0,7,2,0,1,3.982,27.818,0.46,0.114471,0.238,0.14,0.246,0.896,0.462,0.66,2.52,1,train
003663,10,0,2,8,0,1,1,13.524,37.411,5.92,0.031811,0.233,0.095,0.085,0.678,0.648,0.639,2.21,0,train
003664,6,1,1,5,0,0,0,22.973,53.809,2.96,0.018124,0.111,0.0,0.883,0.795,0.156,0.445,3.11,0,train
003665,1,1,0,1,0,0,0,41.137,41.137,0.78,0.001683,0.0,0.0,1.0,0.782,0.098,0.43,1.57,0,train
003666,10,5,0,8,3,3,1,5.864,21.205,2.97,0.236953,0.4,0.074,0.286,0.802,0.482,0.622,2.09,1,test
003667,4,1,3,1,0,1,0,11.863,19.509,1.95,0.011077,0.25,0.0,0.767,0.771,0.232,0.666,2.08,0,train
003668,5,3,3,2,3,1,1,4.612,18.631,2.15,0.110016,0.2,0.192,0.143,0.809,0.558,0.756,1.64,1,validation
003669,4,2,0,4,0,2,0,25.002,38.719,1.44,0.015776,0.333,0.0,0.767,0.701,0.263,0.464,2.05,0,train
003670,1,1,1,0,1,0,0,7.754,7.754,2.5,0.028737,0.0,0.0,1.0,0.959,0.018,0.714,1.4,1,train
003671,2,0,0,2,0,1,0,34.395,45.399,4.79,0.00668,0.5,0.0,0.767,0.651,0.285,0.377,3.11,0,train
003672,3,1,0,3,0,0,0,44.255,51.881,2.21,0.009244,0.111,0.0,0.883,0.682,0.207,0.344,1.98,0,validation
003673,1,0,0,1,0,0,0,41.494,41.494,13.89,0.006117,0.333,0.0,0.883,0.697,0.201,0.33,2.52,0,train
003674,9,9,0,9,5,0,2,3.833,21.084,1.2,0.159289,0.185,0.177,0.259,0.896,0.454,0.681,2.23,1,validation
003675,1,1,1,0,1,0,0,9.075,9.075,0.67,0.028219,0.0,0.0,1.0,0.952,0.022,0.789,3.02,1,train
003676,12,4,0,12,3,9,2,8.588,17.555,2.57,0.09278,0.583,0.116,0.072,0.705,0.644,0.632,2.84,1,test
003677,8,3,3,5,2,1,2,3.034,21.16,2.59,0.116552,0.167,0.239,0.117,0.817,0.568,0.681,2.51,1,train
003678,3,0,1,2,0,0,1,5.744,28.462,4.75,0.225034,0.111,0.333,0.233,0.886,0.473,0.622,2.31,0,test
003679,3,1,0,3,0,0,0,28.863,45.311,0.32,0.014179,0.222,0.0,0.883,0.764,0.17,0.425,1.85,0,train
003680,1,0,0,1,0,0,0,71.005,71.005,4.84,0.000848,0.0,0.0,1.0,0.624,0.169,0.28,1.77,0,train
003681,8,3,0,8,3,1,1,7.796,25.596,1.52,0.160784,0.25,0.061,0.345,0.709,0.492,0.566,2.08,1,train
003682,3,1,1,2,1,2,1,7.755,10.883,0.16,0.349018,0.667,0.333,0.0,0.709,0.681,0.714,2.01,1,train
003683,13,8,12,1,7,3,0,8.091,12.652,1.21,0.037352,0.205,0.0,0.767,0.791,0.223,0.76,2.67,1,test
003684,8,1,0,8,0,4,1,5.8,24.222,1.68,0.196119,0.375,0.133,0.123,0.803,0.571,0.647,2.45,0,train
003685,2,1,0,2,1,0,0,21.921,28.943,1.64,0.008103,0.167,0.0,0.883,0.801,0.154,0.519,1.69,0,train
003686,10,0,2,8,0,2,1,15.395,41.207,5.22,0.038858,0.267,0.061,0.254,0.668,0.56,0.606,2.03,0,train
003687,9,3,4,5,2,0,2,5.49,21.771,1.77,0.240527,0.111,0.151,0.396,0.888,0.383,0.634,2.22,1,train
003688,6,3,5,1,2,0,0,11.096,19.665,1.77,0.030574,0.167,0.0,0.883,0.858,0.128,0.673,2.14,1,train
003689,2,1,0,2,0,0,0,47.114,58.103,1.13,0.015524,0.0,0.0,1.0,0.751,0.112,0.388,1.8,0,train
003690,9,2,0,9,1,1,2,5.105,31.777,2.6,0.158916,0.259,0.189,0.208,0.806,0.523,0.639,2.96,1,train
003691,11,6,1,10,3,1,2,5.794,28.707,0.05,0.16634,0.212,0.121,0.286,0.803,0.482,0.636,2.82,1,train
003692,2,1,0,2,0,0,0,30.903,53.533,0.76,0.011723,0.167,0.01,0.87,0.753,0.182,0.405,2.22,0,validation
003693,2,1,0,2,0,0,0,35.545,42.253,0.04,0.008169,0.167,0.0,0.883,0.728,0.186,0.438,2.08,0,validation
003694,1,1,1,0,1,0,0,7.448,7.448,2.28,0.026021,0.0,0.0,1.0,0.961,0.018,0.726,1.67,1,train
003695,14,2,0,14,1,3,1,6.173,38.356,0.48,0.075838,0.286,0.065,0.175,0.801,0.543,0.664,2.34,1,train
003696,3,1,2,1,1,0,1,8.68,19.21,2.74,0.023172,0.0,0.31,0.395,0.954,0.353,0.618,2.68,1,train
003697,6,2,0,6,1,1,1,8.665,28.138,2.54,0.241784,0.222,0.087,0.429,0.787,0.41,0.561,2.19,0,train
003698,4,1,0,4,0,0,0,10.033,38.501,0.56,0.092239,0.083,0.0,0.883,0.864,0.126,0.543,1.95,0,train
003699,2,0,0,2,0,0,0,48.885,51.939,4.37,0.003889,0.167,0.0,0.883,0.658,0.218,0.307,1.69,0,train
003700,1,0,1,0,0,0,0,8.937,8.937,4.57,0.019957,0.333,0.0,0.883,0.869,0.123,0.687,0.57,0,test
003701,8,1,0,8,0,2,0,9.065,43.061,0.28,0.146618,0.208,0.0,0.767,0.785,0.225,0.52,1.97,0,test
003702,2,1,0,2,0,0,0,18.041,45.055,1.69,0.028017,0.0,0.0,1.0,0.904,0.043,0.46,2.03,0,train
003703,1,1,1,0,1,0,0,9.487,9.487,2.43,0.024097,0.0,0.0,1.0,0.95,0.023,0.706,2.85,1,train
003704,15,7,0,15,5,5,2,4.258,26.54,0.89,0.134605,0.4,0.115,0.045,0.727,0.648,0.669,3.01,1,train
003705,3,0,0,3,0,0,0,13.139,22.878,3.58,0.03097,0.111,0.0,0.883,0.847,0.133,0.492,1.82,0,train
003706,10,0,2,8,0,1,1,14.185,38.725,5.63,0.030105,0.233,0.08,0.13,0.675,0.625,0.629,2.14,0,train
003707,1,0,0,1,0,0,0,46.372,46.372,21.74,0.005447,0.333,0.0,0.883,0.671,0.212,0.307,0.18,0,test
003708,9,4,0,9,2,3,2,6.452,25.707,2.49,0.136521,0.333,0.154,0.286,0.799,0.483,0.612,2.99,1,test
003709,9,5,8,1,4,0,0,6.694,24.97,1.32,0.056974,0.148,0.004,0.857,0.881,0.132,0.679,2.75,1,train
003710,3,1,0,3,1,0,2,5.497,16.766,2.97,0.12137,0.111,0.55,0.298,0.888,0.437,0.615,2.31,0,train
003711,3,2,0,3,2,1,1,3.68,25.781,2.79,0.126507,0.222,0.333,0.117,0.814,0.57,0.668,2.34,1,train
003712,2,0,0,2,0,0,0,22.332,33.33,4.19,0.016641,0.167,0.0,0.883,0.798,0.155,0.431,3.09,0,train
003713,6,1,1,5,1,1,0,23.77,54.034,0.1,0.007371,0.222,0.037,0.624,0.707,0.339,0.577,2.22,0,train
003714,2,2,0,2,1,0,1,4.322,20.177,3.3,0.068742,0.0,0.5,0.35,0.977,0.368,0.632,2.47,1,train
003715,7,1,0,7,1,1,0,15.182,33.246,0.26,0.035107,0.286,0.001,0.76,0.753,0.243,0.654,2.35,0,train
003716,4,0,0,4,0,0,1,15.316,21.154,4.73,0.067579,0.083,0.163,0.461,0.836,0.371,0.487,2.22,0,train
003717,8,1,0,8,1,3,1,5.75,29.889,3.27,0.128831,0.292,0.098,0.26,0.803,0.496,0.615,2.16,1,test
003718,16,13,15,1,12,4,0,5.93,17.098,0.16,0.041219,0.229,0.017,0.63,0.802,0.293,0.778,3.07,1,train
003719,8,2,0,8,2,4,2,4.371,16.567,3.36,0.123904,0.458,0.167,0.123,0.81,0.568,0.66,2.44,1,train
003720,4,1,0,4,0,0,0,29.148,53.455,0.67,0.005343,0.083,0.0,0.883,0.762,0.171,0.515,2.14,0,train
003721,5,2,0,5,1,1,0,13.631,36.685,2.62,0.048221,0.267,0.0,0.767,0.761,0.236,0.492,1.88,0,train
003722,7,2,1,6,0,3,1,13.225,42.523,1.77,0.050029,0.286,0.091,0.351,0.763,0.464,0.628,2.88,0,train
003723,2,1,1,1,1,0,0,7.501,14.557,2.72,0.239593,0.0,0.12,0.844,0.96,0.104,0.585,1.93,1,test
003724,1,0,0,1,0,0,0,43.249,43.249,4.44,0.00221,0.0,0.0,1.0,0.771,0.103,0.292,1.64,0,validation
003725,10,7,1,9,4,3,1,5.306,34.464,0.09,0.149677,0.333,0.074,0.286,0.805,0.481,0.641,2.06,1,train
003726,4,1,2,2,0,1,0,29.32,47.292,0.13,0.00282,0.333,0.0,0.65,0.595,0.375,0.605,2.08,0,train
003727,1,1,0,1,0,0,0,26.968,26.968,2.18,0.006014,0.0,0.0,1.0,0.857,0.064,0.461,1.75,0,train
003728,5,4,4,1,4,0,2,3.709,16.172,1.78,0.130968,0.0,0.276,0.35,0.98,0.366,0.701,2.51,1,validation
003729,2,0,0,2,0,0,1,6.917,34.932,3.86,0.124657,0.0,0.28,0.636,0.963,0.217,0.579,2.17,0,train
003730,9,3,0,9,1,7,1,9.849,22.579,0.02,0.129391,0.593,0.096,0.091,0.698,0.636,0.588,2.33,0,test
003731,6,6,0,6,3,0,1,5.53,24.2,0.71,0.137711,0.222,0.132,0.37,0.887,0.397,0.627,2.11,1,train
003732,6,4,0,6,3,2,2,5.579,20.122,0.36,0.158793,0.278,0.19,0.189,0.72,0.572,0.638,2.17,1,validation
003733,2,2,0,2,1,0,0,21.42,44.127,2.95,0.008929,0.0,0.0,1.0,0.887,0.051,0.461,1.69,0,train
003734,3,0,0,3,0,0,0,21.787,36.893,7.98,0.019731,0.333,0.0,0.883,0.801,0.154,0.461,2.89,0,validation
003735,8,1,0,7,1,3,1,3.906,22.513,0.42,0.143522,0.333,0.147,0.117,0.813,0.57,0.567,1.57,0,validation
003736,7,3,0,7,2,3,1,7.981,17.567,2.26,0.11761,0.429,0.099,0.299,0.708,0.517,0.641,2.98,1,test
003737,1,1,1,0,1,0,0,9.103,9.103,1.61,0.019414,0.0,0.0,1.0,0.952,0.022,0.746,0.17,1,test
003738,2,2,0,2,1,1,0,10.661,36.146,0.27,0.062294,0.5,0.0,0.65,0.694,0.33,0.535,1.82,1,validation
003739,4,2,2,2,0,1,0,8.162,18.796,0.13,0.031951,0.333,0.0,0.767,0.79,0.223,0.692,2.07,0,train
003740,7,3,7,0,3,0,0,7.776,12.926,2.39,0.023004,0.095,0.0,0.883,0.875,0.12,0.719,1.87,1,train
003741,2,0,0,2,0,0,0,19.274,36.082,7.02,0.01382,0.0,0.0,1.0,0.898,0.046,0.452,1.88,0,train
003742,5,4,0,5,0,1,0,19.982,36.495,0.57,0.013022,0.2,0.0,0.767,0.728,0.251,0.447,1.85,0,validation
003743,1,0,0,1,0,0,0,79.472,79.472,11.94,0.000513,0.0,0.0,1.0,0.579,0.189,0.28,1.5,0,test
003744,12,9,1,11,5,5,1,5.624,29.212,0.64,0.158229,0.389,0.059,0.305,0.804,0.471,0.673,2.12,1,train
003745,6,1,0,6,0,0,1,7.57,34.753,0.16,0.137296,0.111,0.082,0.565,0.877,0.295,0.569,2.1,0,train
003746,9,5,2,7,2,0,0,8.093,35.406,2.21,0.129647,0.074,0.0,0.883,0.874,0.121,0.558,1.95,1,train
003747,5,1,0,4,0,4,0,23.321,46.431,2.29,0.023677,0.8,0.0,0.65,0.627,0.361,0.478,3.11,0,validation
003748,1,0,0,1,0,0,0,46.791,46.791,16.0,0.002555,0.0,0.0,1.0,0.752,0.111,0.28,1.89,0,train
003749,10,3,0,10,3,3,2,5.542,23.529,0.89,0.15282,0.3,0.179,0.013,0.721,0.669,0.621,2.33,1,train
003750,3,2,1,2,1,0,0,23.628,38.103,0.72,0.097162,0.0,0.087,0.831,0.875,0.149,0.583,1.99,1,train
003751,4,1,0,4,0,1,0,21.265,36.798,0.83,0.028247,0.25,0.04,0.546,0.637,0.413,0.531,2.18,0,test
003752,1,1,0,1,0,0,0,30.66,30.66,1.75,0.004531,0.0,0.0,1.0,0.838,0.073,0.456,1.74,0,test
003753,16,12,15,1,11,3,2,2.607,15.662,0.28,0.14579,0.188,0.109,0.169,0.82,0.538,0.863,3.09,1,test
003754,2,1,0,2,0,0,0,24.066,41.469,3.45,0.008193,0.0,0.0,1.0,0.873,0.057,0.42,1.75,0,train
003755,9,7,0,9,5,4,0,7.084,28.002,2.82,0.170219,0.407,0.029,0.598,0.796,0.313,0.58,1.81,1,train
003756,5,1,0,4,0,3,0,21.066,43.815,1.56,0.032029,0.733,0.0,0.65,0.638,0.355,0.482,3.05,0,train
003757,3,1,0,3,0,0,0,33.58,41.175,0.83,0.006571,0.0,0.0,1.0,0.822,0.08,0.478,1.57,0,train
003758,19,4,2,17,2,16,1,6.64,23.118,0.53,0.170959,0.667,0.037,0.299,0.715,0.514,0.74,2.31,1,validation
003759,7,4,7,0,2,0,0,8.31,19.674,2.19,0.020013,0.0,0.0,1.0,0.956,0.02,0.699,2.68,1,validation
003760,5,0,0,5,0,0,0,18.908,41.704,7.15,0.041835,0.067,0.0,0.883,0.817,0.147,0.454,2.09,0,train
003761,2,0,0,2,0,1,0,20.574,27.584,3.69,0.011516,0.333,0.0,0.767,0.724,0.252,0.443,1.77,0,train
003762,1,0,1,0,0,0,0,22.56,22.56,8.47,0.004727,0.0,0.0,1.0,0.881,0.054,0.57,1.97,0,test
003763,6,2,5,1,2,1,0,7.125,18.281,1.31,0.126586,0.167,0.013,0.611,0.712,0.343,0.72,1.96,1,test
003764,4,0,0,4,0,1,0,9.119,21.234,4.87,0.081498,0.25,0.0,0.767,0.785,0.225,0.519,1.58,0,train
003765,10,3,9,1,1,0,1,6.699,17.474,0.06,0.026188,0.033,0.085,0.331,0.881,0.422,0.743,2.77,1,train
003766,11,5,10,1,4,1,0,5.974,20.641,0.33,0.057755,0.242,0.007,0.715,0.802,0.246,0.79,2.96,1,validation
003767,5,1,0,5,0,0,0,33.148,46.839,0.33,0.013397,0.067,0.056,0.701,0.741,0.281,0.5,2.25,0,train
003768,1,0,0,1,0,0,0,28.105,28.105,5.09,0.005199,0.0,0.0,1.0,0.851,0.067,0.393,1.62,0,train
003769,2,0,0,2,0,0,0,17.318,26.44,3.55,0.104186,0.0,0.0,1.0,0.908,0.041,0.465,2.04,0,train
003770,1,0,1,0,0,0,0,9.1,9.1,5.46,0.040647,0.0,0.0,1.0,0.952,0.022,0.659,0.64,0,validation
003771,2,1,0,2,0,1,0,14.627,28.251,3.1,0.029329,0.5,0.0,0.65,0.673,0.34,0.482,2.03,0,train
003772,8,0,0,8,0,6,1,13.044,25.204,6.79,0.050929,0.542,0.105,0.169,0.681,0.601,0.565,3.02,0,train
003773,1,0,0,1,0,0,0,44.427,44.427,8.22,0.004099,0.333,0.0,0.883,0.681,0.208,0.31,0.26,0,train
003774,2,0,1,1,0,0,1,9.684,12.236,5.2,0.053728,0.167,0.345,0.435,0.865,0.371,0.682,0.85,0,test
003775,6,0,1,5,0,1,0,30.527,50.203,10.7,0.01384,0.333,0.053,0.559,0.672,0.39,0.473,2.94,0,train
003776,1,1,0,1,1,0,0,22.671,22.671,0.7,0.006946,0.0,0.0,1.0,0.88,0.054,0.557,1.6,0,train
003777,1,0,1,0,0,0,0,16.86,16.86,8.5,0.011015,0.0,0.0,1.0,0.911,0.04,0.608,2.11,0,train
003778,7,6,0,7,4,3,0,9.968,26.84,1.68,0.073218,0.333,0.0,0.767,0.781,0.227,0.545,1.88,1,test
003779,10,4,1,9,2,5,1,8.005,26.253,0.35,0.123861,0.433,0.101,0.182,0.708,0.581,0.668,2.78,1,test
003780,5,4,0,5,0,1,0,16.403,35.234,0.62,0.022622,0.2,0.0,0.767,0.746,0.242,0.471,1.9,0,validation
003781,10,1,0,9,0,2,1,12.75,30.568,0.78,0.046978,0.233,0.054,0.416,0.766,0.427,0.535,1.57,0,validation
003782,8,4,0,8,2,2,1,9.221,25.431,2.02,0.095739,0.292,0.075,0.377,0.785,0.44,0.567,3.1,0,validation
003783,3,1,0,3,0,0,0,29.391,33.381,0.2,0.004191,0.111,0.0,0.883,0.761,0.172,0.535,1.78,0,test
003784,5,1,4,1,0,1,0,12.367,20.437,2.22,0.01599,0.2,0.0,0.767,0.768,0.233,0.683,2.06,1,train
003785,11,1,0,11,0,3,1,7.581,38.798,0.13,0.109953,0.333,0.042,0.468,0.793,0.386,0.566,1.84,0,train
003786,1,0,1,0,0,0,0,10.264,10.264,4.47,0.018635,0.0,0.0,1.0,0.946,0.024,0.652,2.65,0,train
003787,1,1,1,0,1,0,0,7.45,7.45,0.67,0.030039,0.0,0.0,1.0,0.961,0.018,0.8,3.05,1,train
003788,2,1,0,2,0,0,0,58.601,64.307,1.13,0.000709,0.0,0.0,1.0,0.69,0.14,0.388,1.58,0,validation
003789,1,0,0,1,0,0,0,27.569,27.569,4.73,0.006755,0.0,0.0,1.0,0.854,0.066,0.396,1.72,0,train
003790,7,2,1,6,0,1,0,15.219,38.85,0.72,0.012608,0.286,0.0,0.767,0.753,0.24,0.619,2.44,0,validation
003791,1,0,0,1,0,0,0,52.285,52.285,8.19,0.002544,0.0,0.0,1.0,0.723,0.125,0.28,2.03,0,train
003792,10,6,0,9,3,2,1,8.573,23.854,3.0,0.170796,0.367,0.066,0.377,0.788,0.438,0.595,2.17,1,test
003793,6,2,4,2,1,0,0,6.167,29.682,0.29,0.054902,0.0,0.058,0.863,0.967,0.09,0.708,2.18,1,test
003794,4,0,0,4,0,2,0,38.135,50.815,13.75,0.039232,0.667,0.0,0.65,0.548,0.396,0.398,2.09,0,test
003795,2,1,0,2,0,0,0,47.67,52.125,0.04,0.006507,0.0,0.0,1.0,0.748,0.114,0.438,1.87,0,train
003796,7,0,0,7,0,1,0,15.623,36.863,7.42,0.048444,0.19,0.027,0.643,0.751,0.308,0.491,2.19,0,train
003797,1,0,1,0,0,0,0,10.255,10.255,3.96,0.018037,0.0,0.0,1.0,0.946,0.024,0.652,2.75,0,train
003798,2,1,0,2,0,0,0,50.907,55.014,0.21,0.001329,0.0,0.0,1.0,0.73,0.121,0.43,1.63,0,validation
003799,5,0,0,5,0,2,0,8.378,20.435,4.07,0.132395,0.333,0.048,0.611,0.789,0.309,0.543,2.18,0,test
003800,8,6,2,6,5,3,0,10.839,22.681,1.08,0.057422,0.333,0.0,0.767,0.776,0.229,0.676,1.77,1,test
003801,14,8,1,13,3,8,1,7.196,25.437,0.79,0.23279,0.5,0.067,0.098,0.712,0.626,0.706,2.33,1,test
003802,8,3,0,8,2,4,1,10.011,20.952,2.77,0.080966,0.5,0.061,0.332,0.697,0.504,0.631,2.88,1,validation
003803,6,3,0,6,1,0,2,10.767,26.134,0.94,0.076053,0.111,0.318,0.246,0.86,0.478,0.587,1.92,0,train
003804,13,5,0,13,1,2,0,11.606,36.471,0.67,0.054816,0.256,0.012,0.546,0.689,0.39,0.509,2.0,0,test
003805,14,6,10,3,6,4,0,6.775,12.955,0.42,0.049871,0.286,0.037,0.462,0.714,0.425,0.781,3.05,1,validation
003806,11,1,0,11,0,2,1,25.811,44.607,1.26,0.016995,0.303,0.114,0.058,0.613,0.692,0.451,2.88,0,validation
003807,8,1,0,8,0,1,1,7.621,25.296,1.17,0.096832,0.25,0.1,0.247,0.793,0.507,0.593,1.57,0,validation
003808,7,6,0,7,5,1,3,2.749,21.57,1.96,0.197497,0.238,0.319,0.117,0.819,0.567,0.703,3.0,1,train
003809,4,1,1,3,0,1,0,12.971,48.505,0.54,0.020719,0.25,0.0,0.65,0.681,0.336,0.714,2.0,0,train
003810,6,1,0,6,1,1,1,10.012,21.333,3.19,0.146992,0.167,0.075,0.474,0.78,0.388,0.537,3.11,1,validation
003811,8,8,0,7,5,3,0,11.441,25.557,2.3,0.050406,0.292,0.0,0.767,0.773,0.231,0.558,1.78,1,test
003812,10,2,0,9,1,1,2,9.752,28.027,1.15,0.084778,0.233,0.143,0.182,0.782,0.548,0.562,1.58,1,test
003813,16,1,0,16,0,6,0,10.917,38.229,0.22,0.073027,0.375,0.0,0.767,0.776,0.229,0.56,1.94,0,train
003814,2,1,0,2,0,0,0,39.159,46.128,1.32,0.006044,0.0,0.0,1.0,0.793,0.093,0.38,1.92,0,test
003815,1,0,0,1,0,0,0,44.519,44.519,11.64,0.00466,0.0,0.0,1.0,0.764,0.106,0.283,2.35,0,train
003816,7,1,0,7,1,1,0,7.011,43.423,0.1,0.099386,0.143,0.001,0.76,0.796,0.224,0.689,2.55,1,test
003817,2,1,0,2,0,0,0,38.428,49.603,3.25,0.002455,0.0,0.0,1.0,0.797,0.092,0.335,1.54,0,test
003818,5,1,0,5,1,0,0,7.011,45.436,0.1,0.099512,0.067,0.002,0.877,0.88,0.122,0.689,2.27,1,test
003819,1,0,1,0,0,0,0,9.666,9.666,4.87,0.028209,0.0,0.0,1.0,0.949,0.023,0.656,2.6,0,validation
003820,5,1,0,5,1,1,1,4.416,11.803,1.66,0.073466,0.133,0.198,0.123,0.81,0.568,0.63,2.46,0,validation
003821,2,0,0,2,0,0,0,17.35,34.434,6.54,0.029196,0.167,0.0,0.883,0.825,0.143,0.464,2.0,0,train
003822,11,1,0,11,0,6,1,9.371,21.876,2.76,0.097637,0.485,0.085,0.195,0.7,0.578,0.654,2.94,0,train
003823,1,1,1,0,1,0,0,8.414,8.414,3.3,0.02124,0.0,0.0,1.0,0.955,0.02,0.673,2.67,1,train
003824,5,1,0,5,1,1,0,15.415,24.22,2.9,0.059766,0.133,0.02,0.702,0.752,0.276,0.485,2.33,0,train
003825,2,0,0,1,0,0,0,20.195,33.419,4.17,0.008679,0.0,0.0,1.0,0.893,0.048,0.445,1.68,0,test
003826,7,4,5,2,3,1,1,2.362,17.748,1.12,0.085017,0.19,0.143,0.117,0.821,0.566,0.701,2.77,1,test
003827,3,2,0,3,0,0,0,49.411,61.807,0.29,0.002148,0.0,0.0,1.0,0.738,0.118,0.427,1.88,0,validation
003828,2,1,0,2,1,0,0,23.851,39.074,3.01,0.007969,0.0,0.0,1.0,0.874,0.057,0.443,1.76,0,validation
003829,5,4,0,5,2,1,0,8.291,24.269,0.25,0.111793,0.133,0.0,0.767,0.789,0.223,0.554,1.8,1,train
003830,10,4,0,10,2,5,0,7.947,20.985,2.03,0.124703,0.433,0.044,0.449,0.708,0.435,0.615,3.04,1,validation
003831,11,4,0,11,3,4,2,5.616,23.144,0.86,0.146965,0.333,0.13,0.286,0.804,0.481,0.617,2.57,1,train
003832,4,1,0,4,0,0,0,19.073,37.596,0.22,0.012902,0.0,0.0,1.0,0.899,0.045,0.512,2.08,0,train
003833,6,1,0,6,0,1,0,35.134,46.895,0.98,0.013154,0.333,0.012,0.605,0.564,0.414,0.461,2.26,0,validation
003834,4,2,0,4,0,1,0,37.424,47.402,0.07,0.002511,0.167,0.0,0.767,0.635,0.292,0.49,1.91,0,train
003835,1,0,0,1,0,0,0,17.536,17.536,8.35,0.040682,0.333,0.0,0.883,0.824,0.143,0.49,0.67,0,test
003836,10,1,0,10,0,1,1,23.244,42.835,1.84,0.021456,0.233,0.065,0.344,0.71,0.491,0.425,2.84,0,train
003837,3,1,0,3,0,1,0,23.495,37.376,1.71,0.017712,0.333,0.0,0.65,0.626,0.361,0.442,3.08,0,test
003838,1,1,1,0,1,0,0,8.989,8.989,0.94,0.023129,0.0,0.0,1.0,0.952,0.021,0.777,3.05,1,train
003839,7,1,0,7,0,0,0,25.115,50.1,0.24,0.007828,0.143,0.0,0.883,0.784,0.161,0.502,1.87,0,train
003840,7,2,0,7,2,1,3,3.806,20.2,1.5,0.078066,0.19,0.39,0.0,0.73,0.672,0.64,3.04,1,train
003841,3,1,0,3,0,0,0,64.419,71.6,3.05,0.003908,0.111,0.0,0.883,0.576,0.255,0.307,1.57,0,train
003842,5,1,0,5,0,1,1,12.27,23.656,3.43,0.057749,0.2,0.11,0.409,0.768,0.429,0.528,2.46,0,validation
003843,1,0,0,1,0,0,0,35.085,35.085,8.5,0.006885,0.333,0.0,0.883,0.731,0.185,0.373,0.32,0,validation
003844,5,1,0,5,1,1,0,24.519,42.399,1.38,0.029791,0.2,0.0,0.767,0.704,0.262,0.513,2.2,0,train
003845,5,1,0,5,0,0,0,25.522,44.961,0.77,0.01803,0.133,0.0,0.883,0.782,0.162,0.535,2.11,0,train
003846,6,1,0,4,1,0,1,21.914,32.28,0.4,0.014114,0.167,0.125,0.396,0.801,0.422,0.576,2.18,0,train
003847,5,3,0,5,3,2,1,6.211,20.712,2.37,0.129571,0.267,0.158,0.253,0.8,0.501,0.602,2.13,1,train
003848,7,6,0,7,3,2,1,5.788,28.268,0.14,0.152006,0.286,0.093,0.344,0.803,0.449,0.613,2.12,1,validation
003849,1,0,1,0,0,0,0,10.712,10.712,5.84,0.027142,0.0,0.0,1.0,0.943,0.026,0.649,0.6,0,train
003850,3,1,0,3,1,2,0,8.685,33.623,3.21,0.115375,0.444,0.0,0.767,0.787,0.224,0.535,2.02,1,train
003851,5,0,0,5,0,2,1,8.02,17.373,4.6,0.114049,0.4,0.094,0.461,0.791,0.39,0.564,2.61,0,train
003852,8,8,0,8,4,3,1,6.008,26.283,2.99,0.146849,0.375,0.087,0.312,0.802,0.468,0.616,2.08,1,train
003853,4,3,0,4,0,0,0,33.479,43.088,0.3,0.003228,0.083,0.0,0.883,0.739,0.181,0.453,1.72,0,test
003854,5,1,0,5,1,0,0,8.742,32.899,0.18,0.062945,0.133,0.0,0.883,0.87,0.122,0.673,1.95,1,test
003855,11,3,0,11,1,3,1,8.858,34.232,0.62,0.151716,0.242,0.044,0.455,0.786,0.396,0.559,2.42,0,train
003856,3,1,1,2,1,0,1,4.613,17.075,3.16,0.109276,0.111,0.32,0.259,0.892,0.456,0.642,1.6,1,train
003857,13,5,0,13,4,3,2,4.957,23.983,2.78,0.090531,0.308,0.132,0.143,0.807,0.558,0.624,3.06,1,train
003858,1,1,1,0,1,0,0,7.927,7.927,2.04,0.020281,0.0,0.0,1.0,0.958,0.019,0.734,2.66,1,validation
003859,5,3,0,5,1,0,2,4.47,30.528,1.05,0.143185,0.133,0.27,0.259,0.893,0.456,0.662,2.03,1,train
003860,5,4,0,5,4,1,2,5.726,19.383,2.42,0.265205,0.267,0.302,0.266,0.803,0.492,0.634,2.16,1,test
003861,4,1,1,3,0,0,0,42.99,59.189,1.11,0.002892,0.083,0.0,0.883,0.689,0.204,0.529,3.11,0,train
003862,3,0,1,2,0,0,0,26.561,41.951,4.95,0.01146,0.111,0.0,0.883,0.776,0.165,0.543,1.98,0,train
003863,13,5,0,13,2,10,1,7.162,24.258,0.18,0.25954,0.615,0.058,0.254,0.712,0.54,0.661,2.31,1,train
003864,11,2,0,11,1,7,2,3.649,23.416,2.63,0.145837,0.455,0.168,0.117,0.814,0.57,0.675,2.68,1,train
003865,5,2,0,5,1,1,1,7.231,26.207,2.37,0.174791,0.133,0.088,0.481,0.795,0.378,0.567,2.72,0,validation
003866,6,3,0,6,3,2,1,3.799,14.259,3.29,0.140569,0.389,0.168,0.117,0.813,0.57,0.671,2.55,1,test
003867,2,0,0,2,0,1,0,26.909,34.241,4.95,0.005289,0.333,0.0,0.767,0.691,0.267,0.401,1.59,0,train
003868,1,0,0,1,0,0,0,73.503,73.503,11.55,0.000587,0.0,0.0,1.0,0.611,0.175,0.28,1.52,0,train
003869,3,2,1,2,1,0,1,15.821,32.298,0.7,0.081031,0.0,0.3,0.415,0.916,0.359,0.63,2.15,1,test
003870,10,2,0,10,1,4,1,9.068,18.875,3.11,0.065081,0.433,0.078,0.266,0.785,0.5,0.608,2.77,0,validation
003871,3,1,0,3,1,0,0,20.813,28.215,0.37,0.010115,0.0,0.0,1.0,0.89,0.05,0.584,1.98,0,train
003872,11,1,0,10,1,3,2,5.034,27.658,0.09,0.16326,0.333,0.134,0.0,0.723,0.674,0.626,1.56,0,validation
003873,3,1,0,3,0,0,0,36.829,55.401,0.56,0.005669,0.222,0.0,0.883,0.722,0.189,0.414,3.08,0,train
003874,4,1,0,3,0,3,0,41.571,56.593,1.8,0.004459,0.833,0.0,0.65,0.53,0.404,0.438,1.67,0,train
003875,3,2,0,2,1,0,1,4.159,27.08,2.41,0.097362,0.0,0.33,0.357,0.978,0.364,0.653,2.32,1,validation
003876,9,1,4,5,1,4,1,5.833,26.528,0.13,0.106367,0.37,0.102,0.169,0.802,0.546,0.652,2.59,0,validation
003877,2,0,0,2,0,0,0,46.386,47.804,4.12,0.004308,0.167,0.0,0.883,0.671,0.212,0.307,1.7,0,train
003878,5,2,1,4,1,0,1,8.203,40.238,0.76,0.056659,0.133,0.2,0.233,0.873,0.479,0.678,2.42,1,validation
003879,6,3,0,6,1,2,1,11.902,27.028,1.03,0.034996,0.5,0.143,0.091,0.687,0.641,0.649,2.96,0,train
003880,5,3,4,1,1,0,1,6.687,18.488,0.4,0.150934,0.0,0.126,0.591,0.965,0.241,0.694,2.14,1,train
003881,4,3,0,4,0,0,0,38.149,45.739,0.03,0.004939,0.083,0.0,0.883,0.715,0.193,0.439,2.05,0,test
003882,6,3,0,6,3,3,0,12.689,26.582,3.31,0.028237,0.389,0.0,0.767,0.766,0.234,0.504,1.98,1,test
003883,4,2,0,4,0,0,0,23.782,37.943,0.09,0.024301,0.083,0.065,0.714,0.791,0.251,0.442,2.05,0,train
003884,6,1,0,6,1,1,1,11.731,35.268,0.13,0.02847,0.222,0.108,0.228,0.688,0.565,0.656,2.67,1,train
003885,8,3,1,7,1,2,1,9.018,30.381,0.79,0.075073,0.25,0.09,0.299,0.786,0.482,0.617,2.59,0,train
003886,5,0,0,5,0,0,0,12.223,23.453,3.56,0.118649,0.267,0.06,0.766,0.852,0.195,0.54,3.04,0,train
003887,10,6,1,9,3,2,1,3.553,30.109,0.23,0.09322,0.267,0.1,0.117,0.815,0.569,0.662,2.47,1,train
003888,1,0,0,1,0,0,0,34.924,34.924,4.82,0.003817,0.0,0.0,1.0,0.815,0.083,0.347,1.69,0,test
003889,2,0,0,2,0,0,0,28.338,35.167,6.72,0.042283,0.167,0.0,0.883,0.767,0.169,0.391,1.82,0,test
003890,3,1,0,3,0,0,0,22.571,58.99,0.47,0.120851,0.111,0.0,0.883,0.797,0.155,0.456,1.58,0,test
003891,7,1,0,7,0,3,1,8.79,22.077,2.45,0.135297,0.476,0.106,0.247,0.703,0.548,0.639,2.85,0,test
003892,3,1,0,3,1,0,0,9.705,18.252,1.64,0.096947,0.0,0.0,1.0,0.949,0.023,0.527,1.98,0,test
003893,2,2,0,2,1,0,0,15.88,38.581,3.02,0.019776,0.0,0.0,1.0,0.916,0.038,0.496,1.74,0,validation
003894,8,4,0,8,3,1,2,7.126,19.56,0.52,0.167405,0.25,0.121,0.403,0.796,0.421,0.586,2.05,1,train
003895,1,0,0,1,0,0,0,39.683,39.683,9.25,0.001998,0.0,0.0,1.0,0.79,0.095,0.315,1.6,0,train
003896,5,1,0,5,1,0,0,7.031,40.733,0.09,0.099584,0.067,0.0,0.883,0.879,0.118,0.689,2.69,1,train
003897,3,1,1,2,0,1,0,32.43,52.526,0.05,0.002309,0.333,0.0,0.65,0.578,0.382,0.584,1.81,0,validation
003898,6,4,0,6,2,2,0,9.926,32.64,0.53,0.055674,0.278,0.0,0.767,0.781,0.227,0.553,2.81,1,train
003899,3,1,1,2,1,1,0,9.462,27.862,0.2,0.052086,0.333,0.007,0.637,0.7,0.335,0.668,2.17,1,train
003900,3,1,0,3,1,0,0,19.181,28.289,0.21,0.011912,0.0,0.0,1.0,0.898,0.046,0.603,2.16,0,validation
003901,9,4,0,9,2,4,0,11.567,24.294,1.91,0.075226,0.407,0.0,0.767,0.772,0.231,0.542,3.09,1,test
003902,8,1,0,8,0,2,0,22.146,33.474,2.88,0.013145,0.417,0.036,0.462,0.633,0.461,0.468,1.84,0,train
003903,11,1,0,11,0,2,2,28.5,46.252,1.48,0.013558,0.303,0.125,0.188,0.682,0.589,0.449,2.91,0,validation
003904,9,9,0,9,6,0,2,2.827,19.59,1.14,0.134721,0.148,0.214,0.233,0.902,0.466,0.689,2.57,1,train
003905,1,0,1,0,0,0,0,9.419,9.419,4.08,0.027104,0.0,0.0,1.0,0.95,0.022,0.657,2.58,0,train
003906,1,0,0,1,0,0,0,26.165,26.165,5.82,0.008022,0.0,0.0,1.0,0.861,0.062,0.406,1.8,0,train
003907,3,1,0,3,0,2,1,7.059,25.224,1.92,0.087484,0.667,0.29,0.085,0.713,0.633,0.683,2.16,0,test
003908,3,0,0,3,0,2,0,29.324,33.752,8.35,0.008536,0.556,0.0,0.767,0.678,0.273,0.411,2.9,0,train
003909,5,4,0,4,3,0,1,4.966,22.619,0.13,0.13396,0.067,0.174,0.318,0.89,0.425,0.643,2.05,1,train
003910,7,1,0,7,0,3,0,28.152,32.091,0.16,0.008323,0.333,0.0,0.767,0.684,0.27,0.533,1.98,0,train
003911,7,0,0,7,0,1,0,15.987,39.763,6.76,0.057392,0.19,0.009,0.728,0.749,0.263,0.478,2.19,0,train
003912,6,0,2,4,0,0,0,28.1,50.051,3.64,0.004671,0.167,0.0,0.883,0.768,0.169,0.493,3.1,0,train
003913,1,1,0,1,0,0,0,44.63,44.63,3.41,0.001833,0.0,0.0,1.0,0.764,0.106,0.287,1.54,0,validation
003914,5,2,0,4,0,1,1,28.18,54.264,0.41,0.009991,0.333,0.094,0.345,0.601,0.54,0.51,2.26,0,validation
003915,10,4,0,10,2,5,0,9.734,22.775,1.97,0.108863,0.4,0.0,0.767,0.782,0.227,0.553,3.07,1,validation
003916,4,1,0,3,0,0,0,39.242,51.022,0.24,0.006261,0.167,0.0,0.883,0.709,0.195,0.432,1.94,0,train
003917,15,2,0,15,1,4,3,6.367,30.39,0.25,0.065225,0.289,0.178,0.149,0.8,0.558,0.614,2.61,0,train
003918,1,0,0,1,0,0,0,38.316,38.316,8.24,0.005765,0.333,0.0,0.883,0.714,0.193,0.351,2.97,0,train
003919,3,2,0,3,1,0,0,23.584,40.011,0.44,0.006325,0.111,0.0,0.883,0.792,0.158,0.563,1.78,0,validation
003920,4,2,0,4,0,1,0,26.584,39.962,0.68,0.012188,0.25,0.0,0.767,0.693,0.267,0.479,2.05,0,train
003921,2,0,2,0,0,0,0,16.548,16.612,4.79,0.005829,0.0,0.0,1.0,0.912,0.039,0.61,1.89,0,train
003922,1,1,1,0,1,0,0,8.388,8.388,3.35,0.024626,0.0,0.0,1.0,0.956,0.02,0.671,2.7,1,train
003923,9,1,0,9,0,4,1,4.686,21.32,3.21,0.106265,0.37,0.111,0.117,0.809,0.572,0.655,2.46,0,validation
003924,11,7,8,3,7,4,0,7.681,14.979,0.02,0.128701,0.303,0.001,0.76,0.793,0.225,0.824,3.11,1,validation
003925,2,2,0,2,2,0,0,10.687,16.669,0.11,0.051098,0.0,0.0,1.0,0.943,0.025,0.6,1.82,1,train
003926,2,0,0,2,0,1,1,14.128,18.137,6.64,0.052273,0.5,0.32,0.234,0.675,0.567,0.564,0.88,0,train
003927,1,1,1,0,1,0,0,10.064,10.064,1.22,0.013249,0.0,0.0,1.0,0.947,0.024,0.757,1.68,1,train
003928,2,2,0,2,0,0,0,25.11,47.802,2.99,0.006282,0.0,0.0,1.0,0.867,0.06,0.435,1.69,0,validation
003929,11,7,1,10,3,3,2,3.933,23.195,2.86,0.11095,0.394,0.177,0.0,0.729,0.672,0.731,2.34,1,validation
003930,10,4,0,9,2,5,0,10.553,23.817,0.07,0.073825,0.5,0.007,0.605,0.694,0.355,0.57,3.08,0,test
003931,9,1,0,9,0,5,0,8.972,26.367,2.55,0.124647,0.444,0.0,0.767,0.786,0.225,0.547,1.98,0,train
003932,5,5,0,5,4,2,1,4.914,19.054,2.57,0.102221,0.267,0.194,0.136,0.807,0.562,0.627,2.31,1,train
003933,7,1,0,7,0,0,0,21.944,38.985,0.27,0.020257,0.143,0.0,0.883,0.8,0.154,0.461,2.54,0,train
003934,5,1,1,4,1,2,0,9.142,25.385,0.2,0.056488,0.4,0.066,0.435,0.702,0.445,0.67,2.22,1,train
003935,5,1,0,5,1,0,1,24.175,34.995,0.51,0.015807,0.133,0.074,0.643,0.789,0.292,0.556,2.23,0,validation
003936,5,1,0,5,0,0,0,25.61,47.287,0.71,0.013904,0.133,0.0,0.883,0.781,0.163,0.537,2.07,0,test
003937,6,3,0,6,0,1,0,13.609,32.551,0.77,0.05435,0.333,0.0,0.767,0.761,0.236,0.516,2.21,0,train
003938,8,5,1,7,4,1,1,3.376,20.201,1.72,0.060049,0.25,0.125,0.117,0.815,0.569,0.813,2.43,1,train
003939,5,1,1,4,1,0,0,23.03,39.268,0.08,0.010364,0.133,0.0,0.883,0.795,0.157,0.583,2.24,0,train
003940,1,1,0,1,0,0,0,33.834,33.834,3.01,0.003028,0.0,0.0,1.0,0.821,0.081,0.377,1.66,0,train
003941,6,0,0,6,0,0,1,12.358,23.885,3.69,0.046555,0.167,0.137,0.35,0.851,0.424,0.563,2.28,0,train
003942,1,0,0,1,0,0,0,35.584,35.584,7.19,0.003121,0.0,0.0,1.0,0.812,0.085,0.343,1.66,0,test
003943,6,1,0,4,0,1,0,29.16,46.637,0.23,0.009917,0.278,0.0,0.65,0.596,0.374,0.445,2.2,0,test
003944,7,3,0,7,1,0,1,7.422,28.069,1.92,0.146623,0.143,0.171,0.253,0.877,0.466,0.619,2.61,0,validation
003945,5,1,2,3,0,2,0,29.806,47.919,0.14,0.01583,0.333,0.0,0.65,0.592,0.376,0.564,2.28,0,test
003946,4,1,0,4,0,0,1,4.725,23.494,3.41,0.04675,0.083,0.25,0.233,0.892,0.47,0.629,2.53,0,train
003947,1,1,1,0,1,0,0,8.959,8.959,3.47,0.032645,0.0,0.0,1.0,0.953,0.021,0.662,0.33,1,train
003948,3,1,1,2,1,1,0,9.202,20.862,0.2,0.055601,0.444,0.023,0.605,0.701,0.352,0.67,2.15,1,test
003949,5,2,0,5,1,0,1,13.145,36.035,0.46,0.059045,0.067,0.128,0.467,0.847,0.362,0.56,2.29,0,validation
003950,3,0,0,3,0,1,0,27.882,55.635,4.99,0.038773,0.444,0.0,0.65,0.602,0.371,0.421,1.91,0,train
003951,8,1,0,8,1,4,2,5.751,26.669,3.31,0.131511,0.333,0.19,0.188,0.803,0.535,0.613,2.34,0,train
003952,4,1,0,4,0,0,0,29.435,46.663,0.53,0.004255,0.083,0.0,0.883,0.761,0.172,0.52,2.1,0,validation
003953,1,0,0,1,0,0,0,33.79,33.79,8.36,0.006746,0.333,0.0,0.883,0.738,0.182,0.381,2.91,0,train
003954,1,1,1,0,1,0,0,9.344,9.344,2.65,0.015805,0.0,0.0,1.0,0.951,0.022,0.697,0.63,1,validation
003955,2,1,2,0,1,0,0,11.081,11.819,2.72,0.015793,0.167,0.0,0.883,0.858,0.128,0.673,1.69,1,validation
003956,3,2,0,3,2,1,1,5.67,28.127,2.73,0.188562,0.222,0.227,0.325,0.803,0.46,0.632,2.03,1,test
003957,1,1,0,1,0,0,0,67.276,67.276,0.88,0.00064,0.0,0.0,1.0,0.644,0.16,0.4,1.57,0,train
003958,8,3,0,8,1,2,0,10.419,29.758,0.57,0.080831,0.333,0.009,0.605,0.695,0.355,0.588,2.89,1,validation
003959,14,5,0,14,2,11,0,8.488,25.591,0.16,0.157718,0.667,0.008,0.598,0.705,0.354,0.61,2.32,1,train
003960,5,1,0,5,0,0,0,23.275,50.984,0.01,0.007461,0.0,0.0,1.0,0.877,0.055,0.538,1.86,0,validation
003961,5,3,0,5,1,0,1,3.647,22.646,1.96,0.178691,0.133,0.224,0.233,0.897,0.468,0.651,2.44,1,train
003962,2,1,1,1,1,0,0,12.291,18.066,2.1,0.033219,0.0,0.0,1.0,0.935,0.029,0.562,1.78,0,train
003963,6,1,1,5,1,0,0,20.142,35.808,0.3,0.080099,0.0,0.0,1.0,0.893,0.048,0.592,2.11,0,train
003964,5,2,0,5,1,1,0,23.567,43.678,0.57,0.004859,0.2,0.0,0.767,0.709,0.259,0.557,1.76,0,train
003965,4,2,1,3,2,0,1,4.527,14.461,0.06,0.069194,0.167,0.25,0.233,0.893,0.47,0.784,2.5,1,test
003966,1,0,0,1,0,0,0,29.128,29.128,5.87,0.00605,0.0,0.0,1.0,0.846,0.069,0.386,1.77,0,train
003967,1,1,1,0,1,0,0,8.455,8.455,0.65,0.023072,0.0,0.0,1.0,0.955,0.02,0.794,0.05,1,validation
003968,6,1,0,4,1,0,0,22.37,42.027,0.02,0.007083,0.222,0.0,0.883,0.798,0.155,0.59,2.01,0,test
003969,2,0,2,0,0,0,0,11.944,13.995,4.41,0.026342,0.167,0.0,0.883,0.853,0.13,0.667,1.2,0,test
003970,3,1,0,3,1,0,0,7.034,33.777,2.94,0.262627,0.111,0.107,0.675,0.879,0.233,0.584,2.0,1,test
003971,9,3,9,0,3,2,0,9.607,21.541,1.99,0.017608,0.259,0.0,0.767,0.782,0.226,0.699,2.76,1,validation
003972,3,1,0,3,0,0,0,40.008,62.579,1.06,0.023032,0.111,0.0,0.883,0.705,0.197,0.392,1.58,0,validation
003973,14,2,0,14,1,3,1,5.878,35.761,0.47,0.078622,0.286,0.069,0.136,0.802,0.564,0.665,2.35,1,train
003974,1,1,1,0,1,0,0,8.268,8.268,2.88,0.027111,0.0,0.0,1.0,0.956,0.02,0.693,2.78,1,validation
003975,9,2,0,9,1,6,0,9.424,24.419,1.86,0.099808,0.519,0.018,0.546,0.7,0.385,0.587,2.94,1,test
003976,6,1,0,4,1,1,0,22.52,45.423,0.13,0.006976,0.222,0.0,0.767,0.714,0.257,0.584,1.96,0,validation
003977,3,1,0,3,0,0,0,40.076,59.137,0.88,0.005346,0.111,0.0,0.883,0.705,0.197,0.4,2.61,0,test
003978,3,1,1,2,1,0,1,9.548,17.784,0.39,0.03902,0.0,0.28,0.454,0.949,0.323,0.702,2.83,1,test
003979,10,6,1,9,2,1,0,8.045,26.904,0.17,0.057354,0.233,0.0,0.767,0.791,0.222,0.666,2.08,1,test
003980,9,2,0,9,0,5,1,8.364,26.406,3.09,0.136394,0.444,0.091,0.195,0.706,0.575,0.603,3.09,0,train
003981,1,0,1,0,0,0,0,9.991,9.991,4.75,0.022447,0.0,0.0,1.0,0.947,0.024,0.653,0.48,0,validation
003982,12,5,4,8,3,1,1,3.109,23.125,0.36,0.062736,0.194,0.083,0.117,0.817,0.568,0.66,1.91,1,train
003983,8,1,0,8,1,3,1,4.604,28.12,3.18,0.104806,0.25,0.12,0.143,0.809,0.558,0.641,2.32,1,validation
003984,10,4,0,10,3,6,1,8.027,19.645,2.49,0.118464,0.433,0.088,0.247,0.791,0.508,0.584,2.97,1,train
003985,1,0,0,1,0,0,0,51.3,51.3,7.0,0.002661,0.333,0.0,0.883,0.645,0.224,0.307,2.99,0,train
003986,8,5,2,6,2,0,0,9.774,35.128,2.44,0.072533,0.083,0.0,0.883,0.865,0.125,0.548,1.89,1,train
003987,1,0,0,1,0,0,0,52.315,52.315,3.61,0.001373,0.0,0.0,1.0,0.723,0.125,0.28,1.67,0,validation
003988,2,1,0,2,0,0,0,48.15,48.366,0.01,0.006361,0.0,0.0,1.0,0.745,0.115,0.44,1.93,0,train
003989,1,1,1,0,1,0,0,9.392,9.392,2.72,0.017802,0.0,0.0,1.0,0.95,0.022,0.693,2.86,1,train
003990,4,3,0,4,3,1,0,14.833,20.466,0.32,0.021982,0.167,0.028,0.695,0.755,0.278,0.626,1.59,1,train
003991,14,1,0,14,0,5,1,6.821,40.968,0.14,0.074363,0.357,0.055,0.266,0.797,0.495,0.596,1.85,0,train
003992,5,1,0,4,0,0,0,26.645,49.024,0.24,0.013299,0.133,0.0,0.883,0.776,0.165,0.444,2.06,0,train
003993,16,2,1,15,1,11,1,6.311,22.058,0.22,0.108982,0.583,0.052,0.111,0.717,0.617,0.684,2.34,0,train
003994,3,1,0,3,0,0,0,27.757,49.803,0.61,0.004636,0.111,0.0,0.883,0.77,0.168,0.527,1.55,0,train
003995,3,0,3,0,0,0,0,20.581,22.959,5.24,0.003783,0.0,0.0,1.0,0.891,0.049,0.583,2.93,0,validation
003996,6,1,0,4,0,1,1,11.476,26.131,0.38,0.143535,0.222,0.062,0.526,0.773,0.363,0.524,1.58,0,train
003997,2,1,2,0,1,0,0,9.229,9.236,3.01,0.034954,0.0,0.165,0.785,0.951,0.14,0.685,1.85,1,train
003998,3,3,0,3,2,0,0,7.768,22.457,2.64,0.141995,0.0,0.033,0.935,0.959,0.054,0.572,2.03,1,train
003999,7,1,0,7,1,2,0,7.021,41.37,0.09,0.099845,0.286,0.0,0.767,0.796,0.22,0.689,2.74,1,train
004000,2,1,0,2,0,0,0,45.067,68.773,1.22,0.005345,0.167,0.0,0.883,0.678,0.209,0.384,1.72,0,train
004001,4,2,0,4,0,1,0,37.224,48.79,0.16,0.001862,0.167,0.0,0.767,0.636,0.292,0.486,1.87,0,validation
004002,3,3,3,0,3,0,0,21.696,22.251,2.14,0.003173,0.0,0.0,1.0,0.885,0.052,0.638,1.58,1,train
004003,2,1,0,2,0,0,0,52.207,61.853,1.62,0.001594,0.0,0.0,1.0,0.724,0.124,0.366,1.7,0,validation
004004,8,7,0,7,4,5,0,6.529,25.144,2.34,0.183032,0.458,0.035,0.585,0.799,0.319,0.595,1.99,1,train
004005,2,0,0,2,0,0,0,40.755,52.57,4.37,0.002414,0.0,0.0,1.0,0.784,0.097,0.308,1.68,0,train
004006,15,10,0,15,7,7,1,4.806,22.739,0.44,0.144077,0.444,0.06,0.065,0.725,0.638,0.733,2.19,1,train
004007,9,5,0,9,4,1,2,4.531,19.231,0.29,0.133447,0.37,0.161,0.045,0.726,0.648,0.654,2.36,1,train
004008,2,2,0,2,1,0,0,13.589,38.43,0.13,0.033385,0.0,0.0,1.0,0.928,0.032,0.498,1.81,0,test
004009,5,2,0,5,1,1,1,20.022,32.828,1.02,0.009632,0.133,0.16,0.247,0.727,0.537,0.533,2.19,0,train
004010,10,1,0,9,0,2,2,8.026,28.703,0.76,0.113864,0.3,0.105,0.266,0.708,0.535,0.574,1.57,0,train
004011,5,1,1,4,0,2,1,15.577,40.934,0.34,0.03051,0.467,0.074,0.409,0.668,0.474,0.55,2.36,0,train
004012,1,1,1,0,1,0,0,8.114,8.114,2.76,0.030164,0.0,0.0,1.0,0.957,0.019,0.7,2.73,1,train
004013,2,1,0,2,0,0,1,5.973,19.162,0.02,0.107602,0.0,0.45,0.415,0.968,0.336,0.612,2.23,0,train
004014,7,0,2,5,0,3,1,12.848,22.015,6.99,0.027829,0.333,0.123,0.208,0.765,0.541,0.639,3.07,0,train
004015,2,0,0,2,0,0,1,13.655,34.336,6.85,0.04247,0.167,0.28,0.519,0.844,0.334,0.534,3.0,0,validation
004016,4,4,0,4,0,1,0,26.47,42.769,0.09,0.004001,0.25,0.0,0.767,0.693,0.266,0.559,1.66,0,validation
004017,6,5,0,6,4,2,0,17.431,27.724,0.11,0.014878,0.333,0.0,0.767,0.741,0.245,0.63,1.73,1,train
004018,3,2,0,3,0,1,0,37.014,51.036,0.46,0.005983,0.222,0.0,0.767,0.637,0.292,0.455,1.53,0,test
004019,4,0,1,3,0,0,1,16.533,25.639,8.28,0.042903,0.083,0.113,0.591,0.829,0.302,0.639,2.64,0,train
004020,2,2,0,2,1,0,0,23.869,49.017,0.65,0.006474,0.0,0.0,1.0,0.874,0.057,0.551,1.78,0,train
004021,1,0,1,0,0,0,0,9.616,9.616,3.83,0.025065,0.0,0.0,1.0,0.949,0.023,0.656,2.64,0,validation
004022,5,2,1,3,2,0,1,13.526,24.453,0.61,0.018923,0.133,0.086,0.604,0.845,0.288,0.651,2.86,1,validation
004023,5,0,0,5,0,1,0,14.291,26.239,6.01,0.05346,0.267,0.0,0.767,0.758,0.237,0.511,2.35,0,test
004024,2,1,2,0,1,0,0,12.084,12.968,2.83,0.012892,0.167,0.0,0.883,0.853,0.13,0.666,1.73,1,validation
004025,4,4,0,4,2,0,0,13.078,26.208,0.82,0.030182,0.083,0.0,0.883,0.847,0.133,0.544,1.56,0,train
004026,2,0,0,2,0,1,0,31.557,42.521,4.79,0.007971,0.5,0.0,0.767,0.666,0.279,0.396,3.1,0,train
004027,4,4,4,0,3,0,0,17.424,21.496,0.75,0.004922,0.0,0.0,1.0,0.908,0.042,0.693,1.72,1,validation
004028,11,7,8,3,7,3,0,7.3,15.012,0.36,0.043818,0.182,0.001,0.76,0.795,0.224,0.766,3.06,1,train
004029,13,1,0,13,0,2,1,6.389,35.818,0.1,0.096279,0.282,0.06,0.26,0.8,0.497,0.6,1.97,0,train
004030,1,1,0,1,1,0,0,22.472,22.472,0.27,0.006658,0.0,0.0,1.0,0.881,0.054,0.578,1.56,0,test
004031,8,7,0,8,3,3,1,2.918,27.916,0.21,0.086164,0.292,0.125,0.117,0.818,0.568,0.668,2.88,1,train
004032,10,1,0,10,1,5,1,5.078,19.336,3.48,0.120508,0.433,0.096,0.143,0.806,0.559,0.65,2.31,1,test
004033,3,3,0,3,3,0,1,5.01,10.717,0.3,0.164398,0.111,0.253,0.389,0.89,0.385,0.652,2.28,1,train
004034,3,1,0,3,0,1,1,6.134,14.988,3.31,0.100817,0.444,0.277,0.111,0.718,0.616,0.686,2.15,0,train
004035,14,2,1,13,1,10,2,8.752,24.642,0.12,0.114892,0.619,0.116,0.104,0.704,0.626,0.661,2.3,0,train
004036,4,0,0,3,0,0,0,11.439,28.416,4.35,0.019975,0.0,0.0,1.0,0.939,0.027,0.478,1.71,0,train
004037,4,1,0,4,0,1,0,13.891,38.523,0.34,0.164708,0.167,0.0,0.767,0.76,0.236,0.497,1.83,0,validation
004038,7,2,1,6,0,0,2,5.312,23.224,0.34,0.171478,0.143,0.254,0.272,0.889,0.45,0.656,2.23,0,train
004039,7,3,7,0,3,1,0,6.095,10.524,2.54,0.037881,0.143,0.033,0.682,0.801,0.264,0.731,1.64,1,train
004040,3,1,0,3,0,1,0,36.028,61.521,0.85,0.032346,0.333,0.0,0.767,0.643,0.289,0.401,1.57,0,train
004041,4,1,2,2,0,1,0,41.78,52.306,0.29,0.003321,0.333,0.0,0.65,0.529,0.405,0.521,2.07,0,validation
004042,4,2,0,3,0,0,0,49.682,59.719,0.43,0.003501,0.167,0.0,0.883,0.654,0.22,0.42,1.89,0,test
004043,2,0,0,2,0,1,0,24.105,31.485,4.76,0.006975,0.333,0.0,0.767,0.706,0.261,0.419,1.62,0,validation
004044,3,0,0,3,0,0,0,28.928,44.266,8.07,0.009704,0.333,0.0,0.883,0.764,0.171,0.414,2.93,0,train
004045,14,3,0,13,1,10,1,8.91,28.208,2.11,0.09631,0.524,0.051,0.273,0.703,0.534,0.599,3.1,1,validation
004046,4,1,0,4,0,2,0,27.406,51.171,0.59,0.004609,0.417,0.0,0.767,0.688,0.269,0.53,2.03,0,train
004047,2,0,0,2,0,0,0,19.536,41.788,6.96,0.029499,0.167,0.0,0.883,0.813,0.148,0.45,2.76,0,test
004048,3,0,0,3,0,0,0,22.09,35.218,3.57,0.047667,0.0,0.0,1.0,0.883,0.053,0.433,2.12,0,train
004049,1,1,1,0,1,0,0,7.551,7.551,0.13,0.033865,0.0,0.0,1.0,0.96,0.018,0.824,0.02,1,train
004050,1,0,0,1,0,0,0,37.452,37.452,8.26,0.005342,0.333,0.0,0.883,0.718,0.191,0.357,2.93,0,validation
004051,13,6,1,12,4,6,1,5.594,30.309,2.15,0.145411,0.385,0.054,0.312,0.804,0.467,0.623,2.96,1,train
004052,17,4,0,14,1,3,1,4.649,32.638,0.87,0.123488,0.255,0.069,0.162,0.809,0.547,0.649,2.11,1,train
004053,1,0,1,0,0,0,0,10.453,10.453,5.78,0.032979,0.0,0.0,1.0,0.945,0.025,0.65,2.49,0,train
004054,10,5,0,8,2,7,1,7.182,23.851,0.49,0.16203,0.667,0.037,0.409,0.712,0.454,0.655,2.69,1,test
004055,4,4,4,0,3,0,0,15.016,17.857,0.05,0.007423,0.0,0.0,1.0,0.921,0.036,0.705,1.69,1,test
004056,2,1,0,2,0,0,0,30.278,39.823,0.68,0.003838,0.0,0.0,1.0,0.84,0.072,0.507,2.04,0,train
004057,6,1,1,5,0,0,0,21.33,52.718,3.04,0.024006,0.111,0.0,0.883,0.804,0.152,0.441,3.11,0,train
004058,3,1,1,2,1,0,0,8.668,32.158,3.24,0.075848,0.0,0.0,1.0,0.954,0.021,0.674,2.0,1,test
004059,1,1,0,1,0,0,0,27.91,27.91,3.42,0.005132,0.0,0.0,1.0,0.852,0.066,0.398,1.73,0,validation
004060,1,0,0,1,0,0,0,9.276,9.276,4.08,0.150724,0.0,0.0,1.0,0.951,0.022,0.518,0.6,0,train
004061,6,1,0,4,0,0,1,11.048,27.499,0.45,0.110175,0.167,0.138,0.344,0.858,0.425,0.573,1.58,0,train
004062,9,1,0,9,1,3,1,7.021,35.341,0.09,0.100097,0.407,0.077,0.202,0.713,0.568,0.689,2.66,1,validation
004063,9,4,0,9,2,0,1,6.545,25.847,0.34,0.140798,0.148,0.107,0.259,0.882,0.46,0.613,1.99,1,test
004064,4,2,0,4,0,0,0,32.893,45.223,0.76,0.007166,0.167,0.0,0.883,0.743,0.18,0.405,1.82,0,test
004065,15,2,12,3,2,2,2,11.949,22.868,0.41,0.043072,0.267,0.074,0.364,0.77,0.453,0.739,2.99,1,train
004066,6,2,0,6,0,3,1,17.14,33.714,0.2,0.026596,0.333,0.087,0.429,0.743,0.43,0.507,2.41,0,validation
004067,7,0,0,7,0,1,0,14.99,38.703,6.91,0.055024,0.19,0.046,0.559,0.754,0.353,0.506,2.23,0,test
004068,5,1,1,4,0,2,0,17.438,44.329,0.38,0.024882,0.467,0.0,0.65,0.658,0.347,0.5,2.34,0,test
004069,5,4,0,5,1,0,0,14.163,45.979,0.08,0.024718,0.067,0.0,0.883,0.842,0.135,0.527,1.94,0,train
004070,3,1,0,3,0,0,0,34.642,47.979,0.9,0.003405,0.0,0.0,1.0,0.817,0.083,0.468,1.57,0,validation
004071,13,1,0,13,0,5,1,7.305,34.622,0.22,0.088151,0.385,0.05,0.344,0.795,0.453,0.583,1.76,0,train
004072,1,1,0,1,0,0,0,38.336,38.336,2.57,0.005238,0.333,0.0,0.883,0.714,0.193,0.394,0.15,0,train
004073,1,1,1,0,1,0,0,8.516,8.516,1.46,0.025719,0.0,0.0,1.0,0.955,0.02,0.756,0.19,1,validation
004074,6,1,4,2,0,0,0,23.759,35.024,1.8,0.024291,0.111,0.0,0.883,0.791,0.158,0.52,2.47,0,test
004075,1,1,0,1,1,0,0,10.845,10.845,3.11,0.055197,0.0,0.0,1.0,0.943,0.026,0.526,1.86,1,train
004076,3,1,0,3,0,0,0,29.281,37.103,0.22,0.020361,0.222,0.0,0.883,0.762,0.171,0.535,2.22,0,validation
004077,3,1,1,2,1,0,0,9.352,34.065,0.2,0.053551,0.0,0.0,1.0,0.95,0.022,0.669,1.82,1,validation
004078,8,1,0,8,1,3,0,7.576,32.473,3.46,0.147681,0.292,0.021,0.656,0.793,0.282,0.545,2.03,1,test
004079,1,1,0,1,1,0,0,13.934,13.934,0.62,0.046623,0.0,0.0,1.0,0.926,0.033,0.619,0.26,0,train
004080,1,0,0,1,0,0,0,27.47,27.47,6.78,0.005118,0.0,0.0,1.0,0.855,0.065,0.397,1.62,0,test
004081,4,0,1,2,0,1,0,39.305,50.863,15.89,0.004584,0.333,0.0,0.767,0.625,0.297,0.473,2.13,0,train
004082,10,1,0,8,1,0,0,14.14,37.512,0.11,0.029339,0.2,0.0,0.883,0.842,0.135,0.625,1.56,0,train
004083,6,1,0,5,0,0,0,25.804,51.394,0.2,0.015259,0.056,0.0,0.883,0.78,0.163,0.453,2.08,0,train
004084,5,1,0,5,0,0,0,13.101,37.032,0.58,0.065942,0.067,0.0,0.883,0.847,0.133,0.542,2.11,0,validation
004085,5,3,4,1,1,1,2,4.635,21.581,2.11,0.064183,0.2,0.268,0.202,0.725,0.563,0.817,2.58,1,train
004086,17,2,1,16,1,13,2,7.593,22.617,0.28,0.138937,0.627,0.073,0.13,0.71,0.609,0.646,2.39,0,validation
004087,2,1,0,2,0,1,0,30.007,31.183,1.02,0.015385,0.5,0.0,0.65,0.591,0.376,0.573,2.0,0,validation
004088,6,2,1,4,2,0,1,17.692,27.848,0.52,0.010569,0.167,0.11,0.454,0.823,0.38,0.621,2.91,1,train
004089,2,1,0,2,0,0,0,18.015,41.599,1.71,0.022494,0.0,0.0,1.0,0.905,0.043,0.46,1.97,0,validation
004090,9,3,1,8,1,2,1,14.273,42.478,1.75,0.049537,0.259,0.062,0.403,0.758,0.438,0.625,2.92,0,train
004091,4,0,0,4,0,0,0,8.104,23.916,3.66,0.149483,0.167,0.077,0.682,0.874,0.232,0.551,2.04,0,train
004092,7,3,3,4,2,0,0,7.75,25.186,2.63,0.138624,0.095,0.009,0.844,0.876,0.142,0.602,1.98,1,test
004093,1,1,1,0,1,0,0,7.637,7.637,2.37,0.023134,0.0,0.0,1.0,0.96,0.018,0.721,0.47,1,validation
004094,4,0,3,1,0,0,1,9.14,20.818,5.07,0.111768,0.25,0.135,0.532,0.868,0.316,0.625,2.16,0,test
004095,8,2,0,8,1,4,2,8.873,18.364,2.09,0.124698,0.417,0.151,0.091,0.703,0.634,0.619,2.82,0,test
004096,6,0,0,6,0,3,1,10.976,21.624,6.74,0.073284,0.444,0.192,0.117,0.692,0.624,0.602,2.91,0,train
004097,2,1,0,2,1,0,0,24.378,51.396,0.63,0.005902,0.0,0.0,1.0,0.871,0.058,0.549,1.66,0,test
004098,8,3,2,6,3,4,2,6.272,18.818,3.05,0.165792,0.333,0.195,0.156,0.8,0.554,0.604,2.44,1,train
004099,7,0,1,6,0,0,0,15.366,37.962,7.69,0.04427,0.095,0.023,0.779,0.835,0.195,0.49,2.27,0,train
004100,12,1,0,10,0,2,2,4.736,26.759,0.76,0.127858,0.278,0.14,0.0,0.725,0.674,0.629,1.57,0,test
004101,5,2,0,5,0,1,0,20.35,35.231,0.05,0.03072,0.2,0.0,0.767,0.726,0.252,0.546,2.12,0,test
004102,5,1,0,5,0,2,0,12.762,27.699,0.71,0.065057,0.333,0.0,0.767,0.766,0.234,0.495,2.89,0,train
004103,1,0,1,0,0,0,0,10.812,10.812,5.36,0.017548,0.333,0.0,0.883,0.859,0.127,0.675,2.6,0,train
004104,5,2,0,5,0,1,0,26.175,41.71,1.53,0.003928,0.2,0.0,0.767,0.695,0.266,0.496,2.55,0,train
004105,4,1,0,4,0,0,0,21.135,43.403,2.76,0.023617,0.167,0.0,0.883,0.805,0.152,0.466,2.0,0,train
004106,3,2,1,2,1,0,0,13.038,31.193,0.11,0.024338,0.111,0.0,0.883,0.848,0.133,0.68,1.65,1,test
004107,5,1,0,4,0,2,1,7.395,21.467,0.48,0.294337,0.267,0.108,0.416,0.794,0.414,0.548,1.57,0,train
004108,3,1,0,3,0,0,0,25.577,39.61,0.54,0.010108,0.222,0.0,0.883,0.781,0.163,0.436,1.89,0,validation
004109,4,1,3,1,0,0,0,12.991,20.604,2.2,0.010507,0.167,0.0,0.883,0.848,0.133,0.658,2.08,0,train
004110,2,0,0,2,0,1,0,23.086,26.176,13.07,0.016833,0.333,0.0,0.767,0.711,0.258,0.438,1.81,0,validation
004111,2,1,1,1,1,0,0,16.933,21.487,1.77,0.014874,0.0,0.0,1.0,0.91,0.04,0.546,1.74,0,test
004112,2,0,0,2,0,0,0,35.642,42.002,16.92,0.005837,0.333,0.0,0.883,0.728,0.187,0.369,2.03,0,train
004113,3,1,0,3,0,1,1,9.928,50.376,1.62,0.036656,0.333,0.287,0.091,0.697,0.636,0.663,2.33,0,test
004114,8,3,2,6,3,1,0,7.897,29.409,0.14,0.139199,0.292,0.014,0.695,0.792,0.261,0.691,2.3,1,train
004115,2,0,0,2,0,0,0,43.44,43.667,3.84,0.004856,0.167,0.0,0.883,0.687,0.205,0.314,1.71,0,train
004116,1,1,1,0,1,0,0,5.023,5.023,0.18,0.035148,0.0,0.15,0.902,0.973,0.066,0.85,1.47,1,test
004117,3,1,1,2,1,0,0,9.362,32.907,0.2,0.053303,0.0,0.0,1.0,0.95,0.022,0.668,1.84,1,train
004118,8,6,0,7,4,3,0,6.575,24.406,2.32,0.192407,0.375,0.039,0.565,0.799,0.33,0.601,3.02,1,test
004119,7,1,1,6,0,1,0,24.811,37.24,3.37,0.017133,0.333,0.029,0.52,0.619,0.436,0.556,2.99,1,test
004120,7,2,0,7,0,2,1,8.475,30.329,1.65,0.128105,0.238,0.06,0.494,0.788,0.374,0.557,2.19,0,test
004121,4,1,0,4,0,1,0,38.375,54.44,1.94,0.00945,0.25,0.015,0.611,0.547,0.418,0.39,2.34,0,train
004122,8,5,1,7,2,3,0,9.55,32.192,0.14,0.051686,0.292,0.0,0.767,0.783,0.226,0.66,2.53,1,train
004123,5,4,0,5,0,1,0,27.224,39.185,0.47,0.005871,0.2,0.0,0.767,0.689,0.268,0.445,1.78,0,test
004124,4,2,0,4,0,0,0,30.546,43.68,0.81,0.008902,0.167,0.0,0.883,0.755,0.174,0.403,1.84,0,train
004125,1,1,1,0,1,0,0,7.538,7.538,0.93,0.023487,0.0,0.0,1.0,0.96,0.018,0.787,3.02,1,test
004126,4,2,0,3,0,1,0,37.224,58.975,0.32,0.006076,0.333,0.0,0.65,0.553,0.394,0.425,2.08,0,train
004127,16,2,2,14,1,12,2,7.402,28.3,0.15,0.096918,0.688,0.098,0.039,0.711,0.659,0.65,2.45,0,validation
004128,5,1,0,5,0,0,0,9.517,29.486,3.49,0.137326,0.2,0.01,0.851,0.866,0.142,0.533,2.08,0,train
004129,3,1,0,3,0,1,1,19.845,33.477,2.77,0.007213,0.333,0.303,0.058,0.645,0.678,0.601,2.32,0,train
004130,2,1,0,2,1,0,0,7.785,15.71,3.25,0.176341,0.0,0.16,0.792,0.959,0.133,0.554,2.05,0,test
004131,4,1,0,4,0,1,0,41.567,53.771,0.75,0.003087,0.333,0.0,0.767,0.613,0.302,0.406,1.76,0,train
004132,4,0,0,3,0,0,0,55.862,60.546,7.12,0.003099,0.25,0.0,0.883,0.621,0.235,0.307,2.97,0,train
004133,2,2,0,2,2,0,0,12.718,16.974,3.12,0.034737,0.167,0.0,0.883,0.849,0.132,0.506,1.83,0,validation
004134,2,0,0,2,0,0,0,57.153,63.761,6.34,0.00174,0.0,0.0,1.0,0.697,0.136,0.28,1.89,0,train
004135,6,0,0,6,0,1,0,15.807,31.894,4.28,0.037356,0.222,0.0,0.767,0.75,0.241,0.475,2.13,0,train
004136,1,1,1,0,1,0,0,6.62,6.62,1.09,0.031807,0.0,0.0,1.0,0.965,0.016,0.786,1.72,1,train
004137,10,2,0,10,2,4,2,3.947,17.487,3.45,0.166294,0.4,0.194,0.117,0.812,0.57,0.66,2.65,1,train
004138,10,2,0,10,1,2,2,5.52,25.087,1.1,0.115495,0.3,0.185,0.033,0.721,0.658,0.668,1.57,1,validation
004139,22,3,17,5,1,4,0,8.555,28.836,0.72,0.025587,0.197,0.018,0.546,0.788,0.345,0.749,2.87,1,train
004140,3,1,1,2,0,1,0,18.974,47.275,0.6,0.007107,0.333,0.0,0.65,0.65,0.35,0.674,1.86,0,train
004141,6,2,0,6,0,0,0,12.747,41.225,2.37,0.109414,0.167,0.028,0.773,0.849,0.193,0.509,2.44,0,validation
004142,13,8,12,1,7,3,1,4.858,14.374,0.75,0.212416,0.385,0.094,0.02,0.724,0.663,0.796,2.53,1,train
004143,1,0,0,1,0,0,0,37.117,37.117,3.72,0.005592,0.333,0.0,0.883,0.72,0.19,0.359,0.13,0,train
004144,4,1,1,3,1,0,0,24.82,48.711,0.7,0.005678,0.083,0.0,0.883,0.785,0.161,0.543,1.85,0,train
004145,6,2,0,6,1,2,1,5.378,27.61,2.47,0.127696,0.278,0.155,0.162,0.805,0.549,0.619,2.77,0,train
004146,7,4,0,7,4,3,0,7.754,25.312,0.57,0.140886,0.381,0.011,0.715,0.792,0.25,0.668,2.19,1,train
004147,2,1,1,1,1,0,1,8.348,11.568,1.06,0.053654,0.0,0.345,0.552,0.956,0.267,0.776,0.85,1,train
004148,9,2,0,9,0,4,1,6.097,26.549,0.93,0.117659,0.37,0.108,0.136,0.801,0.565,0.644,2.42,0,validation
004149,5,4,4,1,3,1,0,10.999,19.017,0.56,0.014321,0.2,0.0,0.767,0.775,0.23,0.714,1.87,1,train
004150,6,0,0,5,0,1,0,17.475,37.057,3.75,0.028984,0.167,0.022,0.682,0.741,0.291,0.481,1.52,0,test
004151,1,0,0,1,0,0,0,60.497,60.497,3.76,0.000987,0.0,0.0,1.0,0.68,0.144,0.28,1.63,0,train
004152,3,2,0,3,0,1,0,31.592,43.681,1.18,0.002616,0.222,0.0,0.767,0.666,0.279,0.475,1.61,0,test
004153,4,2,0,4,0,1,0,36.617,51.506,0.53,0.001901,0.167,0.0,0.767,0.639,0.291,0.469,1.81,0,train
004154,9,4,0,9,4,5,1,3.84,20.049,2.2,0.077662,0.407,0.111,0.117,0.813,0.57,0.655,2.98,1,train
004155,8,1,0,8,1,0,0,9.931,30.141,0.65,0.127289,0.083,0.0,0.883,0.864,0.125,0.644,2.88,1,train
004156,9,2,0,9,0,3,1,5.65,26.666,0.26,0.12307,0.333,0.113,0.123,0.803,0.571,0.648,2.45,0,train
004157,5,0,0,5,0,1,1,7.01,26.046,4.27,0.075948,0.2,0.14,0.312,0.796,0.47,0.589,1.72,0,validation
004158,8,7,1,7,3,1,1,5.897,24.525,0.57,0.153381,0.25,0.08,0.234,0.719,0.548,0.719,2.77,1,validation
004159,2,1,0,2,1,0,1,5.608,22.58,2.9,0.142579,0.0,0.41,0.467,0.97,0.307,0.636,2.03,1,train
004160,7,5,0,7,4,2,2,3.034,24.319,2.51,0.118308,0.19,0.286,0.117,0.817,0.568,0.674,2.89,1,train
004161,3,0,0,3,0,1,1,20.181,30.227,3.59,0.060341,0.333,0.23,0.202,0.643,0.6,0.581,2.29,0,test
004162,5,5,0,5,3,1,0,10.69,25.217,3.03,0.047882,0.2,0.0,0.767,0.777,0.229,0.522,1.85,1,train
004163,10,8,0,10,4,2,2,3.122,25.427,0.75,0.181424,0.233,0.208,0.117,0.817,0.568,0.663,2.75,1,validation
004164,7,3,3,4,1,0,0,11.388,29.9,2.59,0.046735,0.095,0.0,0.883,0.856,0.129,0.562,1.88,1,test
004165,1,0,1,0,0,0,0,10.201,10.201,4.63,0.019609,0.0,0.0,1.0,0.946,0.024,0.652,2.68,0,test
004166,11,5,0,11,5,4,2,3.764,20.634,2.75,0.157587,0.424,0.159,0.0,0.73,0.671,0.662,3.12,1,test
004167,1,0,0,1,0,0,0,39.763,39.763,8.38,0.005218,0.333,0.0,0.883,0.706,0.196,0.342,0.29,0,validation
004168,1,0,0,1,0,0,0,41.55,41.55,13.66,0.002242,0.0,0.0,1.0,0.78,0.099,0.303,1.63,0,train
004169,6,0,0,5,0,1,1,15.075,44.03,9.77,0.027468,0.167,0.103,0.364,0.754,0.461,0.529,2.04,0,train
004170,17,8,13,4,6,1,0,10.542,21.404,0.2,0.01763,0.176,0.006,0.702,0.778,0.264,0.801,2.28,1,train
004171,5,1,0,4,1,1,2,3.653,14.728,3.39,0.205519,0.333,0.278,0.117,0.814,0.57,0.641,2.68,1,test
004172,2,0,0,2,0,0,0,19.082,30.017,3.96,0.023428,0.167,0.0,0.883,0.816,0.147,0.453,3.09,0,train
004173,4,1,1,3,0,0,0,12.62,44.272,0.23,0.007981,0.25,0.0,0.883,0.85,0.132,0.663,2.0,0,validation
004174,5,5,0,5,4,2,1,3.215,17.944,2.62,0.134673,0.267,0.2,0.117,0.816,0.568,0.675,2.52,1,train
004175,6,0,0,6,0,0,1,29.915,47.522,11.28,0.01046,0.222,0.085,0.552,0.758,0.355,0.448,3.01,0,train
004176,3,0,1,2,0,1,0,12.947,28.674,3.77,0.042272,0.222,0.0,0.767,0.765,0.234,0.525,1.93,0,test
004177,2,0,2,0,0,0,0,25.437,25.584,5.44,0.002122,0.0,0.0,1.0,0.865,0.061,0.55,1.36,0,test
004178,3,1,0,3,0,0,0,28.86,32.331,0.02,0.004499,0.111,0.0,0.883,0.764,0.17,0.547,1.78,0,train
004179,12,5,1,11,3,7,0,14.337,27.085,0.1,0.034037,0.472,0.0,0.65,0.674,0.339,0.616,2.9,0,validation
004180,5,0,0,5,0,3,0,17.05,25.579,3.73,0.030057,0.533,0.0,0.767,0.743,0.244,0.52,3.07,0,train
004181,9,7,0,9,3,2,2,3.235,22.626,0.21,0.12708,0.222,0.201,0.117,0.816,0.569,0.67,2.57,1,train
004182,4,1,0,4,0,0,0,26.214,43.455,0.44,0.008452,0.167,0.0,0.883,0.778,0.164,0.545,2.04,0,validation
004183,2,2,0,2,1,0,0,23.234,45.95,3.0,0.007657,0.0,0.0,1.0,0.877,0.055,0.448,1.69,0,train
004184,5,0,0,5,0,3,0,22.952,32.381,6.16,0.018921,0.467,0.0,0.767,0.712,0.258,0.454,2.96,0,train
004185,5,2,1,3,1,0,1,4.613,20.395,3.16,0.109325,0.2,0.22,0.259,0.892,0.456,0.642,2.09,1,train
004186,12,2,4,8,1,4,2,6.744,25.409,0.01,0.086029,0.361,0.106,0.189,0.714,0.575,0.651,2.84,1,validation
004187,3,1,1,2,0,1,0,21.989,37.404,0.54,0.019698,0.444,0.0,0.65,0.634,0.357,0.653,2.12,0,train
004188,7,4,3,4,1,0,0,9.578,27.543,2.63,0.076733,0.095,0.0,0.883,0.866,0.124,0.582,1.92,1,validation
004189,2,0,0,2,0,1,1,14.489,17.936,7.8,0.057837,0.5,0.25,0.325,0.673,0.518,0.557,0.85,0,train
004190,7,1,0,5,1,0,1,7.6,34.311,2.13,0.290757,0.19,0.143,0.233,0.876,0.477,0.529,1.55,0,train
004191,4,1,0,4,0,1,0,47.845,61.137,1.02,0.010815,0.25,0.0,0.767,0.58,0.317,0.393,2.05,0,train
004192,1,0,1,0,0,0,0,10.149,10.149,4.71,0.031515,0.0,0.0,1.0,0.946,0.024,0.652,0.52,0,test
004193,14,6,0,14,4,8,1,7.7,25.252,2.57,0.147685,0.452,0.03,0.377,0.709,0.473,0.562,2.94,1,validation
004194,11,6,5,6,3,2,1,4.009,28.257,0.02,0.30772,0.242,0.095,0.117,0.812,0.57,0.686,2.32,1,validation
004195,3,0,0,3,0,0,0,36.191,50.119,5.1,0.003482,0.0,0.0,1.0,0.808,0.086,0.339,1.95,0,train
004196,8,2,0,8,0,5,1,10.019,19.815,1.87,0.116833,0.458,0.085,0.28,0.697,0.533,0.591,2.84,0,validation
004197,4,1,1,3,1,0,0,24.889,46.651,0.68,0.005641,0.083,0.0,0.883,0.785,0.161,0.543,1.86,0,validation
004198,5,1,0,5,1,1,0,23.9,47.263,0.0,0.006031,0.267,0.0,0.767,0.707,0.26,0.581,1.88,0,validation
004199,2,0,0,2,0,0,0,24.802,47.278,6.72,0.015816,0.333,0.0,0.883,0.785,0.161,0.441,2.86,0,train
004200,5,0,0,4,0,0,0,18.739,42.959,3.55,0.019367,0.0,0.0,1.0,0.901,0.045,0.455,2.11,0,train
004201,1,1,0,1,1,0,0,12.42,12.42,3.49,0.043796,0.0,0.0,1.0,0.934,0.03,0.498,1.85,0,train
004202,2,1,0,2,0,1,0,43.159,57.521,2.99,0.005249,0.5,0.0,0.65,0.522,0.408,0.372,1.73,0,test
004203,2,1,0,2,1,1,0,17.202,20.906,3.21,0.014897,0.333,0.0,0.767,0.742,0.244,0.479,1.71,0,train
004204,1,0,0,1,0,0,0,11.257,11.257,4.52,0.078371,0.333,0.0,0.883,0.857,0.128,0.532,2.65,0,train
004205,4,4,0,4,1,0,1,5.567,26.947,2.7,0.132267,0.083,0.203,0.357,0.887,0.405,0.636,2.1,1,train
004206,7,5,0,7,4,2,1,4.174,23.02,1.35,0.068698,0.286,0.143,0.117,0.811,0.571,0.634,2.57,1,test
004207,9,0,0,9,0,5,1,8.377,21.175,3.74,0.149438,0.407,0.139,0.202,0.706,0.572,0.595,3.0,0,test
004208,2,1,0,2,1,0,1,4.912,27.637,3.22,0.101762,0.0,0.46,0.402,0.974,0.341,0.634,2.25,1,train
004209,6,1,0,5,0,2,0,11.086,21.241,0.51,0.133611,0.278,0.057,0.546,0.775,0.351,0.525,1.58,0,validation
004210,4,1,2,2,0,1,0,28.248,45.629,0.19,0.003435,0.333,0.0,0.65,0.6,0.372,0.612,2.08,0,train
004211,2,1,0,2,1,0,0,10.177,17.253,3.35,0.074432,0.167,0.0,0.883,0.863,0.126,0.519,1.83,1,validation
004212,5,1,1,4,1,1,0,21.937,43.313,0.86,0.007789,0.2,0.0,0.767,0.717,0.256,0.554,2.71,0,train
004213,10,3,0,10,2,5,1,4.081,20.474,1.94,0.11162,0.367,0.1,0.117,0.812,0.571,0.633,2.53,1,test
004214,10,1,0,9,0,2,2,6.388,28.775,0.46,0.211892,0.333,0.143,0.078,0.716,0.635,0.608,1.57,0,test
004215,11,3,4,7,0,3,0,32.464,45.651,1.06,0.004442,0.424,0.0,0.65,0.578,0.382,0.564,2.85,0,train
004216,14,2,0,14,1,3,0,15.662,37.947,0.62,0.033772,0.286,0.022,0.565,0.75,0.351,0.607,2.38,0,test
004217,7,1,0,7,1,0,2,15.55,33.038,0.11,0.018396,0.095,0.123,0.584,0.834,0.303,0.631,2.53,0,train
004218,13,6,2,11,3,2,2,6.557,27.632,3.02,0.10008,0.308,0.109,0.149,0.799,0.559,0.711,3.0,1,validation
004219,1,1,1,0,1,0,0,8.83,8.83,0.43,0.020018,0.0,0.0,1.0,0.953,0.021,0.801,3.13,1,train
004220,5,2,0,5,1,1,1,21.883,33.57,0.97,0.019934,0.133,0.078,0.513,0.717,0.395,0.536,2.12,0,train
004221,7,1,0,7,1,3,2,6.684,16.421,3.34,0.156053,0.429,0.189,0.227,0.798,0.516,0.622,2.25,1,train
004222,5,0,1,4,0,0,1,7.41,27.397,3.77,0.085955,0.067,0.18,0.298,0.877,0.441,0.62,2.29,0,test
004223,2,1,1,1,1,0,0,5.282,10.163,0.58,0.047313,0.167,0.115,0.734,0.889,0.196,0.837,3.03,1,train
004224,2,1,1,1,1,1,0,6.896,26.343,2.0,0.06336,0.5,0.0,0.65,0.713,0.321,0.823,1.93,1,train
004225,2,2,0,2,2,0,1,6.52,10.687,0.36,0.171044,0.0,0.2,0.74,0.965,0.159,0.625,2.0,1,test
004226,7,3,1,5,3,1,2,4.446,19.936,2.47,0.149099,0.143,0.253,0.182,0.81,0.536,0.661,2.86,1,train
004227,1,1,0,1,1,0,0,21.907,21.907,0.56,0.007488,0.0,0.0,1.0,0.884,0.052,0.568,1.61,0,train
004228,6,6,0,6,2,2,1,4.638,27.693,2.33,0.140433,0.278,0.155,0.162,0.809,0.547,0.662,2.13,1,train
004229,10,4,9,0,3,2,0,6.485,20.854,2.25,0.09477,0.233,0.014,0.676,0.799,0.269,0.708,2.82,1,test
004230,2,1,1,1,1,0,0,10.01,14.695,3.3,0.076412,0.0,0.0,1.0,0.947,0.024,0.591,2.15,1,train
004231,2,1,0,2,1,1,1,9.017,9.212,1.32,0.122023,0.5,0.34,0.208,0.702,0.57,0.652,0.91,1,train
004232,8,4,0,8,1,3,1,9.299,25.826,2.44,0.062558,0.333,0.1,0.247,0.784,0.511,0.582,2.34,0,validation
004233,3,0,1,2,0,0,1,9.875,20.51,6.47,0.040448,0.111,0.187,0.519,0.864,0.325,0.699,2.02,0,train
004234,11,5,0,11,5,3,1,4.794,21.809,2.74,0.117739,0.273,0.093,0.175,0.808,0.54,0.648,3.1,1,train
004235,6,4,6,0,4,0,1,4.28,7.957,2.75,0.069564,0.0,0.163,0.506,0.977,0.282,0.787,2.19,1,validation
004236,7,2,0,7,1,3,0,10.695,46.248,2.04,0.081503,0.333,0.0,0.767,0.777,0.229,0.569,2.35,1,train
004237,1,1,1,0,1,0,0,8.788,8.788,2.74,0.021144,0.0,0.0,1.0,0.953,0.021,0.696,0.31,1,validation
004238,11,11,0,11,8,4,1,2.738,20.928,1.87,0.124965,0.364,0.106,0.117,0.819,0.567,0.682,2.72,1,validation
004239,4,1,0,4,1,3,0,15.791,28.526,3.45,0.017326,0.5,0.0,0.767,0.75,0.241,0.493,1.74,0,train
004240,4,0,2,2,0,0,1,19.05,39.258,3.72,0.012038,0.0,0.117,0.695,0.899,0.213,0.631,3.01,0,test
004241,5,1,0,5,0,2,1,11.612,32.115,0.35,0.074439,0.333,0.124,0.266,0.689,0.544,0.569,3.03,0,test
004242,4,0,0,4,0,0,0,12.713,28.785,3.71,0.046237,0.167,0.0,0.883,0.849,0.132,0.495,1.88,0,validation
004243,12,1,0,10,1,2,1,4.99,36.241,0.16,0.09584,0.278,0.081,0.136,0.807,0.562,0.624,1.56,0,train
004244,4,1,0,4,1,0,0,16.87,32.437,0.01,0.012565,0.083,0.0,0.883,0.827,0.142,0.627,2.1,0,test
004245,6,0,0,5,0,4,1,12.717,32.719,5.93,0.055276,0.611,0.123,0.371,0.683,0.489,0.593,2.75,0,train
004246,10,7,1,9,5,3,2,4.246,16.031,2.26,0.147374,0.3,0.222,0.117,0.811,0.571,0.747,2.5,1,validation
004247,1,1,1,0,1,0,0,8.567,8.567,2.76,0.021587,0.0,0.0,1.0,0.955,0.02,0.697,0.44,1,test
004248,7,1,0,6,0,0,1,7.253,28.589,0.57,0.173123,0.19,0.074,0.545,0.878,0.305,0.529,1.57,0,train
004249,7,7,0,7,5,2,2,5.256,22.114,2.7,0.154727,0.19,0.221,0.214,0.806,0.52,0.65,2.14,1,test
004250,4,1,3,1,0,0,0,10.703,18.403,1.39,0.01828,0.167,0.0,0.883,0.86,0.127,0.673,2.09,0,train
004251,5,2,1,4,0,0,1,4.911,18.879,0.19,0.084878,0.133,0.196,0.246,0.891,0.464,0.73,2.37,1,train
004252,1,1,1,0,1,0,0,9.054,9.054,2.83,0.024895,0.0,0.0,1.0,0.952,0.022,0.69,0.62,1,test
004253,2,0,0,2,0,0,0,20.588,42.883,6.91,0.02551,0.167,0.0,0.883,0.808,0.151,0.443,2.78,0,test
004254,10,1,0,8,0,1,1,5.432,28.385,0.77,0.19777,0.233,0.1,0.117,0.805,0.574,0.624,1.57,0,test
004255,3,1,0,3,0,0,0,17.532,42.99,2.03,0.032008,0.0,0.0,1.0,0.907,0.042,0.463,2.08,0,train
004256,2,1,0,2,0,0,0,28.244,37.853,0.54,0.007476,0.167,0.0,0.883,0.767,0.169,0.418,1.86,0,validation
004257,10,4,0,10,2,5,1,5.548,24.176,0.13,0.116131,0.467,0.092,0.052,0.721,0.647,0.697,2.6,0,train
004258,1,0,0,1,0,0,0,32.368,32.368,7.23,0.003879,0.0,0.0,1.0,0.829,0.077,0.364,1.58,0,train
004259,9,4,0,9,2,3,0,9.09,28.39,0.21,0.09436,0.333,0.03,0.591,0.785,0.322,0.586,2.92,1,train
004260,6,3,0,6,2,2,0,10.043,19.654,2.49,0.070141,0.278,0.0,0.767,0.78,0.227,0.552,1.88,1,train
004261,10,5,10,0,1,3,0,12.678,27.36,0.09,0.01363,0.5,0.0,0.65,0.683,0.335,0.855,3.14,1,test
004262,6,3,0,6,3,3,0,11.801,25.57,3.3,0.034894,0.389,0.0,0.767,0.771,0.231,0.51,1.99,1,train
004263,12,4,0,12,2,8,1,9.599,21.298,2.5,0.079513,0.556,0.06,0.325,0.699,0.507,0.634,2.91,1,train
004264,3,2,0,3,1,0,0,23.997,34.599,0.91,0.006168,0.111,0.0,0.883,0.79,0.159,0.538,1.85,0,train
004265,11,4,4,7,3,2,2,3.683,21.192,1.32,0.169227,0.273,0.18,0.123,0.814,0.566,0.669,2.37,1,train
004266,2,0,0,2,0,1,0,38.545,50.563,3.67,0.00352,0.333,0.0,0.767,0.629,0.295,0.333,1.65,0,train
004267,7,6,0,7,3,2,0,7.867,30.416,0.21,0.129633,0.286,0.003,0.754,0.792,0.229,0.581,1.98,1,train
004268,10,9,10,0,9,1,0,4.38,13.631,0.49,0.065551,0.2,0.059,0.585,0.81,0.314,0.811,2.76,1,validation
004269,11,3,0,11,1,9,1,9.932,25.6,0.05,0.099484,0.697,0.085,0.045,0.697,0.661,0.659,2.35,0,validation
004270,10,1,0,9,0,1,0,14.001,32.361,1.5,0.035429,0.267,0.012,0.689,0.759,0.28,0.492,1.58,0,validation
004271,5,3,3,2,3,2,0,6.184,12.189,0.33,0.106964,0.267,0.06,0.695,0.801,0.257,0.821,3.07,1,train
004272,5,3,0,5,3,2,0,9.711,18.987,1.6,0.092262,0.333,0.0,0.767,0.782,0.226,0.624,1.77,1,test
004273,2,0,1,1,0,0,0,12.569,17.135,4.45,0.067198,0.167,0.0,0.883,0.85,0.132,0.602,1.99,0,train
004274,5,1,1,4,1,1,0,22.186,41.782,0.84,0.007596,0.2,0.0,0.767,0.716,0.256,0.554,2.71,0,train
004275,9,1,0,9,0,2,1,11.56,27.434,1.23,0.0762,0.296,0.048,0.487,0.772,0.385,0.548,1.57,0,validation
004276,5,4,0,5,1,0,0,19.975,30.059,0.97,0.017082,0.133,0.0,0.883,0.811,0.149,0.497,1.82,0,test
004277,4,2,0,4,0,1,0,33.381,46.382,0.6,0.002942,0.25,0.0,0.767,0.657,0.283,0.463,1.68,0,train
004278,2,1,0,2,0,0,0,60.847,66.972,1.42,0.000657,0.0,0.0,1.0,0.678,0.145,0.375,1.58,0,train
004279,1,1,0,1,1,0,0,17.52,17.52,3.28,0.018425,0.0,0.0,1.0,0.907,0.042,0.473,1.76,0,test
004280,4,0,0,4,0,0,0,17.035,27.527,4.1,0.059387,0.25,0.0,0.883,0.826,0.142,0.493,2.79,0,train
004281,6,3,1,4,3,2,0,6.827,21.092,2.68,0.087231,0.222,0.038,0.617,0.797,0.302,0.693,2.77,1,train
004282,5,2,0,5,1,1,0,23.431,37.507,0.72,0.008082,0.133,0.0,0.767,0.709,0.259,0.551,1.93,0,validation
004283,15,7,11,4,6,0,0,7.642,20.915,0.17,0.039064,0.156,0.007,0.818,0.876,0.156,0.795,2.27,1,train
004284,3,0,0,3,0,0,0,23.217,44.418,12.8,0.026654,0.0,0.0,1.0,0.877,0.055,0.425,2.15,0,validation
004285,3,1,0,3,0,1,0,38.354,57.091,0.62,0.005224,0.333,0.0,0.767,0.63,0.295,0.412,3.12,0,test
004286,6,2,0,6,1,2,1,11.122,33.512,2.16,0.088245,0.278,0.065,0.513,0.774,0.369,0.563,2.2,1,train
004287,6,1,1,5,0,1,3,6.547,30.899,0.03,0.127183,0.222,0.288,0.123,0.715,0.61,0.646,2.32,0,test
004288,15,5,0,15,1,5,1,11.215,36.296,0.58,0.056904,0.333,0.049,0.377,0.691,0.482,0.525,2.21,0,train
004289,9,2,0,9,1,5,1,5.665,33.81,2.87,0.155085,0.444,0.077,0.383,0.803,0.428,0.616,2.14,1,validation
004290,11,8,3,8,5,6,2,3.118,18.17,1.98,0.174032,0.394,0.195,0.117,0.817,0.568,0.7,2.11,1,test
004291,3,1,1,2,0,1,0,17.6,47.856,3.22,0.005548,0.333,0.0,0.767,0.74,0.245,0.656,2.84,0,train
004292,6,0,3,3,0,1,1,12.45,28.184,8.27,0.061873,0.167,0.103,0.364,0.767,0.455,0.601,2.42,0,train
004293,3,1,0,3,0,0,0,18.02,26.166,3.33,0.036815,0.0,0.0,1.0,0.905,0.043,0.46,2.62,0,train
004294,9,7,0,9,6,2,1,3.137,22.926,2.77,0.137418,0.296,0.117,0.117,0.817,0.568,0.665,1.96,1,train
004295,9,2,0,9,1,2,0,14.296,31.597,0.98,0.064972,0.296,0.002,0.754,0.758,0.245,0.514,1.57,0,test
004296,5,1,0,5,0,0,1,7.122,44.404,0.55,0.120612,0.133,0.136,0.441,0.879,0.362,0.587,2.12,0,train
004297,10,1,1,9,0,0,0,25.166,45.75,0.57,0.007463,0.2,0.0,0.883,0.783,0.162,0.546,2.54,0,test
004298,4,2,0,4,0,1,0,24.432,40.974,1.04,0.018406,0.167,0.0,0.767,0.704,0.262,0.417,2.05,0,train
004299,3,1,0,3,0,2,0,9.733,28.366,2.54,0.125495,0.667,0.01,0.631,0.698,0.339,0.598,2.02,0,test
004300,9,3,0,9,2,3,1,6.341,29.4,0.81,0.279926,0.333,0.071,0.234,0.716,0.549,0.617,2.87,1,train
004301,10,7,3,7,4,5,0,7.019,21.171,1.88,0.164253,0.367,0.018,0.65,0.796,0.284,0.659,1.88,1,test
004302,1,1,0,1,1,0,0,12.479,12.479,3.17,0.039922,0.0,0.0,1.0,0.934,0.03,0.512,1.84,0,test
004303,5,2,0,5,0,1,0,9.096,44.402,1.18,0.119497,0.133,0.0,0.767,0.785,0.225,0.519,1.76,0,train
004304,11,6,1,10,3,2,2,6.044,28.339,2.49,0.109305,0.333,0.132,0.305,0.801,0.472,0.737,2.46,1,test
004305,1,0,1,0,0,0,0,45.509,45.509,8.9,0.000869,0.0,0.0,1.0,0.759,0.108,0.42,1.79,0,train
004306,7,7,0,7,4,1,1,4.37,22.035,2.97,0.136878,0.286,0.139,0.136,0.81,0.561,0.648,2.31,1,validation
004307,6,6,0,6,3,2,2,4.073,22.892,3.04,0.145005,0.222,0.277,0.117,0.812,0.571,0.653,2.07,1,train
004308,1,0,1,0,0,0,0,9.105,9.105,4.73,0.031018,0.0,0.0,1.0,0.952,0.022,0.659,0.49,0,train
004309,2,0,0,2,0,1,0,28.531,39.541,4.6,0.00986,0.5,0.0,0.767,0.682,0.271,0.416,3.1,0,train
004310,7,5,0,7,3,3,0,8.524,22.3,0.35,0.098205,0.286,0.0,0.767,0.788,0.224,0.563,2.1,1,train
004311,7,5,0,7,3,3,1,7.103,22.295,1.71,0.180874,0.286,0.076,0.507,0.796,0.363,0.58,2.41,1,validation
004312,12,5,1,11,2,7,0,7.932,31.61,2.31,0.127444,0.472,0.0,0.767,0.791,0.222,0.588,2.83,1,validation
004313,4,2,0,4,0,1,0,34.471,45.822,1.12,0.007191,0.417,0.0,0.767,0.651,0.285,0.415,2.14,0,validation
004314,4,1,0,4,0,0,0,35.479,59.353,2.16,0.006566,0.083,0.0,0.883,0.729,0.186,0.37,2.08,0,train
004315,2,0,0,2,0,0,0,12.973,13.648,3.68,0.047093,0.0,0.0,1.0,0.931,0.031,0.494,2.14,0,test
004316,1,1,0,1,0,0,0,27.018,27.018,1.77,0.004206,0.0,0.0,1.0,0.857,0.064,0.479,1.6,0,test
004317,5,0,0,4,0,0,0,29.784,48.039,10.78,0.007829,0.133,0.042,0.747,0.759,0.248,0.381,1.9,0,test
004318,3,1,0,3,0,1,0,34.663,39.649,0.3,0.003026,0.222,0.0,0.767,0.65,0.286,0.479,1.68,0,train
004319,4,1,0,4,0,2,0,39.477,52.237,0.05,0.01831,0.417,0.0,0.65,0.541,0.399,0.47,1.89,0,test
004320,5,4,0,5,2,1,0,8.154,23.241,0.32,0.117091,0.133,0.0,0.767,0.79,0.223,0.557,1.82,1,validation
004321,10,6,7,3,6,4,1,6.319,15.427,0.14,0.2228,0.3,0.056,0.429,0.8,0.404,0.792,3.05,1,validation
004322,13,5,0,13,2,9,2,7.929,24.581,0.14,0.314259,0.564,0.066,0.357,0.708,0.485,0.64,2.3,1,train
004323,1,1,1,0,1,0,0,8.151,8.151,3.33,0.034182,0.0,0.0,1.0,0.957,0.019,0.673,0.38,1,train
004324,9,5,2,7,2,0,1,6.425,32.357,2.29,0.079311,0.037,0.098,0.311,0.883,0.432,0.608,1.87,1,train
004325,3,1,1,2,1,0,1,10.524,18.695,0.31,0.061159,0.0,0.203,0.603,0.944,0.243,0.702,2.85,1,validation
004326,12,4,0,11,2,10,1,7.788,20.39,2.37,0.077456,0.639,0.048,0.39,0.709,0.467,0.597,2.87,1,validation
004327,6,4,4,2,4,2,0,5.131,9.988,0.99,0.085262,0.389,0.095,0.462,0.723,0.421,0.771,2.46,1,validation
004328,10,1,2,8,0,0,0,17.869,49.753,0.15,0.014892,0.133,0.002,0.87,0.822,0.151,0.558,3.11,0,validation
004329,5,1,0,4,0,0,1,25.533,47.585,0.27,0.013341,0.067,0.076,0.636,0.781,0.298,0.44,2.25,0,validation
004330,5,1,3,2,1,0,1,4.612,18.118,3.17,0.109968,0.067,0.192,0.259,0.892,0.456,0.641,1.6,1,validation
004331,13,3,0,13,1,3,2,3.974,31.344,1.62,0.142201,0.41,0.138,0.007,0.729,0.668,0.743,2.38,1,test
004332,5,1,1,4,1,0,0,23.77,51.695,0.05,0.006507,0.2,0.0,0.883,0.791,0.158,0.579,2.02,0,train
004333,10,5,0,10,4,5,2,3.876,22.588,0.73,0.128565,0.367,0.222,0.0,0.729,0.672,0.666,2.74,1,test
004334,1,0,0,1,0,0,0,30.655,30.655,6.76,0.003904,0.0,0.0,1.0,0.838,0.073,0.376,1.61,0,validation
004335,3,0,1,2,0,0,0,42.235,49.607,15.82,0.00371,0.222,0.0,0.883,0.693,0.202,0.447,2.11,0,test
004336,5,2,0,5,1,1,0,24.446,42.746,0.39,0.004483,0.2,0.0,0.767,0.704,0.262,0.551,1.85,0,validation
004337,6,0,1,5,0,1,0,8.218,30.622,3.91,0.059158,0.222,0.022,0.682,0.79,0.269,0.676,2.2,0,train
004338,15,2,12,3,2,1,0,14.201,24.922,1.13,0.026795,0.2,0.015,0.617,0.758,0.319,0.689,3.01,1,train
004339,2,1,0,2,0,1,0,48.142,59.319,1.07,0.006769,0.333,0.0,0.767,0.578,0.318,0.391,1.88,0,test
004340,2,0,0,2,0,1,0,52.753,61.937,3.98,0.00333,0.5,0.0,0.65,0.471,0.431,0.36,1.71,0,train
004341,7,2,0,7,1,4,0,9.478,46.007,2.04,0.12194,0.381,0.0,0.767,0.783,0.226,0.556,2.32,1,validation
004342,3,1,0,3,0,1,0,35.194,51.561,1.75,0.003509,0.222,0.0,0.767,0.647,0.287,0.425,1.99,0,validation
004343,7,2,2,5,0,4,1,12.992,24.27,1.96,0.104368,0.571,0.05,0.423,0.681,0.461,0.68,3.02,0,train
004344,7,1,0,7,0,0,1,34.351,44.958,1.24,0.010042,0.19,0.051,0.649,0.735,0.312,0.42,2.19,0,train
004345,1,1,0,1,0,0,0,37.919,37.919,1.47,0.002947,0.0,0.0,1.0,0.799,0.09,0.42,1.74,0,train
004346,2,1,2,0,1,0,0,7.612,9.003,1.98,0.029639,0.0,0.0,1.0,0.96,0.018,0.739,3.02,1,train
004347,5,1,1,4,1,2,0,12.419,21.427,1.64,0.032172,0.333,0.0,0.767,0.768,0.233,0.583,1.84,0,train
004348,3,3,0,3,2,0,0,18.999,26.985,2.73,0.00973,0.111,0.0,0.883,0.816,0.147,0.485,1.69,0,train
004349,4,2,2,2,2,1,1,5.217,12.057,1.42,0.101287,0.167,0.245,0.299,0.806,0.473,0.784,3.04,1,test
004350,6,5,1,5,3,2,1,3.247,20.569,1.58,0.096587,0.389,0.165,0.007,0.733,0.667,0.769,2.28,1,validation
004351,10,1,1,9,0,1,1,25.764,40.39,0.44,0.011124,0.2,0.069,0.318,0.697,0.511,0.548,2.44,0,train
004352,9,7,0,9,5,4,1,5.522,26.293,2.82,0.159654,0.407,0.086,0.266,0.804,0.492,0.631,1.85,1,test
004353,5,0,0,5,0,1,0,22.404,27.61,9.48,0.049026,0.2,0.01,0.734,0.715,0.275,0.431,2.81,0,validation
004354,1,0,0,1,0,0,0,62.891,62.891,3.73,0.000867,0.0,0.0,1.0,0.667,0.15,0.28,1.63,0,train
004355,5,3,0,5,2,1,1,18.355,23.954,0.96,0.01788,0.133,0.08,0.507,0.736,0.39,0.574,1.59,0,train
004356,2,2,0,2,2,1,0,11.71,15.388,2.84,0.039454,0.333,0.0,0.767,0.771,0.231,0.532,1.73,1,train
004357,1,0,0,1,0,0,0,44.714,44.714,4.37,0.002025,0.0,0.0,1.0,0.763,0.107,0.282,1.63,0,train
004358,4,1,1,3,0,0,0,39.156,56.544,1.5,0.003687,0.083,0.0,0.883,0.709,0.195,0.511,3.1,0,train
004359,6,1,0,6,1,0,1,10.255,31.933,0.15,0.247884,0.0,0.167,0.35,0.946,0.382,0.596,1.55,0,train
004360,15,4,0,15,2,9,1,7.939,28.18,2.84,0.137643,0.467,0.066,0.195,0.791,0.537,0.592,3.14,1,test
004361,1,0,1,0,0,0,0,10.852,10.852,6.21,0.023928,0.333,0.0,0.883,0.859,0.128,0.674,0.79,0,train
004362,6,1,3,3,0,0,1,21.358,34.996,3.03,0.020665,0.111,0.072,0.604,0.804,0.306,0.509,2.39,0,train
004363,7,1,0,7,1,3,0,10.534,28.16,3.17,0.115978,0.333,0.03,0.63,0.778,0.304,0.527,1.75,0,train
004364,4,1,2,2,0,1,0,33.443,49.143,0.08,0.004664,0.333,0.0,0.65,0.573,0.385,0.577,2.33,0,validation
004365,1,1,0,1,0,0,0,37.708,37.708,3.11,0.002734,0.0,0.0,1.0,0.8,0.09,0.346,1.68,0,train
004366,10,2,0,10,1,1,2,5.371,24.863,2.34,0.140198,0.233,0.175,0.058,0.722,0.643,0.617,2.28,0,validation
004367,3,2,2,1,0,0,0,25.05,30.139,0.15,0.002756,0.0,0.0,1.0,0.867,0.06,0.706,2.08,1,train
004368,8,6,0,7,4,2,1,3.394,20.708,2.31,0.128845,0.292,0.125,0.117,0.815,0.569,0.678,2.99,1,train
004369,10,1,0,10,0,6,1,8.737,17.675,2.15,0.086241,0.467,0.111,0.189,0.704,0.58,0.606,2.83,0,train
004370,10,6,1,9,4,0,3,3.848,21.908,0.3,0.101448,0.133,0.244,0.24,0.896,0.465,0.764,2.39,1,validation
004371,9,6,1,8,4,4,0,13.541,24.06,0.2,0.029436,0.37,0.0,0.767,0.762,0.236,0.781,1.89,1,validation
004372,4,0,0,4,0,3,0,23.409,29.995,8.27,0.014668,0.583,0.0,0.767,0.709,0.259,0.451,2.87,0,train
004373,2,1,0,2,1,0,0,14.764,29.902,3.3,0.025936,0.0,0.0,1.0,0.922,0.035,0.491,1.83,0,test
004374,3,1,0,3,0,0,1,16.166,57.312,0.62,0.150792,0.111,0.26,0.376,0.831,0.419,0.561,1.58,0,train
004375,5,4,0,5,2,0,1,4.646,23.197,0.38,0.142226,0.067,0.18,0.298,0.892,0.434,0.662,1.78,1,test
004376,8,3,0,7,3,4,2,4.165,21.349,2.99,0.199326,0.375,0.241,0.13,0.811,0.564,0.654,2.34,1,train
004377,4,1,2,2,0,1,0,30.403,48.969,0.07,0.002356,0.333,0.0,0.65,0.589,0.377,0.597,2.08,0,validation
004378,10,7,1,9,4,3,1,4.436,33.45,0.04,0.130719,0.333,0.092,0.169,0.81,0.543,0.661,2.18,1,validation
004379,4,0,3,0,0,0,0,10.094,17.645,5.05,0.02961,0.0,0.0,1.0,0.947,0.024,0.623,2.13,0,test
004380,1,0,0,1,0,0,0,40.063,40.063,7.04,0.00196,0.0,0.0,1.0,0.788,0.095,0.313,1.61,0,validation
004381,7,1,0,7,0,2,0,17.998,35.891,0.06,0.029433,0.238,0.044,0.565,0.738,0.357,0.545,2.16,0,test
004382,4,1,1,3,0,0,0,23.838,28.256,0.63,0.008354,0.0,0.0,1.0,0.874,0.057,0.561,2.09,0,train
004383,5,3,1,4,1,0,0,19.146,30.196,0.83,0.032422,0.133,0.0,0.883,0.815,0.147,0.598,2.44,1,test
004384,8,1,5,3,0,0,1,19.16,33.806,0.23,0.005291,0.167,0.116,0.279,0.815,0.48,0.586,2.96,0,train
004385,4,2,0,4,0,1,0,29.259,41.686,0.26,0.008087,0.25,0.0,0.767,0.678,0.273,0.474,2.05,0,train
004386,5,1,0,5,0,1,0,9.128,17.736,1.27,0.133876,0.333,0.054,0.591,0.785,0.322,0.567,2.79,0,validation
004387,10,3,0,10,1,8,1,5.959,25.223,0.03,0.122101,0.7,0.092,0.052,0.718,0.648,0.694,2.3,0,test
004388,7,2,1,6,2,0,1,6.355,27.807,3.2,0.164474,0.19,0.086,0.493,0.883,0.331,0.626,3.08,1,test
004389,7,3,6,1,2,1,0,9.641,20.657,0.74,0.022284,0.19,0.0,0.767,0.782,0.226,0.764,3.1,1,test
004390,1,0,0,1,0,0,0,49.09,49.09,8.02,0.003312,0.333,0.0,0.883,0.657,0.219,0.307,0.25,0,train
004391,13,6,1,12,4,6,1,4.417,28.874,2.36,0.117666,0.385,0.072,0.156,0.81,0.55,0.65,2.94,1,test
004392,11,0,0,11,0,5,2,6.609,19.935,3.51,0.130489,0.424,0.141,0.188,0.798,0.537,0.615,2.35,0,test
004393,2,0,0,2,0,0,0,27.594,38.223,3.97,0.012002,0.167,0.0,0.883,0.771,0.167,0.423,1.65,0,train
004394,1,0,0,1,0,0,0,35.518,35.518,3.55,0.003132,0.0,0.0,1.0,0.812,0.085,0.343,1.68,0,validation
004395,2,2,0,2,1,0,0,17.718,40.43,3.01,0.014996,0.0,0.0,1.0,0.906,0.042,0.484,1.72,0,train
004396,3,3,0,3,0,1,0,31.521,43.328,0.3,0.002595,0.222,0.0,0.767,0.666,0.278,0.516,1.59,0,train
004397,3,1,0,3,0,0,1,12.205,61.263,0.34,0.044721,0.111,0.22,0.454,0.852,0.367,0.578,2.26,0,train
004398,2,1,1,1,1,0,0,9.946,16.348,2.2,0.05894,0.0,0.0,1.0,0.947,0.024,0.573,1.82,1,train
004399,1,0,0,1,0,0,0,25.439,25.439,4.43,0.006334,0.0,0.0,1.0,0.865,0.061,0.41,1.61,0,train
004400,2,1,2,0,1,0,0,7.851,9.489,2.76,0.039241,0.167,0.0,0.883,0.875,0.12,0.701,2.67,1,test
004401,9,9,0,9,7,4,1,5.151,20.673,2.44,0.117633,0.37,0.093,0.221,0.806,0.516,0.645,2.07,1,train
004402,5,0,1,4,0,2,0,35.444,52.449,5.86,0.006347,0.4,0.0,0.65,0.562,0.389,0.524,2.08,0,validation
004403,4,2,0,4,0,1,0,36.925,50.133,0.31,0.001865,0.167,0.0,0.767,0.638,0.291,0.479,1.84,0,train
004404,3,1,1,2,1,0,1,4.605,25.698,3.16,0.109531,0.111,0.32,0.259,0.892,0.456,0.642,1.63,1,test
004405,4,1,0,4,0,0,1,6.896,23.37,1.29,0.113668,0.167,0.223,0.311,0.88,0.433,0.631,2.34,0,validation
004406,12,2,0,12,1,6,2,8.366,22.873,3.1,0.06022,0.472,0.135,0.065,0.706,0.647,0.596,2.83,0,test
004407,3,1,0,3,0,0,0,30.252,49.637,0.39,0.011625,0.0,0.0,1.0,0.84,0.072,0.422,2.04,0,train
004408,2,1,0,2,1,0,0,19.576,47.291,0.49,0.009464,0.0,0.0,1.0,0.896,0.047,0.587,1.57,0,train
004409,9,3,0,9,3,1,1,7.618,19.766,2.9,0.128062,0.259,0.054,0.448,0.793,0.397,0.568,2.12,0,train
004410,8,7,8,0,7,0,0,4.74,14.718,0.24,0.053748,0.125,0.039,0.766,0.892,0.177,0.843,2.86,1,validation
004411,13,4,2,11,3,10,0,13.616,28.271,0.31,0.033752,0.615,0.0,0.65,0.678,0.337,0.709,2.73,1,train
004412,5,4,0,5,3,1,1,4.095,19.018,0.43,0.129907,0.133,0.194,0.136,0.812,0.56,0.672,1.82,1,train
004413,2,0,0,2,0,0,0,46.241,55.689,8.62,0.005157,0.0,0.0,1.0,0.755,0.11,0.28,1.8,0,test
004414,4,2,2,2,0,2,0,46.469,58.585,2.03,0.004094,0.333,0.0,0.767,0.587,0.314,0.541,3.11,0,train
004415,3,1,1,2,0,1,0,50.399,64.809,0.62,0.002098,0.333,0.0,0.65,0.483,0.425,0.5,1.8,0,train
004416,1,1,0,1,0,0,0,40.654,40.654,2.76,0.001981,0.0,0.0,1.0,0.785,0.097,0.343,1.64,0,train
004417,14,3,10,4,2,2,0,15.429,32.146,0.16,0.012579,0.238,0.004,0.734,0.752,0.258,0.759,2.68,1,validation
004418,6,2,0,6,2,0,1,3.938,24.78,3.16,0.046078,0.111,0.167,0.233,0.896,0.469,0.649,2.17,1,train
004419,3,0,1,2,0,2,1,12.892,26.906,6.04,0.151996,0.667,0.333,0.0,0.682,0.693,0.714,2.32,0,test
004420,5,1,0,5,1,3,1,5.101,19.04,3.49,0.103139,0.467,0.186,0.162,0.806,0.548,0.621,2.24,1,train
004421,5,1,0,5,0,0,0,12.656,27.465,0.57,0.046122,0.2,0.0,0.883,0.85,0.132,0.523,1.92,0,train
004422,4,2,1,2,1,1,2,4.613,16.639,0.56,0.109294,0.333,0.405,0.026,0.726,0.659,0.642,2.2,1,validation
004423,3,1,0,3,0,0,0,29.479,39.599,0.9,0.006959,0.111,0.0,0.883,0.761,0.172,0.399,2.05,0,validation
004424,7,0,0,7,0,1,2,9.403,17.744,3.87,0.104876,0.286,0.281,0.111,0.7,0.624,0.597,2.2,0,train
004425,6,6,4,2,4,1,0,8.842,21.71,1.3,0.045103,0.167,0.0,0.767,0.787,0.224,0.69,1.94,1,train
004426,8,3,3,5,2,1,2,2.658,20.126,2.58,0.05203,0.167,0.246,0.117,0.819,0.567,0.684,2.79,1,train
004427,2,0,0,2,0,0,0,22.059,39.202,7.26,0.00957,0.0,0.0,1.0,0.883,0.053,0.433,1.84,0,train
004428,4,2,2,2,1,0,0,13.434,24.134,1.76,0.112298,0.167,0.0,0.883,0.846,0.134,0.643,2.62,1,train
004429,2,1,0,2,0,0,0,81.199,81.279,2.8,0.000733,0.0,0.0,1.0,0.57,0.193,0.312,1.7,0,train
004430,5,1,0,5,1,0,0,8.232,14.943,2.02,0.107403,0.2,0.028,0.792,0.873,0.171,0.604,2.18,1,train
004431,5,2,1,4,0,1,0,22.701,38.759,0.7,0.008299,0.333,0.0,0.767,0.713,0.257,0.569,2.23,0,train
004432,3,1,0,3,1,1,0,12.911,21.571,1.9,0.051533,0.333,0.0,0.767,0.765,0.234,0.594,1.41,0,train
004433,7,3,1,6,2,0,1,5.554,26.848,3.17,0.151483,0.19,0.119,0.357,0.887,0.404,0.65,3.1,1,train
004434,4,1,0,4,1,0,1,5.629,19.269,1.07,0.086472,0.0,0.237,0.383,0.97,0.353,0.618,2.26,0,validation
004435,7,1,0,5,0,1,0,23.261,48.05,0.22,0.022671,0.238,0.0,0.65,0.627,0.36,0.451,2.15,0,train
004436,4,1,1,3,1,0,0,19.787,38.908,0.52,0.010073,0.0,0.0,1.0,0.895,0.047,0.584,1.97,0,train
004437,1,1,0,1,1,0,0,14.44,14.44,2.27,0.035017,0.333,0.0,0.883,0.84,0.136,0.567,0.34,0,test
004438,2,2,0,1,0,0,0,26.868,36.021,3.35,0.005663,0.0,0.0,1.0,0.858,0.064,0.401,1.68,0,validation
004439,3,3,0,3,2,0,0,14.091,28.939,1.9,0.028079,0.0,0.0,1.0,0.925,0.034,0.54,1.88,0,train
004440,7,7,0,7,4,2,0,8.708,25.534,1.92,0.112515,0.286,0.0,0.767,0.787,0.224,0.537,1.93,1,test
004441,2,2,0,2,1,0,0,8.181,41.156,3.38,0.139782,0.0,0.085,0.889,0.957,0.08,0.545,1.99,1,train
004442,7,4,4,3,4,1,2,5.668,17.078,0.92,0.097044,0.19,0.206,0.0,0.72,0.676,0.687,2.76,1,train
004443,10,7,9,1,5,1,2,4.987,13.872,2.01,0.095831,0.167,0.121,0.345,0.724,0.485,0.793,2.17,1,train
004444,5,3,0,5,2,1,0,7.292,30.946,2.4,0.164687,0.2,0.048,0.611,0.795,0.307,0.584,2.88,1,validation
004445,2,1,0,2,0,0,0,46.981,58.458,0.27,0.006724,0.0,0.0,1.0,0.751,0.112,0.428,1.81,0,validation
004446,3,0,1,2,0,0,0,7.896,23.703,3.58,0.152606,0.0,0.103,0.798,0.958,0.13,0.552,2.06,0,train
004447,12,1,0,11,0,2,1,6.628,29.281,0.64,0.085531,0.278,0.077,0.208,0.798,0.527,0.605,1.57,0,train
004448,1,1,0,1,0,0,0,28.747,28.747,3.27,0.005534,0.0,0.0,1.0,0.848,0.068,0.399,1.7,0,train
004449,1,1,1,0,1,0,0,8.829,8.829,1.72,0.027282,0.0,0.0,1.0,0.953,0.021,0.743,3.01,1,train
004450,6,1,0,5,0,4,1,17.055,36.926,0.85,0.038491,0.722,0.102,0.403,0.66,0.481,0.547,2.94,0,train
004451,3,0,0,2,0,0,0,15.17,38.928,4.49,0.02194,0.0,0.0,1.0,0.92,0.036,0.479,1.71,0,test
004452,6,4,0,6,3,1,2,5.354,16.561,1.29,0.198536,0.222,0.193,0.195,0.722,0.568,0.713,2.12,1,test
004453,1,1,0,1,0,0,0,34.365,34.365,1.31,0.003564,0.0,0.0,1.0,0.818,0.082,0.451,1.74,0,train
004454,3,2,0,3,1,1,0,17.721,23.796,0.38,0.19853,0.222,0.027,0.715,0.74,0.274,0.582,1.57,0,train
004455,4,1,0,4,0,0,2,6.077,27.444,2.61,0.216948,0.167,0.372,0.259,0.884,0.459,0.616,1.69,0,train
004456,2,0,0,2,0,0,0,19.661,33.001,3.59,0.068608,0.0,0.0,1.0,0.896,0.047,0.449,1.94,0,test
004457,2,1,0,2,1,0,0,23.313,35.303,3.49,0.011766,0.167,0.0,0.883,0.793,0.157,0.425,1.71,0,test
004458,5,0,0,5,0,0,0,8.422,30.034,3.55,0.119228,0.2,0.016,0.831,0.872,0.15,0.53,1.8,0,validation
004459,3,1,1,2,1,0,0,21.294,37.347,0.77,0.008331,0.111,0.0,0.883,0.804,0.152,0.563,2.14,0,test
004460,2,1,0,2,0,0,0,45.527,66.449,1.24,0.006623,0.0,0.0,1.0,0.759,0.108,0.383,1.74,0,validation
004461,2,1,0,2,0,0,0,25.69,32.752,0.06,0.005494,0.167,0.0,0.883,0.781,0.163,0.566,1.68,0,train
004462,9,3,0,9,2,4,2,8.178,18.282,2.75,0.124877,0.481,0.162,0.078,0.707,0.639,0.626,2.97,1,validation
004463,5,4,0,5,3,1,0,8.142,21.453,0.44,0.117014,0.2,0.0,0.767,0.79,0.223,0.56,1.88,1,validation
004464,2,0,0,2,0,0,0,31.509,43.544,3.54,0.005599,0.167,0.0,0.883,0.75,0.177,0.37,1.66,0,train
004465,1,1,0,1,0,0,0,65.781,65.781,0.34,0.000777,0.0,0.0,1.0,0.652,0.157,0.424,1.65,0,validation
004466,6,1,0,5,0,0,1,10.33,36.046,0.91,0.043918,0.056,0.133,0.363,0.862,0.412,0.575,2.3,0,validation
004467,5,3,0,5,1,1,0,12.007,35.026,2.58,0.068969,0.267,0.0,0.767,0.77,0.232,0.504,1.88,0,train
004468,7,4,0,7,4,1,1,5.804,24.715,0.58,0.225365,0.286,0.073,0.435,0.803,0.399,0.648,2.42,1,train
004469,1,1,1,0,1,0,0,8.817,8.817,2.74,0.020399,0.0,0.0,1.0,0.953,0.021,0.696,0.29,1,train
004470,1,0,1,0,0,0,0,10.519,10.519,5.31,0.02058,0.0,0.0,1.0,0.944,0.025,0.65,0.55,0,train
004471,4,1,0,4,0,0,0,39.911,44.526,3.3,0.009273,0.167,0.0,0.883,0.705,0.197,0.314,2.08,0,train
004472,6,4,1,5,3,1,0,11.783,24.49,0.28,0.046919,0.222,0.0,0.767,0.771,0.231,0.715,1.75,1,validation
004473,5,3,0,5,1,0,0,11.632,44.179,0.06,0.042312,0.067,0.0,0.883,0.855,0.129,0.527,1.95,1,test
004474,12,8,11,1,6,2,0,5.291,13.784,1.86,0.087548,0.222,0.045,0.572,0.805,0.323,0.776,2.23,1,validation
004475,4,2,0,4,1,2,0,17.972,38.969,0.04,0.009299,0.333,0.0,0.767,0.738,0.246,0.624,1.63,0,train
004476,7,1,0,7,0,0,0,35.314,45.885,1.49,0.01062,0.19,0.01,0.838,0.73,0.211,0.408,2.17,0,validation
004477,4,1,0,4,0,0,0,26.053,42.452,0.42,0.009242,0.167,0.0,0.883,0.779,0.164,0.547,2.05,0,train
004478,7,0,0,7,0,2,1,13.597,38.257,6.95,0.046141,0.238,0.106,0.286,0.761,0.5,0.549,2.31,0,train
004479,8,0,0,7,0,5,2,18.055,32.886,6.02,0.020666,0.542,0.185,0.065,0.654,0.67,0.515,2.74,0,train
004480,5,2,0,4,0,0,0,40.556,57.773,0.51,0.004362,0.133,0.0,0.883,0.702,0.198,0.417,1.95,0,train
004481,8,1,0,8,0,1,1,9.011,24.481,0.27,0.160887,0.25,0.143,0.195,0.786,0.539,0.557,1.57,0,train
004482,1,1,1,0,1,0,0,8.598,8.598,0.55,0.023131,0.0,0.0,1.0,0.954,0.02,0.798,3.08,1,validation
004483,6,2,2,4,1,0,0,9.221,28.074,3.22,0.102004,0.111,0.0,0.883,0.868,0.124,0.671,2.04,1,test
004484,6,0,1,5,0,0,1,13.686,36.609,8.15,0.038559,0.056,0.122,0.409,0.844,0.395,0.547,2.28,0,train
004485,3,2,1,2,1,0,1,13.879,30.901,0.72,0.076138,0.0,0.32,0.376,0.927,0.376,0.642,2.21,1,train
004486,4,1,0,4,1,0,1,7.146,25.872,3.5,0.140861,0.167,0.092,0.643,0.879,0.251,0.562,3.12,1,validation
004487,6,4,5,1,4,2,0,11.623,14.489,2.2,0.058475,0.389,0.0,0.767,0.772,0.231,0.71,1.92,1,validation
004488,7,3,4,3,3,2,0,11.088,23.592,1.75,0.225513,0.286,0.0,0.767,0.775,0.23,0.704,2.79,1,validation
004489,2,0,0,2,0,1,0,13.951,16.65,6.01,0.064659,0.5,0.03,0.611,0.676,0.36,0.536,0.81,0,test
004490,3,0,1,2,0,0,0,19.823,29.965,6.91,0.014606,0.0,0.0,1.0,0.895,0.047,0.588,2.1,0,validation
004491,5,3,0,5,1,1,0,9.202,24.855,0.0,0.084369,0.333,0.0,0.65,0.701,0.327,0.581,2.94,1,train
004492,16,4,0,15,2,3,3,3.454,30.151,0.31,0.113098,0.25,0.177,0.0,0.732,0.671,0.668,2.49,1,test
004493,9,2,0,9,0,5,1,11.04,21.433,1.32,0.07148,0.444,0.049,0.364,0.692,0.489,0.576,2.88,0,train
004494,3,1,0,3,0,1,0,25.427,36.059,2.56,0.015625,0.222,0.0,0.767,0.699,0.264,0.41,2.05,0,train
004495,1,0,0,1,0,0,0,47.887,47.887,4.0,0.001247,0.0,0.0,1.0,0.746,0.114,0.28,1.57,0,validation
004496,11,2,0,11,2,7,0,10.135,27.124,3.35,0.102036,0.515,0.016,0.533,0.696,0.393,0.607,3.02,1,train
004497,1,0,0,1,0,0,0,22.275,22.275,8.83,0.020525,0.333,0.0,0.883,0.799,0.155,0.458,0.46,0,train
004498,2,1,0,2,0,0,0,41.084,49.02,0.56,0.009128,0.0,0.0,1.0,0.782,0.098,0.441,1.84,0,test
004499,10,2,2,8,0,2,3,11.94,34.85,2.64,0.035852,0.2,0.205,0.24,0.77,0.521,0.711,2.85,0,train
004500,8,2,0,8,0,4,2,7.262,31.403,1.22,0.051744,0.417,0.189,0.058,0.712,0.648,0.609,2.26,0,validation
004501,4,1,1,3,0,0,0,11.582,36.052,0.33,0.033611,0.0,0.0,1.0,0.939,0.028,0.643,2.0,0,test
004502,1,0,0,1,0,0,0,47.485,47.485,27.96,0.006981,0.333,0.0,0.883,0.665,0.215,0.307,0.19,0,train
004503,6,0,2,4,0,1,1,21.851,33.435,4.02,0.005224,0.222,0.147,0.195,0.718,0.57,0.597,2.7,0,train
004504,6,1,0,4,1,0,0,22.161,37.601,0.21,0.008801,0.111,0.0,0.883,0.799,0.154,0.583,2.07,0,train
004505,1,1,0,1,0,0,0,40.603,40.603,3.16,0.001881,0.0,0.0,1.0,0.785,0.097,0.325,1.61,0,test
004506,5,1,0,5,0,0,0,13.747,43.127,0.25,0.030653,0.067,0.0,0.883,0.844,0.134,0.509,2.11,0,test
004507,2,0,0,2,0,0,0,51.169,56.012,4.75,0.00353,0.167,0.0,0.883,0.646,0.224,0.307,1.68,0,test
004508,1,1,1,0,1,0,0,8.716,8.716,1.64,0.023058,0.0,0.0,1.0,0.954,0.021,0.747,2.96,1,train
004509,1,1,1,0,1,0,0,8.845,8.845,2.89,0.023974,0.0,0.0,1.0,0.953,0.021,0.689,0.44,1,train
004510,6,1,0,6,1,3,0,7.031,39.863,0.09,0.09976,0.389,0.0,0.767,0.796,0.22,0.689,2.68,1,train
004511,10,1,0,8,1,2,1,9.938,29.795,0.24,0.092371,0.233,0.084,0.221,0.781,0.527,0.617,1.57,0,train
004512,3,0,3,0,0,0,0,14.956,18.965,4.0,0.008141,0.0,0.0,1.0,0.921,0.036,0.62,2.95,0,train
004513,11,6,1,10,5,5,1,3.675,22.227,2.38,0.087571,0.394,0.091,0.117,0.814,0.57,0.744,2.53,1,train
004514,1,0,1,0,0,0,0,9.368,9.368,3.85,0.026558,0.0,0.0,1.0,0.95,0.022,0.658,0.4,0,train
004515,6,1,1,5,0,0,0,8.735,32.375,0.03,0.150514,0.056,0.078,0.76,0.87,0.19,0.615,2.3,0,train
004516,12,6,0,12,4,3,2,4.115,24.738,2.67,0.124193,0.278,0.165,0.123,0.812,0.567,0.657,2.41,1,validation
004517,9,1,0,8,0,3,1,7.547,25.473,0.79,0.1156,0.296,0.063,0.396,0.793,0.425,0.575,1.57,0,train
004518,9,2,0,9,1,2,2,3.582,15.503,0.54,0.181756,0.333,0.207,0.0,0.731,0.671,0.672,2.74,1,train
004519,13,1,0,12,1,4,0,11.953,34.177,0.37,0.069033,0.359,0.01,0.566,0.687,0.38,0.607,1.71,0,train
004520,10,4,2,8,2,0,2,3.899,33.97,1.69,0.132747,0.1,0.192,0.24,0.896,0.465,0.656,2.45,1,train
004521,1,1,1,0,1,0,0,7.811,7.811,0.09,0.021682,0.0,0.0,1.0,0.959,0.019,0.824,3.12,1,train
004522,1,1,0,1,0,0,0,56.175,56.175,2.25,0.001088,0.0,0.0,1.0,0.703,0.134,0.337,1.63,0,train
004523,1,0,0,1,0,0,0,37.387,37.387,4.86,0.00326,0.0,0.0,1.0,0.802,0.089,0.331,1.68,0,train
004524,2,0,1,1,0,0,0,38.991,43.841,4.19,0.001925,0.0,0.0,1.0,0.794,0.093,0.46,2.81,0,train
004525,7,1,0,7,0,1,1,25.072,50.712,0.3,0.007935,0.286,0.076,0.422,0.701,0.453,0.559,2.12,0,train
004526,5,2,0,4,1,1,0,8.19,28.249,1.85,0.040066,0.133,0.0,0.767,0.79,0.223,0.554,1.76,0,train
004527,14,11,13,1,11,1,1,4.865,14.252,0.63,0.212107,0.19,0.069,0.02,0.724,0.663,0.794,1.45,1,train
004528,7,0,0,5,0,0,0,35.794,52.144,13.12,0.016739,0.143,0.0,0.883,0.727,0.187,0.341,2.19,0,validation
004529,3,2,1,2,1,0,0,10.992,23.218,0.89,0.046549,0.0,0.0,1.0,0.942,0.026,0.56,1.8,1,test
004530,5,0,0,4,0,0,0,42.56,50.209,5.23,0.005787,0.2,0.0,0.883,0.691,0.203,0.319,3.07,0,test
004531,2,2,0,2,2,0,0,6.686,10.155,0.61,0.15978,0.167,0.135,0.708,0.881,0.214,0.634,2.17,1,train
004532,9,6,8,1,4,1,1,6.413,18.143,1.1,0.250901,0.111,0.081,0.292,0.799,0.48,0.736,2.32,1,train
004533,13,1,0,13,0,6,1,13.636,36.088,0.19,0.038485,0.359,0.062,0.24,0.761,0.525,0.541,2.35,0,train
004534,7,0,1,5,0,1,2,20.531,36.873,5.94,0.011251,0.238,0.187,0.143,0.641,0.633,0.586,2.29,0,train
004535,1,0,0,1,0,0,0,56.235,56.235,3.74,0.001153,0.0,0.0,1.0,0.702,0.134,0.28,1.64,0,train
004536,11,4,10,1,3,1,2,3.706,18.687,0.39,0.128203,0.212,0.157,0.266,0.814,0.487,0.809,3.08,1,train
004537,10,1,1,9,0,0,0,25.405,43.954,0.52,0.008461,0.2,0.0,0.883,0.782,0.162,0.547,2.51,0,train
004538,1,0,0,1,0,0,0,37.584,37.584,19.3,0.003253,0.0,0.0,1.0,0.801,0.09,0.329,1.54,0,test
004539,1,1,0,1,0,0,0,25.556,25.556,3.24,0.006271,0.0,0.0,1.0,0.865,0.061,0.422,1.7,0,test
004540,5,4,0,5,3,3,0,12.749,26.7,2.7,0.058812,0.4,0.0,0.767,0.766,0.234,0.532,1.85,1,train
004541,8,0,0,8,0,4,1,10.616,21.542,4.04,0.062172,0.375,0.1,0.247,0.777,0.515,0.573,3.02,0,train
004542,7,3,1,6,1,1,1,9.809,29.574,0.09,0.087688,0.19,0.07,0.448,0.781,0.402,0.604,2.68,0,test
004543,1,0,1,0,0,0,0,9.29,9.29,5.63,0.036484,0.0,0.03,0.981,0.951,0.033,0.66,0.6,0,train
004544,5,4,0,5,0,1,0,9.905,32.889,0.72,0.101986,0.2,0.05,0.604,0.781,0.316,0.534,2.13,0,train
004545,4,4,0,4,2,0,1,6.363,26.694,2.14,0.11893,0.167,0.188,0.396,0.883,0.385,0.599,2.13,1,validation
004546,1,0,1,0,0,0,0,9.977,9.977,5.64,0.03187,0.0,0.0,1.0,0.947,0.024,0.653,0.48,0,train
004547,2,1,0,2,0,0,0,21.296,46.748,1.74,0.016428,0.0,0.0,1.0,0.887,0.051,0.438,1.96,0,train
004548,6,2,0,5,0,0,0,25.894,51.413,0.74,0.018205,0.167,0.0,0.883,0.78,0.163,0.434,2.17,0,test
004549,9,6,2,7,5,0,3,5.167,15.427,0.62,0.148088,0.111,0.232,0.37,0.889,0.396,0.747,2.25,1,validation
004550,2,0,0,2,0,0,0,17.028,19.044,5.66,0.041933,0.333,0.025,0.851,0.827,0.16,0.493,2.14,0,train
004551,8,3,3,5,1,1,1,7.119,32.25,2.5,0.105631,0.125,0.105,0.221,0.796,0.521,0.6,1.82,0,test
004552,5,1,1,4,1,3,0,10.422,21.747,1.94,0.057,0.4,0.0,0.767,0.778,0.228,0.582,1.91,1,train
004553,10,5,1,9,2,2,2,4.125,33.513,1.12,0.111227,0.3,0.156,0.123,0.811,0.567,0.676,3.12,1,test
004554,5,0,0,5,0,3,0,21.402,30.832,6.18,0.02226,0.467,0.0,0.767,0.72,0.254,0.464,2.95,0,train
004555,9,7,0,9,3,2,2,5.765,24.668,0.25,0.176573,0.222,0.152,0.162,0.803,0.55,0.618,2.36,1,train
004556,3,1,0,3,0,0,0,21.192,38.519,0.3,0.030131,0.222,0.007,0.87,0.804,0.159,0.467,2.2,0,train
004557,4,1,0,4,0,1,0,28.689,46.953,0.04,0.051718,0.333,0.0,0.65,0.598,0.373,0.469,2.02,0,train
004558,7,4,1,6,2,1,0,13.549,23.18,0.46,0.025507,0.238,0.0,0.767,0.762,0.236,0.749,1.88,1,validation
004559,1,1,0,1,1,0,0,11.228,11.228,2.15,0.039784,0.0,0.0,1.0,0.941,0.027,0.567,1.53,1,train
004560,13,1,0,13,0,5,1,6.24,33.194,0.15,0.106822,0.385,0.058,0.273,0.8,0.49,0.599,1.8,0,test
004561,6,1,1,5,0,0,0,18.288,50.577,3.19,0.032829,0.111,0.047,0.701,0.82,0.245,0.48,3.11,0,train
004562,7,6,6,1,5,0,1,5.872,17.53,0.27,0.370934,0.0,0.116,0.473,0.969,0.304,0.763,2.3,1,train
004563,6,2,0,6,0,0,0,15.403,44.264,2.22,0.063568,0.167,0.0,0.883,0.835,0.138,0.477,2.44,0,train
004564,1,1,1,0,1,0,0,9.858,9.858,3.24,0.016983,0.0,0.0,1.0,0.948,0.023,0.666,2.78,1,train
004565,2,2,0,1,0,0,0,30.778,39.514,2.32,0.004957,0.0,0.0,1.0,0.837,0.073,0.429,1.86,0,test
004566,1,1,0,1,0,0,0,41.33,41.33,0.12,0.001918,0.0,0.0,1.0,0.781,0.098,0.459,1.57,0,test
004567,6,3,4,2,0,0,0,33.55,46.9,0.76,0.00902,0.167,0.0,0.883,0.739,0.182,0.572,3.07,0,train
004568,2,0,0,2,0,1,0,58.947,64.772,4.7,0.002633,0.5,0.0,0.65,0.438,0.445,0.36,1.71,0,train
004569,5,1,3,2,1,0,3,4.612,16.394,3.17,0.109761,0.067,0.472,0.233,0.892,0.47,0.693,1.6,1,train
004570,2,0,1,1,0,0,0,33.497,37.784,3.72,0.003321,0.0,0.0,1.0,0.823,0.08,0.44,1.7,0,train
004571,6,5,0,6,3,2,0,8.434,21.955,0.54,0.10162,0.278,0.0,0.767,0.789,0.223,0.57,1.85,1,train
004572,9,3,0,9,2,1,1,7.104,24.511,1.67,0.160525,0.259,0.093,0.266,0.712,0.533,0.58,2.07,0,train
004573,2,0,0,2,0,0,0,29.274,42.252,12.69,0.011505,0.0,0.0,1.0,0.845,0.07,0.385,2.01,0,train
004574,4,1,0,3,0,1,0,31.319,51.034,0.07,0.022179,0.25,0.0,0.65,0.584,0.38,0.437,2.14,0,train
004575,2,0,0,2,0,0,0,36.057,36.71,19.2,0.009691,0.333,0.0,0.883,0.726,0.188,0.366,1.1,0,train
004576,5,2,0,4,0,0,0,37.535,56.609,0.56,0.005357,0.133,0.0,0.883,0.718,0.191,0.414,1.98,0,test
004577,3,0,0,3,0,0,0,36.091,47.159,5.8,0.005483,0.111,0.0,0.883,0.726,0.188,0.339,2.45,0,train
004578,9,0,0,9,0,4,1,7.249,19.73,3.69,0.143641,0.407,0.051,0.468,0.795,0.385,0.595,2.08,0,train
004579,2,1,0,2,0,0,0,46.876,55.898,1.22,0.007326,0.167,0.0,0.883,0.669,0.213,0.384,1.91,0,train
004580,1,1,1,0,1,0,0,8.759,8.759,2.23,0.014184,0.0,0.0,1.0,0.954,0.021,0.72,0.3,1,train
004581,4,1,0,4,0,0,0,45.826,66.737,3.18,0.007584,0.083,0.0,0.883,0.674,0.211,0.307,2.26,0,train
004582,2,1,0,2,0,0,0,47.561,52.499,1.41,0.001094,0.0,0.0,1.0,0.748,0.113,0.376,1.57,0,train
004583,10,5,10,0,1,2,0,11.268,26.695,0.39,0.018046,0.4,0.0,0.65,0.69,0.332,0.833,3.1,1,train
004584,6,3,2,4,0,1,1,23.378,36.496,1.21,0.007076,0.222,0.127,0.273,0.71,0.531,0.614,2.59,0,train
004585,4,0,0,4,0,1,1,17.385,23.254,9.8,0.074791,0.25,0.195,0.26,0.741,0.524,0.516,2.74,0,validation
004586,3,1,0,3,1,0,0,20.941,24.992,0.24,0.010586,0.111,0.0,0.883,0.806,0.152,0.589,2.02,0,validation
004587,8,3,0,8,3,1,2,5.177,17.786,0.22,0.394581,0.167,0.239,0.117,0.806,0.573,0.671,2.06,1,test
004588,7,2,2,5,0,5,1,14.137,25.135,1.68,0.094152,0.571,0.053,0.409,0.675,0.471,0.674,2.95,0,train
004589,1,0,0,1,0,0,0,18.246,18.246,9.43,0.040078,0.0,0.0,1.0,0.903,0.043,0.458,0.71,0,test
004590,2,1,0,2,1,0,1,20.271,21.774,0.22,0.010297,0.0,0.36,0.532,0.893,0.306,0.595,2.3,0,train
004591,1,1,0,1,0,0,0,74.13,74.13,1.19,0.000447,0.0,0.0,1.0,0.608,0.177,0.386,1.59,0,validation
004592,4,3,0,4,2,1,0,13.465,26.378,1.12,0.063571,0.333,0.043,0.539,0.679,0.398,0.584,1.71,0,test
004593,7,0,0,7,0,3,2,8.74,23.582,4.36,0.086273,0.476,0.161,0.162,0.704,0.594,0.621,3.12,0,train
004594,1,1,1,0,1,0,0,8.68,8.68,0.42,0.019158,0.0,0.0,1.0,0.954,0.021,0.803,1.52,1,test
004595,1,0,1,0,0,0,0,8.928,8.928,4.45,0.035973,0.333,0.0,0.883,0.869,0.123,0.687,2.48,0,train
004596,4,1,0,4,0,0,1,13.776,26.894,0.85,0.054967,0.25,0.09,0.649,0.844,0.263,0.544,2.18,0,train
004597,2,0,1,1,0,0,1,9.095,11.962,4.71,0.054877,0.167,0.345,0.435,0.869,0.37,0.686,2.56,0,test
004598,5,3,0,5,3,1,2,3.015,17.83,1.4,0.136706,0.133,0.348,0.117,0.817,0.568,0.662,3.07,1,train
004599,4,1,0,4,0,0,0,19.482,42.725,0.52,0.023216,0.167,0.0,0.883,0.814,0.148,0.477,1.99,0,train
004600,1,1,0,1,1,0,0,19.892,19.892,2.83,0.012715,0.0,0.0,1.0,0.895,0.047,0.478,1.77,0,train
004601,6,0,0,6,0,2,0,18.165,40.247,7.32,0.036895,0.278,0.0,0.767,0.737,0.247,0.459,2.11,0,validation
004602,5,4,5,0,4,0,0,10.782,16.074,2.86,0.013636,0.0,0.0,1.0,0.943,0.026,0.648,2.21,1,train
004603,10,5,0,10,3,1,1,5.619,25.798,3.1,0.143402,0.267,0.081,0.24,0.804,0.506,0.618,2.46,1,validation
004604,12,4,2,10,3,9,0,16.199,30.341,0.36,0.021141,0.611,0.0,0.65,0.664,0.344,0.692,2.81,1,train
004605,1,1,1,0,1,0,0,9.21,9.21,2.62,0.022584,0.0,0.0,1.0,0.951,0.022,0.699,0.29,1,test
004606,4,1,0,4,0,0,0,42.155,46.351,3.21,0.00946,0.167,0.0,0.883,0.693,0.202,0.312,2.08,0,train
004607,4,1,0,4,0,0,0,25.727,46.214,0.62,0.009952,0.167,0.0,0.883,0.78,0.163,0.54,2.02,0,test
004608,2,1,0,1,0,0,0,36.902,46.112,1.76,0.002568,0.0,0.0,1.0,0.805,0.088,0.414,1.6,0,validation
004609,6,0,0,6,0,3,1,12.869,22.388,3.83,0.049681,0.444,0.118,0.189,0.682,0.589,0.566,1.99,0,train
004610,8,1,0,8,0,2,1,8.382,31.107,2.06,0.063047,0.333,0.117,0.156,0.789,0.559,0.599,2.96,0,test
004611,3,2,0,3,0,1,0,32.445,51.398,0.11,0.010971,0.333,0.0,0.65,0.578,0.382,0.444,2.0,0,train
004612,4,2,0,4,0,1,1,24.489,42.209,0.29,0.0092,0.167,0.152,0.37,0.704,0.48,0.48,2.26,0,train
004613,3,0,1,2,0,0,0,18.341,33.79,3.86,0.016366,0.111,0.0,0.883,0.82,0.145,0.471,1.9,0,test
004614,12,1,0,12,0,2,2,7.042,34.99,0.09,0.088425,0.278,0.103,0.364,0.796,0.442,0.583,2.22,0,train
004615,2,1,0,2,0,0,0,36.613,52.06,1.92,0.00326,0.0,0.0,1.0,0.806,0.087,0.352,1.77,0,train
004616,11,4,0,11,2,8,1,7.082,25.48,0.04,0.108428,0.606,0.068,0.162,0.713,0.59,0.673,2.36,1,validation
004617,8,2,0,8,0,3,1,9.527,36.28,1.51,0.208183,0.292,0.055,0.39,0.7,0.471,0.548,2.48,0,test
004618,2,1,0,1,0,0,0,17.123,26.185,2.47,0.017815,0.0,0.0,1.0,0.909,0.041,0.466,1.78,0,train
004619,4,4,4,0,4,0,0,6.152,9.091,0.54,0.055145,0.0,0.022,0.942,0.967,0.047,0.791,1.33,1,train
004620,5,5,0,5,3,1,1,4.147,24.863,2.17,0.124809,0.333,0.184,0.052,0.728,0.644,0.675,2.12,1,train
004621,13,1,0,13,0,4,1,5.486,32.07,0.15,0.133295,0.333,0.075,0.136,0.804,0.563,0.621,1.82,0,test
004622,6,2,0,6,1,4,0,13.924,31.867,1.46,0.033377,0.444,0.0,0.767,0.76,0.237,0.519,2.97,0,validation
004623,1,0,0,1,0,0,0,53.429,53.429,7.91,0.002355,0.0,0.0,1.0,0.717,0.127,0.28,2.0,0,test
004624,7,3,1,6,1,0,0,17.096,33.367,0.88,0.031175,0.143,0.039,0.708,0.826,0.239,0.503,2.94,0,validation
004625,4,1,0,4,0,0,0,22.195,43.777,0.34,0.039198,0.0,0.0,1.0,0.882,0.053,0.498,1.73,0,train
004626,3,0,0,3,0,0,0,16.7,22.409,9.41,0.054569,0.111,0.09,0.708,0.828,0.238,0.49,2.26,0,train
004627,2,1,2,0,1,0,0,4.872,8.037,0.56,0.050756,0.0,0.115,0.851,0.974,0.094,0.84,1.7,1,test
004628,1,0,0,1,0,0,0,68.783,68.783,6.01,0.000746,0.0,0.0,1.0,0.636,0.164,0.28,1.63,0,train
004629,2,0,0,2,0,0,0,16.447,24.29,3.59,0.12631,0.0,0.0,1.0,0.913,0.039,0.47,2.09,0,test
004630,4,1,1,3,0,2,0,20.967,43.437,0.6,0.024955,0.5,0.052,0.514,0.639,0.43,0.66,2.2,0,validation
004631,14,1,0,14,0,7,1,7.068,35.6,0.21,0.112659,0.429,0.036,0.435,0.796,0.402,0.574,1.77,0,validation
004632,5,1,0,5,0,1,1,4.739,19.844,0.63,0.084117,0.333,0.2,0.0,0.725,0.674,0.708,2.5,0,train
004633,13,2,0,13,1,9,2,6.212,22.621,2.72,0.196228,0.513,0.11,0.28,0.717,0.524,0.617,2.89,1,test
004634,2,0,1,1,0,0,1,8.648,11.732,3.54,0.053122,0.0,0.345,0.552,0.954,0.267,0.662,0.84,0,validation
004635,6,2,0,6,0,0,1,9.727,37.37,2.61,0.058642,0.167,0.15,0.298,0.865,0.447,0.587,2.45,0,train
004636,9,8,0,9,5,3,2,6.738,24.167,2.75,0.17725,0.333,0.088,0.487,0.798,0.373,0.596,2.04,1,validation
004637,10,6,1,9,2,1,2,6.408,25.345,0.14,0.100926,0.233,0.091,0.435,0.799,0.401,0.718,2.15,1,train
004638,1,0,0,1,0,0,0,41.757,41.757,16.0,0.003529,0.0,0.0,1.0,0.779,0.099,0.302,1.92,0,train
004639,6,5,1,5,2,3,0,10.038,32.121,0.17,0.073709,0.333,0.0,0.767,0.78,0.227,0.545,1.85,1,train
004640,10,6,0,10,5,4,2,4.14,20.611,1.81,0.110753,0.367,0.192,0.123,0.811,0.567,0.653,3.01,1,train
004641,1,0,0,1,0,0,0,49.925,49.925,5.94,0.00159,0.0,0.0,1.0,0.736,0.119,0.28,1.66,0,test
004642,2,0,0,2,0,0,0,22.687,45.075,6.8,0.019807,0.333,0.0,0.883,0.797,0.156,0.455,2.82,0,validation
004643,9,0,0,9,0,7,1,10.33,24.583,4.52,0.104887,0.593,0.043,0.513,0.779,0.367,0.569,2.86,0,train
004644,4,1,0,4,0,0,0,26.582,47.624,1.94,0.010941,0.167,0.0,0.883,0.776,0.165,0.429,1.89,0,test
004645,3,1,0,3,1,0,0,20.523,34.649,0.73,0.010872,0.0,0.0,1.0,0.891,0.049,0.57,1.9,0,train
004646,1,0,1,0,0,0,0,9.573,9.573,5.45,0.030137,0.333,0.0,0.883,0.866,0.124,0.683,2.54,0,validation
004647,3,0,3,0,0,2,0,18.904,32.609,4.11,0.004384,0.667,0.0,0.65,0.65,0.35,0.594,1.87,0,train
004648,8,2,0,8,1,2,0,12.011,27.147,0.9,0.044276,0.25,0.0,0.767,0.77,0.232,0.504,1.57,0,train
004649,2,1,0,2,0,0,0,36.615,41.263,0.26,0.004492,0.167,0.0,0.883,0.723,0.189,0.428,1.9,0,train
004650,4,1,0,3,0,3,0,22.516,37.474,1.44,0.014466,0.833,0.0,0.65,0.631,0.359,0.568,1.65,0,validation
004651,5,2,2,3,2,2,1,5.035,12.728,0.46,0.225267,0.4,0.2,0.117,0.807,0.573,0.819,2.68,1,test
004652,7,0,0,7,0,4,1,7.081,23.28,3.62,0.143955,0.476,0.096,0.28,0.713,0.526,0.605,2.06,0,validation
004653,11,3,0,8,3,3,3,12.216,21.709,0.05,0.048466,0.333,0.159,0.149,0.685,0.609,0.664,2.47,1,train
004654,5,2,0,5,1,1,1,10.477,24.498,0.18,0.098493,0.133,0.112,0.403,0.778,0.428,0.555,2.31,0,train
004655,1,1,0,1,1,0,0,24.576,24.576,2.17,0.006253,0.0,0.0,1.0,0.87,0.059,0.477,1.69,0,train
004656,1,1,0,1,1,0,0,9.241,9.241,3.33,0.105114,0.0,0.0,1.0,0.951,0.022,0.526,1.91,1,train
004657,5,2,3,2,1,1,0,5.258,20.105,1.14,0.123987,0.267,0.064,0.559,0.805,0.33,0.775,2.05,1,train
004658,5,1,0,4,0,0,0,31.73,53.057,0.27,0.008946,0.067,0.0,0.883,0.749,0.177,0.438,2.1,0,test
004659,8,1,0,8,1,4,0,7.021,35.322,0.09,0.099982,0.375,0.0,0.767,0.796,0.22,0.689,3.07,1,train
004660,4,1,0,4,1,3,0,21.736,35.636,1.34,0.082288,0.667,0.0,0.65,0.635,0.357,0.603,2.0,1,train
004661,6,1,0,6,0,1,0,25.392,47.951,0.34,0.011536,0.278,0.023,0.676,0.699,0.314,0.555,2.09,0,test
004662,5,1,1,4,1,3,0,9.602,21.859,2.1,0.075994,0.4,0.0,0.767,0.782,0.226,0.58,1.97,1,train
004663,7,1,0,7,1,1,1,3.89,39.3,3.33,0.05019,0.333,0.143,0.0,0.729,0.672,0.722,2.96,1,test
004664,5,0,0,5,0,0,0,17.777,40.597,7.24,0.05242,0.067,0.0,0.883,0.823,0.144,0.461,2.12,0,test
004665,9,4,8,1,4,0,1,3.931,15.033,0.65,0.1231,0.111,0.086,0.383,0.896,0.386,0.813,2.17,1,train
004666,10,6,0,10,3,2,1,6.145,26.817,2.12,0.184378,0.3,0.056,0.403,0.801,0.418,0.617,2.03,1,train
004667,4,0,0,4,0,3,0,14.53,27.225,3.55,0.02194,0.5,0.0,0.767,0.756,0.238,0.501,1.77,0,test
004668,8,1,0,8,1,3,1,21.13,32.522,2.87,0.014265,0.5,0.071,0.332,0.638,0.531,0.476,1.86,0,validation
004669,2,1,0,2,0,0,0,36.448,42.06,0.49,0.003649,0.167,0.0,0.883,0.724,0.188,0.418,1.78,0,validation
004670,4,1,0,4,0,0,0,29.528,55.803,0.68,0.004279,0.083,0.0,0.883,0.76,0.172,0.512,2.11,0,test
004671,4,1,0,4,1,0,1,14.4,24.871,0.0,0.336523,0.0,0.147,0.617,0.924,0.245,0.595,1.54,0,train
004672,7,6,0,7,2,3,0,15.827,29.028,0.73,0.040496,0.476,0.0,0.65,0.666,0.343,0.591,2.8,1,train
004673,8,1,0,8,1,2,1,9.566,33.487,0.9,0.075344,0.375,0.092,0.286,0.783,0.491,0.602,2.73,0,validation
004674,1,1,1,0,1,0,0,9.041,9.041,1.28,0.015871,0.0,0.0,1.0,0.952,0.022,0.761,1.7,1,train
004675,2,0,0,2,0,0,0,60.079,60.659,3.64,0.002883,0.0,0.0,1.0,0.682,0.143,0.28,1.83,0,train
004676,1,0,0,1,0,0,0,36.336,36.336,8.28,0.006486,0.333,0.0,0.883,0.724,0.188,0.364,2.96,0,test
004677,6,1,0,6,1,2,0,7.011,44.79,0.1,0.099589,0.278,0.053,0.449,0.713,0.433,0.689,2.58,1,train
004678,1,1,0,1,0,0,0,63.84,63.84,0.04,0.000682,0.0,0.0,1.0,0.662,0.152,0.438,1.57,0,train
004679,1,1,1,0,1,0,0,7.696,7.696,1.77,0.020655,0.0,0.0,1.0,0.959,0.018,0.748,2.92,1,train
004680,3,1,0,3,0,0,0,29.143,53.669,1.78,0.006887,0.0,0.0,1.0,0.846,0.069,0.386,1.82,0,train
004681,3,1,0,3,0,0,0,45.076,54.715,1.79,0.008774,0.111,0.0,0.883,0.678,0.209,0.358,1.94,0,validation
004682,10,2,0,10,1,2,1,10.672,28.798,0.92,0.062546,0.3,0.1,0.182,0.777,0.551,0.581,1.57,1,train
004683,2,0,0,2,0,1,0,49.549,60.461,3.65,0.003834,0.5,0.0,0.65,0.488,0.423,0.36,1.72,0,train
004684,14,4,0,14,0,3,2,5.757,31.708,2.33,0.091345,0.286,0.124,0.13,0.803,0.567,0.62,2.35,0,test
004685,10,5,1,9,4,5,0,7.835,22.882,2.15,0.111801,0.433,0.016,0.663,0.792,0.279,0.714,1.96,1,train
004686,14,3,0,13,1,4,1,7.667,34.244,1.71,0.081174,0.31,0.056,0.26,0.793,0.5,0.591,1.77,0,test
004687,2,1,0,2,0,0,0,43.825,73.769,1.13,0.003667,0.167,0.0,0.883,0.685,0.206,0.396,1.7,0,test
004688,4,2,0,4,1,2,1,4.609,31.822,1.52,0.071019,0.5,0.245,0.013,0.726,0.666,0.711,3.04,1,train
004689,9,6,0,9,3,5,1,6.158,18.491,2.76,0.188622,0.407,0.117,0.201,0.801,0.529,0.609,1.9,1,validation
004690,4,1,1,3,1,0,0,24.96,44.614,0.69,0.00561,0.083,0.0,0.883,0.785,0.161,0.542,1.88,0,train
004691,9,2,0,9,1,6,2,6.543,21.535,1.95,0.191191,0.519,0.147,0.221,0.715,0.557,0.644,2.92,1,train
004692,7,2,5,2,0,0,0,27.594,39.693,0.23,0.01541,0.143,0.0,0.883,0.771,0.167,0.569,2.91,0,train
004693,4,0,1,3,0,3,1,12.68,32.392,6.05,0.138285,0.75,0.25,0.0,0.683,0.693,0.676,2.42,0,train
004694,5,2,0,5,2,1,1,6.193,20.657,0.48,0.368293,0.267,0.2,0.117,0.801,0.576,0.619,1.57,0,train
004695,1,0,0,1,0,0,0,24.793,24.793,3.53,0.006777,0.0,0.0,1.0,0.869,0.059,0.415,1.74,0,train
004696,1,1,1,0,1,0,0,9.018,9.018,1.57,0.031085,0.0,0.0,1.0,0.952,0.021,0.748,2.98,1,train
004697,3,1,0,3,0,0,0,31.704,47.175,0.32,0.010845,0.222,0.0,0.883,0.749,0.177,0.425,1.82,0,validation
004698,4,1,0,4,0,0,1,20.675,51.915,0.28,0.194187,0.167,0.09,0.649,0.807,0.28,0.498,1.58,0,train
004699,2,0,0,2,0,1,0,36.239,44.498,12.56,0.026998,0.5,0.0,0.65,0.558,0.391,0.418,2.04,0,train
004700,7,7,0,7,4,4,0,13.559,27.839,2.42,0.024884,0.429,0.0,0.767,0.762,0.236,0.521,1.77,1,validation
004701,10,5,0,10,4,3,1,4.504,26.264,0.55,0.123926,0.367,0.098,0.013,0.726,0.666,0.642,2.28,1,train
004702,3,1,0,3,0,0,0,31.608,42.04,0.69,0.008995,0.0,0.087,0.831,0.833,0.168,0.498,1.99,0,train
004703,5,0,0,5,0,0,0,20.841,36.624,8.74,0.017794,0.2,0.0,0.883,0.806,0.151,0.441,1.97,0,train
004704,19,3,13,6,1,6,0,16.117,29.407,0.71,0.016627,0.281,0.003,0.734,0.748,0.26,0.646,2.83,0,test
004705,3,0,0,3,0,1,0,47.307,50.636,13.89,0.020418,0.444,0.0,0.65,0.5,0.418,0.36,2.0,0,test
004706,2,0,1,1,0,0,0,23.537,32.623,6.91,0.0047,0.167,0.0,0.883,0.792,0.158,0.59,1.95,0,train
004707,12,1,0,12,0,6,0,16.787,37.682,0.18,0.032484,0.361,0.012,0.669,0.744,0.297,0.53,2.23,0,train
004708,10,0,0,10,0,4,1,6.555,22.088,3.58,0.131079,0.367,0.07,0.312,0.799,0.469,0.592,2.21,0,train
004709,1,0,0,1,0,0,0,12.176,12.176,5.66,0.089707,0.333,0.0,0.883,0.852,0.131,0.525,2.05,0,train
004710,7,6,1,6,3,1,0,6.821,24.571,0.47,0.165571,0.238,0.043,0.455,0.714,0.429,0.707,2.79,1,validation
004711,6,2,0,6,2,1,0,9.437,18.623,3.07,0.099773,0.278,0.0,0.767,0.783,0.226,0.525,1.95,1,train
004712,7,1,5,2,1,1,0,14.112,20.216,2.22,0.03645,0.095,0.0,0.767,0.759,0.237,0.626,2.8,1,train
004713,12,5,1,11,2,7,0,7.03,30.617,2.32,0.162604,0.444,0.015,0.65,0.796,0.284,0.582,2.82,1,test
004714,5,1,0,5,0,1,1,27.381,55.29,0.64,0.010747,0.267,0.126,0.24,0.605,0.595,0.424,2.74,0,validation
004715,9,1,0,8,0,1,1,12.501,31.041,0.73,0.042162,0.222,0.069,0.364,0.767,0.455,0.542,1.57,0,train
004716,10,8,0,10,4,2,2,4.116,27.125,0.78,0.125574,0.267,0.172,0.13,0.812,0.563,0.655,2.33,1,train
004717,5,3,2,3,3,2,1,4.011,11.809,0.72,0.225886,0.4,0.2,0.117,0.812,0.57,0.813,2.65,1,test
004718,4,2,0,4,0,1,0,22.196,53.092,0.22,0.033593,0.25,0.052,0.514,0.632,0.433,0.529,2.19,0,train
004719,7,5,0,7,3,2,1,8.549,21.235,0.38,0.097927,0.238,0.09,0.357,0.788,0.449,0.564,2.26,1,train
004720,8,3,5,3,3,0,2,4.612,21.099,1.15,0.110118,0.125,0.179,0.259,0.892,0.456,0.777,1.65,1,train
004721,5,5,0,5,3,1,0,9.041,23.506,3.04,0.080497,0.2,0.0,0.767,0.785,0.225,0.534,1.91,1,train
004722,8,7,6,2,5,6,1,4.272,20.79,1.74,0.049369,0.583,0.083,0.221,0.727,0.551,0.867,2.6,1,train
004723,1,1,1,0,1,0,0,9.746,9.746,0.55,0.014687,0.0,0.0,1.0,0.948,0.023,0.79,1.53,1,test
004724,1,1,1,0,1,0,0,8.977,8.977,0.7,0.031552,0.0,0.0,1.0,0.952,0.021,0.788,2.93,1,train
004725,5,2,0,4,0,2,0,29.397,55.364,0.39,0.013092,0.467,0.032,0.546,0.594,0.432,0.477,2.23,0,test
004726,3,0,0,3,0,1,0,64.435,68.896,14.14,0.008021,0.444,0.0,0.65,0.409,0.459,0.36,1.89,0,train
004727,2,2,0,2,2,0,0,8.929,12.605,2.64,0.085484,0.167,0.0,0.883,0.869,0.123,0.56,1.78,1,train
004728,2,1,0,2,1,0,0,19.941,22.875,0.22,0.020556,0.0,0.05,0.935,0.894,0.083,0.597,2.2,0,test
004729,3,0,2,0,0,0,0,15.311,20.765,5.12,0.007747,0.0,0.0,1.0,0.919,0.036,0.587,2.02,0,train
004730,8,1,0,8,0,2,1,9.967,33.364,2.11,0.088349,0.333,0.077,0.364,0.781,0.449,0.563,2.97,0,train
004731,1,1,1,0,1,0,0,7.982,7.982,3.36,0.038371,0.0,0.0,1.0,0.958,0.019,0.673,0.49,1,train
004732,2,2,0,2,1,1,0,8.871,34.346,0.3,0.109057,0.5,0.01,0.637,0.703,0.333,0.549,1.87,1,train
004733,1,0,1,0,0,0,0,9.916,9.916,4.97,0.021737,0.0,0.0,1.0,0.948,0.024,0.654,0.6,0,test
004734,6,3,0,5,1,1,1,4.828,22.842,0.01,0.128073,0.222,0.153,0.169,0.808,0.544,0.637,2.87,1,test
004735,10,2,0,10,1,4,1,9.948,19.915,3.1,0.083568,0.433,0.052,0.429,0.781,0.413,0.582,2.79,0,validation
004736,4,0,1,3,0,0,1,4.755,19.158,3.76,0.151424,0.0,0.25,0.35,0.975,0.369,0.632,1.68,0,train
004737,2,1,1,1,1,0,0,9.222,22.625,0.2,0.055252,0.0,0.0,1.0,0.951,0.022,0.669,1.59,1,train
004738,3,1,0,3,0,0,0,39.36,45.506,2.22,0.005171,0.0,0.0,1.0,0.792,0.094,0.339,2.02,0,train
004739,8,8,0,7,6,2,0,8.329,22.423,2.13,0.122086,0.25,0.016,0.695,0.789,0.263,0.581,1.86,1,train
004740,12,6,11,1,5,3,0,11.779,17.636,1.01,0.016005,0.306,0.011,0.566,0.688,0.38,0.737,2.5,1,train
004741,2,1,0,2,1,1,0,19.952,23.656,3.4,0.010851,0.333,0.0,0.767,0.728,0.251,0.452,1.69,0,train
004742,8,1,0,8,0,0,0,15.36,29.224,0.4,0.041658,0.167,0.0,0.883,0.835,0.138,0.541,1.57,0,test
004743,12,1,0,11,0,2,2,5.676,28.12,0.64,0.053584,0.278,0.11,0.136,0.803,0.564,0.62,1.57,0,train
004744,2,1,0,2,0,0,0,75.953,78.467,0.7,0.001759,0.0,0.0,1.0,0.598,0.181,0.408,1.58,0,train
004745,4,1,2,2,0,2,0,8.56,19.652,0.56,0.026826,0.417,0.0,0.767,0.788,0.224,0.716,2.06,0,train
004746,2,0,0,1,0,0,0,63.256,64.306,13.45,0.002336,0.167,0.0,0.883,0.582,0.252,0.28,2.54,0,validation
004747,20,8,16,4,7,1,0,7.385,20.07,0.2,0.058221,0.2,0.005,0.702,0.794,0.257,0.816,2.27,1,test
004748,9,2,0,9,1,6,1,7.955,22.966,1.93,0.155924,0.519,0.057,0.377,0.708,0.474,0.617,2.93,1,test
004749,6,0,3,3,0,2,0,15.811,28.743,8.38,0.024947,0.222,0.0,0.767,0.75,0.241,0.651,2.77,0,train
004750,4,1,0,4,0,1,0,12.804,34.455,1.75,0.086996,0.25,0.0,0.767,0.766,0.234,0.495,1.71,0,test
004751,5,1,0,5,0,1,2,5.502,13.223,1.45,0.126841,0.4,0.314,0.0,0.721,0.676,0.623,2.55,0,train
004752,8,4,1,7,2,1,1,4.807,30.079,2.32,0.134463,0.25,0.151,0.162,0.808,0.547,0.665,3.11,1,test
004753,7,1,1,6,0,2,0,12.795,32.134,2.95,0.03413,0.286,0.0,0.767,0.766,0.234,0.596,2.8,0,train
004754,3,1,0,3,0,0,0,33.4,40.084,0.81,0.007514,0.0,0.0,1.0,0.823,0.08,0.48,1.57,0,validation
004755,8,1,2,6,0,3,2,6.01,23.221,1.8,0.125517,0.375,0.189,0.13,0.718,0.605,0.737,2.2,0,train
004756,7,3,0,7,3,2,1,3.881,23.504,0.48,0.331023,0.333,0.143,0.117,0.813,0.57,0.634,1.57,1,test
004757,3,0,3,0,0,0,0,16.152,22.467,5.36,0.00695,0.333,0.0,0.883,0.831,0.14,0.639,1.8,0,test
004758,11,2,0,11,1,3,0,10.474,28.722,0.47,0.082372,0.333,0.011,0.572,0.695,0.373,0.587,2.19,0,validation
004759,2,1,0,2,0,0,0,62.9,69.403,1.59,0.000613,0.0,0.0,1.0,0.667,0.15,0.367,1.58,0,train
004760,2,0,0,2,0,1,0,13.036,20.239,3.63,0.036498,0.333,0.0,0.767,0.764,0.234,0.493,1.77,0,test
004761,1,1,0,1,0,0,0,41.029,41.029,1.55,0.001732,0.0,0.0,1.0,0.783,0.098,0.396,1.58,0,validation
004762,1,1,1,0,1,0,0,5.435,5.435,1.01,0.044362,0.0,0.15,0.902,0.971,0.067,0.81,1.39,1,validation
004763,4,0,0,4,0,0,0,15.629,31.777,3.76,0.025973,0.167,0.0,0.883,0.834,0.139,0.476,1.84,0,train
004764,10,4,2,8,2,0,2,5.205,35.813,1.19,0.190947,0.1,0.155,0.35,0.889,0.407,0.634,2.22,1,train
004765,2,1,0,2,1,0,0,24.295,39.853,3.44,0.021471,0.0,0.0,1.0,0.871,0.058,0.421,1.79,0,validation
004766,8,1,0,8,0,2,0,27.299,37.746,2.83,0.009203,0.417,0.0,0.767,0.689,0.268,0.435,1.79,0,train
004767,4,1,0,4,0,0,0,43.014,50.216,2.84,0.009667,0.167,0.0,0.883,0.689,0.204,0.323,2.02,0,train
004768,1,0,0,1,0,0,0,51.569,51.569,15.86,0.001955,0.0,0.0,1.0,0.727,0.123,0.28,1.86,0,train
004769,11,1,0,10,0,2,2,6.966,29.611,0.75,0.090985,0.303,0.149,0.098,0.713,0.625,0.602,1.57,0,validation
004770,7,2,0,7,2,0,0,11.417,29.167,0.79,0.089941,0.095,0.0,0.883,0.856,0.129,0.628,2.89,1,train
004771,3,0,0,3,0,0,0,27.713,43.025,8.08,0.010784,0.333,0.0,0.883,0.77,0.168,0.422,2.93,0,train
004772,11,8,1,10,4,4,1,3.077,30.895,0.03,0.169998,0.303,0.112,0.117,0.817,0.568,0.675,2.6,1,validation
004773,1,0,1,0,0,0,0,43.353,43.353,8.85,0.000855,0.0,0.0,1.0,0.77,0.103,0.431,1.8,0,train
004774,7,6,0,7,3,2,1,4.04,26.172,0.04,0.093777,0.286,0.14,0.13,0.812,0.563,0.652,2.39,1,test
004775,3,2,0,3,0,1,0,41.186,52.639,0.84,0.006393,0.222,0.0,0.767,0.615,0.301,0.412,1.58,0,train
004776,4,1,0,4,0,1,0,23.756,55.264,0.62,0.014136,0.333,0.0,0.65,0.624,0.362,0.422,2.61,0,validation
004777,5,3,0,5,1,0,1,2.875,30.71,0.49,0.060602,0.067,0.2,0.233,0.901,0.466,0.676,2.05,1,train
004778,8,0,0,8,0,2,1,29.865,42.785,4.56,0.012172,0.375,0.107,0.344,0.675,0.507,0.422,2.93,0,validation
004779,10,2,0,10,1,5,0,7.031,35.146,0.09,0.099931,0.367,0.0,0.65,0.713,0.322,0.689,3.1,1,train
004780,1,1,1,0,1,0,0,9.647,9.647,2.84,0.020497,0.0,0.0,1.0,0.949,0.023,0.686,2.8,1,train
004781,9,1,0,9,1,5,0,7.021,35.568,0.09,0.100079,0.444,0.019,0.539,0.713,0.383,0.689,2.66,1,train
004782,6,4,2,4,4,2,1,5.034,17.0,2.39,0.118311,0.278,0.19,0.234,0.807,0.508,0.763,2.62,1,validation
004783,2,1,0,2,0,0,0,52.857,66.367,0.86,0.001573,0.0,0.0,1.0,0.72,0.126,0.401,1.6,0,test
004784,3,1,0,3,1,1,0,14.586,18.917,0.06,0.057891,0.222,0.04,0.689,0.756,0.281,0.596,2.17,0,train
004785,2,1,0,2,0,0,0,27.467,43.028,3.28,0.016593,0.167,0.0,0.883,0.771,0.167,0.434,1.8,0,validation
004786,10,1,10,0,1,2,0,7.952,24.493,2.34,0.027137,0.367,0.0,0.65,0.708,0.324,0.72,3.05,1,validation
004787,15,4,1,14,2,9,3,5.686,24.136,2.5,0.174705,0.444,0.121,0.156,0.72,0.59,0.624,2.96,1,train
004788,9,3,7,2,1,0,0,21.903,30.25,2.67,0.009072,0.111,0.0,0.883,0.801,0.154,0.578,3.13,1,test
004789,5,4,0,5,0,1,0,30.916,40.544,0.41,0.004272,0.2,0.0,0.767,0.67,0.277,0.448,1.76,0,train
004790,7,3,1,5,3,1,2,6.038,21.698,2.38,0.177723,0.143,0.13,0.448,0.801,0.393,0.627,2.88,1,test
004791,2,1,0,2,0,1,0,40.721,58.656,0.28,0.010931,0.333,0.0,0.767,0.618,0.3,0.456,1.56,0,train
004792,3,1,0,3,0,0,0,17.861,34.292,0.62,0.034317,0.222,0.0,0.883,0.822,0.144,0.488,2.05,0,train
004793,10,4,1,9,2,2,0,7.945,21.666,1.27,0.146663,0.3,0.009,0.708,0.791,0.254,0.659,2.03,1,train
004794,4,4,0,4,1,0,0,15.555,28.345,0.89,0.019395,0.083,0.0,0.883,0.834,0.139,0.527,1.56,0,train
004795,2,0,0,2,0,0,0,35.998,36.874,7.03,0.059993,0.0,0.0,1.0,0.809,0.086,0.34,1.76,0,train
004796,7,2,1,6,0,4,1,13.831,45.56,1.75,0.082971,0.476,0.054,0.52,0.76,0.372,0.628,2.7,0,train
004797,1,1,1,0,1,0,0,9.14,9.14,1.65,0.017084,0.0,0.0,1.0,0.952,0.022,0.744,0.17,1,test
004798,7,7,0,7,5,4,0,7.403,24.908,1.29,0.124546,0.476,0.033,0.617,0.794,0.303,0.592,1.9,1,train
004799,3,1,0,3,0,0,0,19.445,28.877,0.67,0.020229,0.222,0.0,0.883,0.814,0.148,0.477,1.97,0,test
004800,17,4,1,16,0,13,2,8.691,25.73,0.8,0.093598,0.588,0.096,0.143,0.704,0.605,0.627,2.93,1,train
004801,6,3,0,6,1,1,1,5.27,28.217,2.06,0.09229,0.167,0.153,0.169,0.805,0.545,0.618,2.65,0,train
004802,8,3,2,6,3,1,0,9.43,30.372,0.08,0.091036,0.292,0.0,0.767,0.783,0.226,0.68,2.18,1,validation
004803,5,4,0,5,1,0,1,5.679,28.11,2.26,0.16686,0.2,0.176,0.311,0.887,0.43,0.62,2.15,1,train
004804,13,3,10,3,3,3,0,8.428,21.425,0.82,0.126893,0.256,0.041,0.429,0.705,0.447,0.745,2.85,1,train
004805,1,0,0,1,0,0,0,42.213,42.213,3.93,0.002282,0.0,0.0,1.0,0.777,0.101,0.299,1.75,0,validation
004806,5,0,0,5,0,0,0,37.991,50.154,7.41,0.008466,0.2,0.0,0.883,0.716,0.192,0.353,3.06,0,train
004807,2,0,0,2,0,1,0,14.064,16.679,7.1,0.078134,0.667,0.0,0.65,0.676,0.339,0.531,0.77,0,train
004808,6,6,0,6,2,2,0,7.018,25.199,0.25,0.211962,0.278,0.037,0.624,0.796,0.299,0.579,1.95,1,train
004809,8,2,0,8,1,1,1,9.384,23.797,1.4,0.092463,0.25,0.135,0.169,0.7,0.592,0.602,2.35,0,train
004810,6,2,0,6,0,0,1,7.757,28.153,0.37,0.114474,0.167,0.115,0.435,0.876,0.367,0.61,2.16,0,train
004811,8,5,2,6,2,0,1,5.526,31.346,2.59,0.16752,0.042,0.077,0.48,0.887,0.336,0.633,2.05,1,train
004812,3,0,0,3,0,1,1,15.416,18.372,5.71,0.040699,0.444,0.247,0.169,0.668,0.606,0.569,1.03,0,train
004813,5,2,1,4,0,0,1,5.972,20.461,0.14,0.083452,0.2,0.174,0.318,0.885,0.427,0.722,2.23,1,test
004814,9,5,2,7,2,0,1,5.186,30.325,2.43,0.134332,0.037,0.126,0.24,0.889,0.468,0.625,1.94,1,train
004815,1,1,0,1,1,0,0,13.658,13.658,1.02,0.03653,0.0,0.0,1.0,0.928,0.033,0.602,0.12,0,train
004816,5,3,0,5,0,1,0,23.455,39.018,0.94,0.021431,0.2,0.0,0.767,0.709,0.259,0.424,2.05,0,validation
004817,7,2,1,6,0,0,2,4.383,21.782,0.23,0.108745,0.143,0.281,0.233,0.893,0.47,0.67,2.31,1,train
004818,12,6,1,11,3,4,1,5.512,27.336,0.22,0.158355,0.278,0.08,0.286,0.804,0.481,0.678,2.84,1,test
004819,6,2,0,6,0,0,1,10.41,38.315,2.55,0.081118,0.167,0.13,0.376,0.862,0.405,0.573,2.45,0,validation
004820,4,3,0,3,2,1,0,10.594,16.764,2.26,0.039146,0.25,0.0,0.767,0.777,0.229,0.509,1.87,0,train
004821,7,2,0,7,0,1,1,7.656,29.38,1.44,0.114338,0.19,0.097,0.325,0.793,0.465,0.583,2.26,0,train
004822,11,4,0,11,3,7,1,6.719,19.492,2.76,0.158619,0.606,0.087,0.319,0.714,0.503,0.636,2.99,1,validation
004823,5,3,0,4,3,0,1,6.209,20.008,2.04,0.167929,0.133,0.124,0.48,0.884,0.338,0.606,2.08,1,train
004824,4,1,0,4,1,0,0,22.41,46.633,0.07,0.006935,0.167,0.0,0.883,0.798,0.155,0.587,1.86,0,test
004825,10,6,9,1,5,2,1,2.76,15.652,0.22,0.019876,0.167,0.1,0.117,0.819,0.567,0.74,2.13,1,train
004826,3,0,0,3,0,1,0,14.066,19.712,4.46,0.029225,0.333,0.0,0.767,0.759,0.237,0.486,1.91,0,test
004827,3,0,3,0,0,0,0,14.014,20.286,5.31,0.010244,0.333,0.0,0.883,0.842,0.135,0.653,1.81,0,validation
004828,5,0,0,4,0,0,0,22.094,46.076,4.26,0.011803,0.0,0.0,1.0,0.883,0.053,0.433,2.31,0,test
004829,1,1,0,1,0,0,0,30.989,30.989,2.83,0.004567,0.0,0.0,1.0,0.836,0.074,0.404,1.76,0,train
004830,6,0,0,6,0,4,1,10.515,21.995,6.05,0.056471,0.5,0.125,0.162,0.694,0.598,0.57,2.86,0,train
004831,4,1,0,4,1,0,0,7.258,18.157,0.51,0.146295,0.167,0.003,0.877,0.878,0.123,0.669,2.01,1,train
004832,11,1,0,10,1,2,0,16.849,33.935,1.78,0.036033,0.273,0.01,0.579,0.661,0.384,0.531,1.61,0,train
004833,4,1,0,4,1,0,0,18.751,29.671,0.2,0.01834,0.083,0.037,0.786,0.817,0.2,0.606,2.22,0,train
004834,11,11,0,11,7,4,1,3.428,22.334,1.88,0.087729,0.364,0.091,0.117,0.815,0.569,0.68,2.26,1,validation
004835,5,0,1,3,0,1,0,28.136,48.095,16.12,0.014516,0.267,0.0,0.65,0.601,0.372,0.457,2.23,0,train
004836,6,6,6,0,4,0,0,7.925,22.432,0.99,0.053822,0.056,0.0,0.883,0.875,0.121,0.687,2.04,1,validation
004837,12,8,2,10,3,2,2,5.244,31.536,1.71,0.163553,0.333,0.137,0.091,0.722,0.625,0.617,2.1,1,train
004838,16,1,0,16,1,5,1,8.432,35.188,0.26,0.148012,0.312,0.024,0.52,0.789,0.359,0.564,2.15,0,test
004839,6,3,0,6,0,1,0,11.06,46.981,0.28,0.076925,0.111,0.045,0.591,0.775,0.326,0.528,1.76,0,train
004840,3,1,0,3,0,0,0,31.977,44.027,0.69,0.008646,0.0,0.0,1.0,0.831,0.076,0.495,1.95,0,train
004841,7,0,0,7,0,1,1,12.877,33.927,7.74,0.035012,0.19,0.124,0.201,0.765,0.545,0.564,2.35,0,train
004842,10,2,0,10,2,4,3,3.876,19.179,2.97,0.109235,0.4,0.314,0.0,0.729,0.672,0.736,3.13,1,train
004843,8,1,0,7,0,3,1,11.989,23.361,0.49,0.053084,0.333,0.089,0.305,0.77,0.486,0.584,1.58,0,validation
004844,1,0,1,0,0,0,0,8.922,8.922,4.42,0.027382,0.333,0.0,0.883,0.869,0.123,0.687,2.56,0,validation
004845,7,0,0,7,0,0,1,12.553,34.939,7.56,0.041096,0.143,0.131,0.285,0.85,0.46,0.57,2.32,0,validation
004846,4,0,0,4,0,0,0,16.079,28.261,5.44,0.04129,0.0,0.0,1.0,0.915,0.038,0.473,1.77,0,train
004847,2,0,0,2,0,0,0,33.977,40.342,17.1,0.007056,0.333,0.0,0.883,0.737,0.183,0.38,2.06,0,train
004848,2,1,0,2,1,0,0,9.415,24.472,3.45,0.099587,0.0,0.0,1.0,0.95,0.022,0.52,1.96,1,train
004849,2,0,0,2,0,1,0,13.733,16.937,4.87,0.059518,0.5,0.125,0.488,0.677,0.427,0.546,0.85,0,validation
004850,7,6,5,2,5,2,1,6.02,16.848,0.01,0.176241,0.286,0.093,0.344,0.801,0.45,0.712,2.95,1,train
004851,10,3,0,9,2,5,1,7.784,18.915,2.51,0.098817,0.4,0.093,0.266,0.709,0.534,0.608,2.76,0,test
004852,5,2,0,4,0,0,0,34.562,55.459,0.61,0.006874,0.133,0.0,0.883,0.734,0.184,0.412,2.01,0,train
004853,1,0,0,1,0,0,0,46.528,46.528,3.95,0.001322,0.0,0.0,1.0,0.754,0.111,0.28,1.58,0,validation
004854,1,0,1,0,0,0,0,10.166,10.166,5.94,0.020712,0.0,0.0,1.0,0.946,0.024,0.652,2.72,0,test
004855,4,1,2,2,1,1,0,10.378,16.903,2.31,0.225542,0.167,0.048,0.643,0.778,0.296,0.649,2.49,1,train
004856,6,2,0,6,2,1,0,15.094,30.673,0.66,0.025085,0.278,0.0,0.767,0.753,0.239,0.609,1.89,0,test
004857,16,2,1,15,1,13,2,7.198,21.735,0.01,0.145683,0.688,0.087,0.175,0.712,0.583,0.646,2.44,0,train
004858,9,2,0,9,0,4,1,6.786,27.507,0.76,0.084209,0.37,0.098,0.195,0.797,0.534,0.632,2.31,0,train
004859,7,4,0,7,4,2,1,5.881,18.487,3.06,0.153351,0.333,0.104,0.292,0.802,0.478,0.605,2.13,1,test
004860,8,1,0,8,0,2,1,9.136,32.241,2.08,0.067159,0.333,0.104,0.227,0.785,0.522,0.585,2.97,0,train
004861,2,1,0,1,0,0,0,21.366,30.448,2.65,0.010081,0.0,0.0,1.0,0.887,0.051,0.438,1.73,0,test
004862,8,0,2,6,0,3,2,7.766,25.712,4.69,0.055504,0.333,0.158,0.228,0.709,0.556,0.719,2.84,0,train
004863,4,1,0,4,0,0,0,23.436,37.801,0.82,0.02294,0.083,0.0,0.883,0.793,0.158,0.48,2.12,0,validation
004864,2,1,0,2,0,0,0,42.799,77.587,0.87,0.002835,0.167,0.0,0.883,0.69,0.204,0.415,1.68,0,train
004865,2,1,0,2,1,0,0,21.74,33.712,3.48,0.014026,0.167,0.0,0.883,0.802,0.153,0.436,1.72,0,train
004866,12,4,2,10,2,9,0,16.966,31.554,0.33,0.017268,0.611,0.0,0.65,0.66,0.345,0.683,2.84,1,validation
004867,5,2,0,5,0,1,0,24.595,37.289,0.05,0.015082,0.133,0.0,0.767,0.703,0.262,0.543,2.03,0,test
004868,4,0,0,4,0,1,0,10.806,26.809,3.67,0.076085,0.333,0.0,0.767,0.776,0.229,0.508,1.93,0,validation
004869,1,1,1,0,1,0,0,7.576,7.576,0.63,0.026739,0.0,0.0,1.0,0.96,0.018,0.801,3.09,1,train
004870,6,0,3,2,0,1,1,13.507,24.469,7.94,0.04154,0.222,0.123,0.169,0.678,0.602,0.595,2.67,0,train
004871,10,4,0,10,3,6,2,4.997,18.604,2.78,0.130009,0.533,0.139,0.098,0.724,0.621,0.64,2.98,1,test
004872,4,1,1,3,1,0,0,19.866,35.203,0.48,0.015445,0.0,0.0,1.0,0.895,0.047,0.586,2.0,0,validation
004873,1,1,0,1,1,0,0,12.279,12.279,2.78,0.038574,0.0,0.0,1.0,0.935,0.029,0.531,1.81,0,validation
004874,10,7,0,10,6,4,2,3.284,20.693,1.77,0.156854,0.367,0.183,0.117,0.816,0.569,0.662,3.01,1,train
004875,4,0,0,4,0,1,1,15.78,23.025,7.87,0.044517,0.333,0.158,0.357,0.75,0.466,0.501,2.97,0,train
004876,6,2,0,6,1,0,1,9.047,26.313,2.78,0.092028,0.111,0.127,0.389,0.869,0.395,0.566,2.58,0,train
004877,6,1,1,5,0,0,1,6.285,17.414,0.58,0.170499,0.167,0.23,0.24,0.883,0.471,0.667,2.96,1,train
004878,2,2,0,2,1,0,0,11.425,34.033,3.05,0.048892,0.0,0.0,1.0,0.94,0.027,0.524,1.81,1,test
004879,1,0,0,1,0,0,0,12.084,12.084,5.52,0.091276,0.0,0.0,1.0,0.936,0.029,0.499,0.29,0,validation
004880,3,1,0,3,0,0,0,31.797,43.016,0.69,0.010235,0.0,0.0,1.0,0.832,0.076,0.496,1.97,0,train
004881,7,6,0,7,6,3,2,3.382,16.123,2.6,0.083768,0.286,0.286,0.117,0.815,0.569,0.671,2.89,1,train
004882,7,0,3,3,0,2,1,11.254,24.2,7.84,0.031732,0.286,0.119,0.111,0.69,0.629,0.585,2.72,0,train
004883,4,1,0,4,1,0,1,18.891,28.708,0.21,0.01481,0.0,0.113,0.708,0.9,0.206,0.604,2.24,0,train
004884,8,1,1,7,0,0,1,23.363,35.135,0.32,0.009248,0.083,0.07,0.519,0.793,0.358,0.551,2.31,0,train
004885,12,1,0,10,0,3,3,6.241,25.383,0.79,0.119888,0.333,0.191,0.098,0.717,0.624,0.595,1.57,0,test
004886,1,1,0,1,1,0,0,23.271,23.271,2.47,0.008378,0.0,0.0,1.0,0.877,0.055,0.472,1.75,0,train
004887,7,5,0,7,3,1,1,3.265,19.161,2.63,0.209785,0.143,0.18,0.117,0.816,0.569,0.659,2.69,1,train
004888,3,3,0,3,2,1,1,6.244,20.881,2.62,0.178535,0.333,0.227,0.325,0.717,0.499,0.694,2.13,1,train
004889,2,0,0,2,0,0,0,50.021,53.97,4.56,0.003705,0.167,0.0,0.883,0.652,0.221,0.307,1.68,0,train
004890,1,1,0,1,0,0,0,30.326,30.326,0.59,0.003251,0.0,0.0,1.0,0.839,0.072,0.511,1.58,0,test
004891,4,1,0,4,0,1,0,18.606,32.361,0.15,0.022402,0.333,0.0,0.767,0.735,0.248,0.483,2.08,0,train
004892,4,3,0,4,2,0,0,7.95,19.584,1.49,0.183318,0.0,0.04,0.896,0.958,0.076,0.561,2.03,1,validation
004893,3,1,0,3,0,1,0,39.891,58.799,0.62,0.00485,0.333,0.0,0.767,0.622,0.298,0.412,3.12,0,train
004894,6,1,0,6,1,0,0,7.021,37.655,0.09,0.121044,0.056,0.0,0.883,0.879,0.118,0.689,2.73,1,test
004895,3,0,0,3,0,0,0,25.401,30.871,5.07,0.019964,0.222,0.0,0.883,0.782,0.162,0.437,2.98,0,train
004896,6,0,0,6,0,3,3,7.487,18.561,4.57,0.128214,0.5,0.292,0.149,0.71,0.598,0.652,2.9,0,test
004897,3,0,3,0,0,0,0,19.012,21.559,5.26,0.00479,0.0,0.0,1.0,0.899,0.045,0.593,2.97,0,train
004898,2,1,0,2,0,0,0,42.555,45.042,2.17,0.005027,0.0,0.0,1.0,0.775,0.101,0.341,1.98,0,train
004899,3,0,0,2,0,0,1,25.613,29.913,14.96,0.01323,0.222,0.193,0.506,0.781,0.37,0.482,2.31,0,validation
004900,14,2,0,11,2,2,2,15.99,25.769,0.96,0.038986,0.262,0.124,0.104,0.665,0.643,0.556,2.38,0,train
004901,2,0,1,1,0,0,1,9.2,12.177,4.49,0.055555,0.0,0.36,0.532,0.951,0.279,0.659,0.85,0,test
004902,11,5,1,10,4,5,1,6.708,21.777,1.98,0.145376,0.394,0.035,0.52,0.798,0.355,0.723,2.03,1,test
004903,2,1,1,1,1,0,1,5.556,6.551,0.26,0.123943,0.0,0.545,0.383,0.971,0.353,0.842,1.6,1,train
004904,5,0,1,3,0,0,1,3.897,15.156,3.54,0.069999,0.133,0.2,0.233,0.896,0.468,0.634,3.07,0,train
004905,5,0,0,5,0,0,0,11.19,31.302,3.83,0.078507,0.2,0.0,0.883,0.857,0.128,0.521,2.01,0,train
004906,11,3,2,9,1,1,1,11.028,26.408,2.26,0.082874,0.212,0.051,0.403,0.775,0.43,0.664,3.12,0,validation
004907,2,1,0,2,0,1,0,41.6,64.031,0.02,0.007795,0.333,0.0,0.767,0.613,0.302,0.462,1.57,0,train
004908,2,0,1,1,0,0,0,17.842,25.534,5.6,0.022731,0.0,0.0,1.0,0.906,0.043,0.498,1.91,0,train
004909,15,4,1,14,2,9,1,6.446,25.068,2.5,0.181359,0.467,0.076,0.28,0.716,0.524,0.603,2.97,1,test
004910,6,2,0,6,1,3,0,13.516,34.23,1.35,0.064797,0.333,0.0,0.767,0.762,0.236,0.588,2.26,0,train
004911,9,0,0,9,0,6,1,8.301,22.095,4.56,0.092654,0.556,0.11,0.201,0.789,0.534,0.621,2.83,0,validation
004912,1,0,1,0,0,0,0,9.309,9.309,3.84,0.023463,0.0,0.0,1.0,0.951,0.022,0.658,2.71,0,train
004913,5,4,0,5,1,1,0,14.574,26.379,2.6,0.026652,0.267,0.0,0.767,0.756,0.238,0.51,1.94,0,train
004914,2,1,0,2,0,0,0,55.02,64.219,1.63,0.001332,0.0,0.0,1.0,0.709,0.131,0.365,1.74,0,test
004915,1,1,1,0,1,0,0,8.776,8.776,2.26,0.018307,0.0,0.0,1.0,0.954,0.021,0.718,0.32,1,train
004916,13,3,0,12,1,1,3,16.291,25.279,0.42,0.080123,0.179,0.159,0.169,0.747,0.571,0.578,2.28,0,train
004917,5,1,0,4,0,1,0,25.372,50.816,0.19,0.014052,0.267,0.0,0.65,0.616,0.365,0.431,2.1,0,train
004918,3,2,1,2,1,0,0,14.767,26.313,0.61,0.021644,0.0,0.0,1.0,0.922,0.035,0.537,1.76,0,validation
004919,7,1,0,7,0,1,1,21.377,37.479,0.17,0.019575,0.143,0.087,0.37,0.72,0.472,0.468,2.67,0,validation
004920,11,2,0,10,1,7,2,8.566,26.702,2.66,0.112694,0.515,0.098,0.247,0.705,0.547,0.624,3.0,0,test
004921,4,1,1,3,0,1,0,11.989,46.551,0.51,0.026054,0.25,0.0,0.65,0.687,0.334,0.72,2.04,0,validation
004922,2,2,0,2,2,0,0,9.772,15.643,0.36,0.068586,0.0,0.0,1.0,0.948,0.023,0.587,1.87,1,train
004923,9,3,1,8,0,2,0,11.625,41.867,0.71,0.022611,0.333,0.0,0.767,0.772,0.231,0.642,2.63,0,validation
004924,14,10,13,1,9,2,1,4.858,15.706,0.2,0.212241,0.286,0.069,0.02,0.724,0.663,0.808,2.61,1,train
004925,2,0,0,2,0,0,0,22.737,38.289,3.54,0.024386,0.0,0.0,1.0,0.88,0.054,0.428,1.78,0,train
004926,10,0,0,10,0,4,1,4.976,20.084,3.76,0.107056,0.367,0.097,0.136,0.807,0.562,0.624,2.44,0,test
004927,2,1,0,2,0,0,1,40.401,47.081,0.22,0.008419,0.167,0.395,0.37,0.703,0.48,0.461,1.55,0,test
004928,13,11,12,1,10,2,1,4.858,16.335,0.1,0.212297,0.256,0.075,0.02,0.724,0.663,0.797,2.6,1,test
004929,10,2,0,9,1,2,1,12.548,30.876,1.32,0.03977,0.3,0.039,0.513,0.767,0.373,0.501,1.58,0,train
004930,5,4,0,5,3,0,0,6.902,22.998,0.25,0.163244,0.2,0.06,0.688,0.88,0.225,0.583,2.01,1,train
004931,1,0,1,0,0,0,0,51.952,51.952,8.98,0.000651,0.0,0.0,1.0,0.725,0.124,0.42,1.77,0,test
004932,5,4,0,5,4,3,0,10.936,24.857,2.71,0.092305,0.4,0.0,0.767,0.775,0.229,0.542,1.9,1,train
004933,1,0,0,1,0,0,0,15.622,15.622,5.06,0.026917,0.0,0.0,1.0,0.917,0.037,0.476,1.94,0,train
004934,15,3,1,14,1,10,1,9.281,23.48,2.65,0.08565,0.489,0.069,0.078,0.701,0.642,0.601,2.98,0,validation
004935,6,3,0,6,3,1,1,4.15,18.356,2.63,0.086788,0.167,0.165,0.123,0.811,0.567,0.647,2.31,1,train
004936,1,0,0,1,0,0,0,30.993,30.993,3.63,0.004134,0.0,0.0,1.0,0.836,0.074,0.373,1.69,0,train
004937,2,0,0,2,0,0,0,16.477,38.559,7.14,0.048441,0.167,0.0,0.883,0.829,0.141,0.47,2.66,0,validation
004938,10,4,0,10,2,5,2,4.624,18.568,2.31,0.134227,0.433,0.163,0.045,0.726,0.648,0.657,3.02,1,test
004939,3,2,1,2,0,0,0,17.868,26.394,0.81,0.04597,0.111,0.0,0.883,0.822,0.144,0.606,2.99,0,train
004940,1,0,1,0,0,0,0,7.55,7.55,3.72,0.047934,0.0,0.0,1.0,0.96,0.018,0.67,2.71,0,train
004941,5,1,1,4,1,1,0,9.022,27.491,0.19,0.058282,0.267,0.0,0.65,0.702,0.326,0.671,2.07,1,test
004942,5,0,0,4,0,4,1,12.134,28.911,6.68,0.059941,0.8,0.108,0.397,0.686,0.473,0.579,1.76,0,train
004943,11,3,1,6,2,7,1,9.658,20.572,2.77,0.078122,0.424,0.062,0.325,0.782,0.469,0.594,3.08,1,test
004944,3,2,1,2,0,2,0,48.694,59.048,2.36,0.003678,0.444,0.0,0.767,0.576,0.319,0.525,3.11,0,validation
004945,11,2,2,9,0,2,0,9.464,40.471,1.79,0.099666,0.303,0.016,0.65,0.783,0.29,0.615,3.05,0,train
004946,9,5,2,7,2,4,1,5.903,21.553,1.41,0.131132,0.407,0.092,0.111,0.719,0.616,0.743,2.65,1,train
004947,3,2,1,2,0,0,0,25.615,39.58,0.76,0.089831,0.0,0.02,0.961,0.864,0.082,0.573,1.96,1,validation
004948,10,6,2,8,2,0,1,4.944,35.22,2.07,0.153599,0.067,0.085,0.331,0.89,0.417,0.645,2.17,1,train
004949,3,1,3,0,1,1,0,9.136,14.169,1.32,0.038895,0.222,0.0,0.767,0.785,0.225,0.759,0.85,1,train
004950,6,3,6,0,3,0,0,9.417,14.385,2.86,0.021437,0.0,0.0,1.0,0.95,0.022,0.657,2.2,1,train
004951,1,0,0,1,0,0,0,20.375,20.375,4.55,0.014142,0.0,0.0,1.0,0.892,0.049,0.444,1.77,0,test
004952,2,1,0,2,0,0,0,68.793,73.548,0.56,0.000704,0.0,0.0,1.0,0.636,0.164,0.414,1.81,0,train
004953,8,3,3,5,2,0,2,4.35,23.331,2.61,0.169994,0.125,0.186,0.292,0.894,0.437,0.664,2.18,1,test
004954,8,5,7,1,5,1,0,9.21,16.897,0.48,0.033715,0.167,0.0,0.767,0.785,0.225,0.795,1.85,1,test
004955,5,4,5,0,4,0,1,9.176,16.173,2.22,0.021532,0.0,0.12,0.61,0.951,0.236,0.707,2.18,1,train
004956,3,1,0,3,0,0,0,43.538,55.939,0.67,0.005794,0.222,0.0,0.883,0.686,0.205,0.409,2.9,0,train
004957,4,1,0,4,0,0,0,21.438,39.804,0.02,0.010752,0.083,0.0,0.883,0.803,0.153,0.542,1.76,0,train
004958,4,3,0,4,1,0,0,7.882,34.327,0.8,0.146479,0.083,0.025,0.818,0.875,0.156,0.57,1.51,1,validation
004959,8,4,0,8,2,4,0,11.031,23.393,2.44,0.08552,0.417,0.035,0.585,0.775,0.33,0.544,2.99,1,train
004960,3,2,1,2,0,2,0,50.94,61.437,2.64,0.00332,0.444,0.0,0.767,0.564,0.325,0.513,3.1,0,train
004961,6,5,0,5,3,0,1,5.431,25.582,0.66,0.180605,0.222,0.138,0.344,0.888,0.411,0.633,2.08,1,validation
004962,7,4,0,7,4,1,2,4.973,15.355,3.14,0.167397,0.19,0.209,0.136,0.807,0.562,0.624,2.38,1,validation
004963,14,5,10,3,4,4,0,8.129,15.226,0.73,0.050835,0.214,0.0,0.767,0.79,0.223,0.753,2.99,1,train
004964,9,2,2,7,0,2,0,12.877,35.289,2.64,0.041601,0.259,0.019,0.656,0.765,0.295,0.674,2.88,0,validation
004965,15,4,2,13,3,11,0,10.075,25.425,0.25,0.060698,0.622,0.017,0.481,0.697,0.422,0.754,2.38,1,train
004966,6,2,0,6,1,0,0,11.644,26.245,0.65,0.035802,0.222,0.0,0.883,0.855,0.129,0.573,2.53,1,test
004967,1,0,1,0,0,0,0,8.533,8.533,3.74,0.036819,0.333,0.0,0.883,0.871,0.122,0.69,2.7,0,validation
004968,8,1,4,4,1,0,1,7.125,26.784,0.17,0.086796,0.208,0.075,0.493,0.879,0.333,0.647,2.55,0,train
004969,1,0,0,1,0,0,0,26.489,26.489,6.88,0.005547,0.0,0.0,1.0,0.86,0.063,0.403,1.61,0,train
004970,4,0,0,4,0,2,1,4.987,15.816,3.58,0.054943,0.333,0.25,0.117,0.807,0.573,0.627,2.51,0,test
004971,13,7,0,10,3,4,1,3.603,18.917,1.76,0.163975,0.385,0.089,0.117,0.814,0.569,0.659,2.48,1,train
004972,6,0,2,4,0,2,0,20.046,30.868,6.03,0.022246,0.278,0.047,0.585,0.727,0.351,0.608,2.72,0,train
004973,1,1,1,0,1,0,0,9.498,9.498,2.24,0.01979,0.0,0.0,1.0,0.95,0.023,0.714,2.82,1,train
004974,4,0,0,4,0,0,1,4.36,19.249,3.62,0.077471,0.083,0.25,0.233,0.894,0.47,0.631,2.51,0,test
004975,7,1,0,7,0,3,2,4.581,25.274,0.66,0.042461,0.381,0.273,0.0,0.726,0.673,0.629,2.91,0,train
004976,2,1,2,0,1,0,0,7.682,8.65,2.91,0.025429,0.167,0.0,0.883,0.876,0.12,0.696,0.95,1,train
004977,3,0,1,2,0,0,0,38.655,53.041,4.19,0.001926,0.0,0.0,1.0,0.795,0.092,0.462,2.9,0,train
004978,15,2,0,15,1,3,2,8.506,30.209,0.36,0.133991,0.267,0.083,0.234,0.788,0.517,0.589,2.55,0,train
004979,5,1,0,5,1,1,1,8.78,17.141,2.95,0.105384,0.333,0.18,0.214,0.704,0.565,0.555,2.18,1,validation
004980,11,4,0,11,3,4,1,6.736,24.365,0.91,0.165872,0.333,0.056,0.526,0.798,0.352,0.573,2.6,1,validation
004981,11,1,0,10,0,1,1,11.904,32.815,1.75,0.038417,0.242,0.07,0.266,0.77,0.507,0.562,1.58,0,train
004982,6,6,0,6,2,2,1,4.888,23.267,0.21,0.196426,0.222,0.147,0.195,0.807,0.53,0.646,2.14,1,validation
004983,13,6,12,1,5,4,1,4.193,16.877,1.14,0.040981,0.308,0.067,0.085,0.728,0.626,0.878,2.48,1,train
004984,6,4,0,6,3,0,1,5.765,23.7,0.29,0.164641,0.111,0.108,0.461,0.886,0.348,0.632,1.87,1,validation
004985,13,2,0,13,0,6,3,9.193,24.666,3.09,0.072861,0.487,0.168,0.078,0.701,0.642,0.578,2.84,0,train
004986,1,0,1,0,0,0,0,9.191,9.191,3.82,0.023452,0.0,0.0,1.0,0.951,0.022,0.659,0.42,0,test
004987,1,0,0,1,0,0,0,50.148,50.148,8.91,0.003031,0.0,0.0,1.0,0.735,0.119,0.28,2.13,0,validation
004988,3,1,0,3,1,0,0,21.01,24.273,2.15,0.014568,0.111,0.0,0.883,0.805,0.152,0.502,1.7,0,test
004989,4,4,4,0,3,0,0,15.764,19.072,0.17,0.005843,0.0,0.0,1.0,0.917,0.038,0.7,1.72,1,test
004990,9,1,0,9,1,5,0,13.439,28.114,3.47,0.053805,0.444,0.0,0.767,0.762,0.235,0.544,2.91,0,train
004991,1,0,0,1,0,0,0,34.338,34.338,7.08,0.003272,0.0,0.0,1.0,0.818,0.082,0.351,1.64,0,train
004992,16,1,0,16,1,5,0,9.237,36.179,0.25,0.114027,0.333,0.0,0.767,0.784,0.225,0.562,2.06,0,train
004993,11,1,0,9,0,1,0,8.394,28.223,0.77,0.05662,0.242,0.029,0.559,0.789,0.338,0.538,1.57,0,train
004994,3,0,0,3,0,0,0,14.994,24.853,3.65,0.021178,0.111,0.0,0.883,0.837,0.137,0.48,1.79,0,train
004995,4,1,0,4,0,0,0,30.245,44.631,2.38,0.01353,0.083,0.0,0.883,0.757,0.174,0.405,2.17,0,train
004996,2,1,2,0,1,0,0,10.225,13.221,2.44,0.029956,0.0,0.0,1.0,0.946,0.024,0.7,0.98,1,validation
004997,5,1,0,5,0,1,1,9.892,24.89,0.76,0.051619,0.267,0.156,0.26,0.781,0.506,0.603,2.85,0,train
004998,3,0,3,0,0,2,0,17.188,31.087,4.04,0.005309,0.667,0.0,0.65,0.659,0.346,0.605,1.89,0,train
004999,10,0,0,10,0,4,1,5.722,21.081,3.67,0.108143,0.367,0.088,0.195,0.803,0.532,0.612,2.31,0,test
005000,6,3,0,6,3,2,0,8.301,21.517,3.27,0.109135,0.333,0.0,0.767,0.789,0.223,0.535,2.05,1,train
005001,3,0,0,3,0,0,0,11.297,20.905,3.51,0.048984,0.111,0.0,0.883,0.857,0.129,0.505,1.86,0,validation
005002,3,1,0,3,1,0,0,17.497,21.206,1.48,0.030231,0.222,0.047,0.792,0.824,0.193,0.538,2.49,0,test
005003,1,1,0,1,0,0,0,51.506,51.506,1.93,0.001059,0.0,0.0,1.0,0.727,0.123,0.352,1.57,0,train
005004,3,1,0,3,0,0,1,5.74,27.598,1.04,0.108774,0.0,0.313,0.389,0.97,0.35,0.617,2.28,0,train
005005,2,0,1,1,0,0,1,9.227,11.983,3.99,0.052594,0.0,0.345,0.552,0.951,0.269,0.658,0.84,0,train
005006,4,1,0,4,0,0,1,7.04,28.516,2.43,0.251461,0.167,0.215,0.35,0.879,0.412,0.599,1.69,0,train
005007,1,0,1,0,0,0,0,10.376,10.376,5.67,0.028194,0.0,0.0,1.0,0.945,0.025,0.651,0.53,0,train
005008,10,2,0,8,1,2,2,6.287,29.322,0.59,0.063621,0.267,0.152,0.045,0.717,0.652,0.621,1.55,0,test
005009,2,1,0,2,1,0,0,19.576,48.776,0.5,0.009458,0.0,0.0,1.0,0.896,0.047,0.587,1.57,0,validation
005010,11,6,1,10,3,1,2,4.542,27.182,0.12,0.145549,0.212,0.167,0.149,0.809,0.554,0.661,2.79,1,train
005011,8,6,1,7,2,2,0,12.309,38.035,0.16,0.031734,0.292,0.0,0.767,0.768,0.233,0.549,1.78,1,train
005012,14,1,0,14,0,5,1,6.51,36.74,0.22,0.113811,0.357,0.068,0.149,0.799,0.558,0.613,1.77,0,validation
005013,9,1,0,9,0,4,0,7.978,25.352,2.69,0.142794,0.407,0.031,0.585,0.791,0.322,0.576,2.04,0,train
005014,7,3,3,4,2,0,0,8.659,26.361,2.63,0.103751,0.095,0.0,0.883,0.871,0.122,0.592,1.95,1,test
005015,3,1,0,3,0,2,0,39.51,54.367,0.07,0.008789,0.667,0.0,0.65,0.541,0.399,0.5,1.91,0,train
005016,4,1,0,4,1,1,1,12.869,18.141,2.76,0.046747,0.333,0.163,0.228,0.682,0.568,0.549,2.63,0,validation
005017,1,1,1,0,1,0,0,9.116,9.116,3.47,0.023294,0.0,0.0,1.0,0.952,0.022,0.661,2.7,1,test
005018,6,1,0,6,0,1,1,33.07,42.818,0.06,0.015176,0.389,0.083,0.325,0.575,0.563,0.517,2.27,0,train
005019,10,2,0,9,1,2,1,11.133,29.444,1.21,0.056938,0.267,0.075,0.325,0.774,0.473,0.534,1.58,1,test
005020,1,0,0,1,0,0,0,36.589,36.589,22.35,0.004521,0.0,0.0,1.0,0.806,0.087,0.336,1.53,0,test
005021,3,2,1,2,0,0,0,32.277,40.544,2.57,0.003505,0.111,0.0,0.883,0.746,0.179,0.443,1.69,0,test
005022,6,1,0,6,1,0,0,16.937,34.21,3.21,0.020596,0.167,0.0,0.883,0.827,0.142,0.48,1.91,0,train
005023,7,0,1,6,0,0,0,19.709,41.903,7.79,0.019924,0.143,0.0,0.883,0.812,0.149,0.449,2.06,0,train
005024,8,3,0,8,2,3,1,8.635,17.938,2.47,0.09093,0.333,0.114,0.175,0.704,0.587,0.603,2.99,1,validation
005025,3,1,0,3,1,0,0,21.011,23.408,0.17,0.015014,0.111,0.0,0.883,0.805,0.152,0.592,2.03,0,train
005026,12,9,3,9,6,6,2,2.894,19.446,2.37,0.162034,0.389,0.155,0.117,0.818,0.568,0.692,2.47,1,train
005027,18,2,12,6,0,3,0,12.339,26.341,0.71,0.021925,0.241,0.003,0.734,0.768,0.251,0.646,2.74,0,train
005028,3,1,0,3,0,1,0,42.69,58.769,0.07,0.00398,0.222,0.0,0.767,0.607,0.305,0.437,1.9,0,train
005029,13,6,0,13,5,4,3,2.556,22.848,0.29,0.153914,0.359,0.173,0.0,0.736,0.669,0.643,3.11,1,test
005030,1,1,1,0,1,0,0,7.934,7.934,2.56,0.039298,0.0,0.0,1.0,0.958,0.019,0.71,0.37,1,train
005031,9,3,9,0,3,3,0,8.032,19.525,0.35,0.022846,0.333,0.0,0.767,0.791,0.222,0.714,2.77,1,train
005032,5,2,0,4,0,3,1,14.586,36.096,2.15,0.03002,0.667,0.148,0.169,0.673,0.604,0.542,2.83,0,train
005033,6,5,0,5,4,0,1,4.208,24.006,0.75,0.148281,0.222,0.165,0.24,0.894,0.466,0.654,2.27,1,train
005034,5,5,0,5,3,3,0,11.06,22.613,2.87,0.051978,0.4,0.0,0.767,0.775,0.23,0.549,1.84,1,train
005035,3,0,1,2,0,1,1,19.321,30.127,8.38,0.006525,0.333,0.22,0.338,0.731,0.485,0.644,2.92,0,train
005036,6,6,0,6,4,3,0,6.816,19.745,2.26,0.209291,0.444,0.07,0.488,0.714,0.411,0.65,1.97,1,validation
005037,4,3,3,1,2,0,0,18.868,26.157,0.92,0.004901,0.083,0.0,0.883,0.817,0.147,0.624,2.03,1,train
005038,9,4,0,9,3,5,2,7.29,22.782,2.55,0.375124,0.444,0.102,0.332,0.711,0.498,0.592,2.83,1,train
005039,5,1,1,4,1,1,0,21.687,44.942,0.87,0.007988,0.2,0.0,0.767,0.719,0.255,0.556,2.7,0,train
005040,7,3,1,5,2,1,0,9.536,25.325,2.22,0.07103,0.19,0.0,0.767,0.783,0.226,0.627,2.92,1,train
005041,5,1,1,4,0,0,0,10.693,40.636,0.49,0.044886,0.133,0.0,0.883,0.86,0.127,0.649,2.03,0,train
005042,1,0,0,1,0,0,0,50.222,50.222,7.94,0.003151,0.333,0.0,0.883,0.651,0.221,0.307,0.24,0,test
005043,8,2,1,7,0,1,0,14.456,39.963,0.83,0.052296,0.167,0.0,0.767,0.757,0.238,0.624,2.87,0,validation
005044,7,1,1,6,1,2,2,7.941,20.529,0.75,0.183034,0.19,0.143,0.39,0.791,0.43,0.601,3.06,0,train
005045,7,2,1,6,0,0,0,8.654,27.528,0.28,0.196092,0.143,0.0,0.883,0.871,0.122,0.615,2.23,0,validation
005046,6,1,0,6,0,1,0,24.378,40.623,0.03,0.013297,0.167,0.0,0.767,0.704,0.261,0.558,1.99,0,train
005047,1,0,0,1,0,0,0,54.937,54.937,3.73,0.00116,0.0,0.0,1.0,0.709,0.131,0.28,1.64,0,validation
005048,3,0,0,3,0,0,1,15.231,24.904,4.63,0.039521,0.0,0.297,0.421,0.919,0.354,0.478,2.17,0,train
005049,10,4,0,10,3,5,2,4.236,17.695,2.7,0.102898,0.467,0.187,0.026,0.728,0.658,0.653,2.98,1,train
005050,1,1,1,0,1,0,0,8.984,8.984,0.51,0.019313,0.0,0.0,1.0,0.952,0.021,0.797,0.05,1,train
005051,4,1,0,4,0,0,0,9.439,42.056,1.53,0.102291,0.083,0.0,0.883,0.867,0.124,0.517,2.95,0,test
005052,5,4,0,5,4,2,0,9.15,23.006,2.61,0.163055,0.333,0.0,0.767,0.785,0.225,0.554,1.95,1,train
005053,9,2,0,9,1,1,1,11.678,28.948,0.95,0.047764,0.259,0.079,0.305,0.772,0.485,0.559,1.57,0,train
005054,8,7,1,7,4,2,2,4.948,22.955,2.39,0.165921,0.167,0.185,0.182,0.807,0.537,0.654,2.11,1,train
005055,5,1,2,3,0,2,0,35.564,51.768,0.17,0.008242,0.333,0.0,0.65,0.562,0.39,0.55,2.24,0,train
005056,9,4,0,9,2,3,1,5.853,28.784,1.18,0.252504,0.333,0.09,0.123,0.719,0.609,0.614,2.88,1,train
005057,10,3,0,10,1,4,3,8.846,23.852,2.32,0.070279,0.4,0.203,0.045,0.703,0.659,0.613,2.97,0,test
005058,11,1,0,10,1,2,2,13.069,33.057,1.82,0.051438,0.303,0.116,0.149,0.681,0.611,0.605,1.59,0,train
005059,12,5,11,0,2,2,0,12.76,24.722,0.37,0.026573,0.25,0.028,0.488,0.682,0.425,0.764,2.79,1,validation
005060,5,1,0,4,1,0,0,21.864,31.873,0.44,0.014891,0.067,0.02,0.818,0.801,0.19,0.574,2.21,0,validation
005061,11,7,5,6,3,2,1,5.34,29.832,0.1,0.346642,0.242,0.083,0.175,0.805,0.541,0.651,2.12,1,train
005062,3,1,0,3,0,0,0,23.051,38.112,0.41,0.030499,0.222,0.0,0.883,0.795,0.157,0.453,2.09,0,train
005063,5,2,0,5,0,1,1,18.42,34.228,0.1,0.024004,0.133,0.098,0.448,0.736,0.422,0.549,2.19,0,train
005064,6,3,3,3,3,0,1,4.612,27.139,0.47,0.110064,0.111,0.16,0.259,0.892,0.456,0.798,1.65,1,validation
005065,5,4,4,1,3,0,1,5.954,17.963,1.63,0.157953,0.067,0.148,0.402,0.885,0.38,0.679,2.19,1,train
005066,2,1,0,2,0,1,0,48.831,61.13,1.05,0.006505,0.333,0.0,0.767,0.575,0.32,0.392,1.87,0,test
005067,5,2,0,5,2,2,1,7.668,22.035,0.48,0.382593,0.333,0.2,0.117,0.793,0.579,0.609,1.57,1,validation
005068,2,1,0,2,0,0,0,39.945,56.472,0.01,0.004595,0.0,0.0,1.0,0.789,0.095,0.44,1.95,0,test
005069,9,3,0,9,1,3,0,22.047,48.376,1.27,0.013529,0.37,0.0,0.767,0.717,0.256,0.535,2.14,0,test
005070,3,1,1,2,0,0,0,15.434,45.621,3.2,0.006937,0.111,0.0,0.883,0.835,0.138,0.617,2.83,0,train
005071,6,1,0,6,0,1,0,25.81,44.783,0.01,0.007339,0.278,0.0,0.767,0.697,0.265,0.567,1.93,0,train
005072,9,4,0,9,4,2,2,5.086,19.84,0.11,0.168598,0.407,0.144,0.143,0.723,0.596,0.672,2.27,1,train
005073,11,3,0,11,1,4,2,3.844,25.805,0.46,0.104099,0.333,0.198,0.0,0.73,0.672,0.652,1.57,1,test
005074,9,1,0,9,0,4,1,5.346,22.321,3.09,0.083921,0.407,0.107,0.143,0.805,0.559,0.648,2.32,0,train
005075,9,1,7,2,0,2,0,25.636,33.598,0.72,0.006254,0.259,0.0,0.767,0.698,0.264,0.575,2.95,0,train
005076,4,0,0,4,0,0,2,7.688,15.313,4.6,0.133638,0.25,0.33,0.428,0.876,0.37,0.611,2.42,0,train
005077,4,1,1,3,0,0,0,11.43,42.582,0.22,0.011857,0.25,0.0,0.883,0.856,0.129,0.67,2.05,0,train
005078,4,1,3,1,0,1,0,14.152,21.697,2.45,0.006964,0.25,0.0,0.767,0.758,0.237,0.65,2.07,0,test
005079,2,2,0,2,1,0,0,11.246,19.391,2.53,0.06387,0.0,0.0,1.0,0.94,0.027,0.523,1.91,1,test
005080,4,0,1,3,0,0,0,32.413,52.19,15.52,0.008254,0.167,0.0,0.883,0.745,0.179,0.447,2.08,0,train
005081,2,1,0,2,0,0,0,24.773,34.762,0.17,0.009703,0.167,0.0,0.883,0.786,0.161,0.442,1.89,0,train
005082,12,7,11,1,6,3,0,10.322,15.666,1.14,0.014845,0.25,0.0,0.767,0.779,0.228,0.75,2.83,1,train
005083,10,5,1,9,4,4,0,12.037,23.426,0.73,0.03736,0.367,0.0,0.767,0.77,0.232,0.756,1.89,1,train
005084,10,1,1,6,1,2,3,6.663,17.672,2.28,0.100367,0.3,0.226,0.195,0.798,0.534,0.738,2.45,0,train
005085,5,0,3,2,0,0,1,9.606,17.543,4.99,0.038985,0.267,0.112,0.519,0.866,0.325,0.68,2.07,0,validation
005086,14,7,10,3,6,4,0,7.28,18.192,2.0,0.039238,0.262,0.0,0.767,0.795,0.221,0.74,2.87,1,train
005087,10,3,0,10,3,3,3,4.745,20.115,2.9,0.140456,0.367,0.261,0.045,0.725,0.649,0.722,3.14,1,train
005088,14,1,0,14,0,6,0,7.938,36.741,0.21,0.131862,0.405,0.01,0.676,0.791,0.272,0.538,1.77,0,train
005089,6,4,0,6,2,3,0,9.558,27.479,0.1,0.071352,0.333,0.0,0.767,0.783,0.226,0.544,1.95,1,train
005090,7,4,0,7,4,1,2,6.564,19.597,3.31,0.169473,0.19,0.19,0.318,0.799,0.466,0.591,2.1,1,validation
005091,2,1,0,2,1,0,0,7.672,10.574,2.81,0.136733,0.0,0.16,0.792,0.959,0.133,0.554,2.06,0,test
005092,6,1,1,5,1,0,1,23.97,50.185,0.15,0.008376,0.167,0.063,0.636,0.79,0.295,0.573,2.24,0,test
005093,4,1,0,4,0,0,0,48.631,67.577,3.1,0.005868,0.083,0.0,0.883,0.659,0.218,0.307,2.23,0,train
005094,7,1,0,6,1,1,1,10.472,33.847,3.46,0.063064,0.143,0.097,0.325,0.778,0.471,0.565,1.52,0,train
005095,6,6,0,6,3,1,1,5.906,24.737,3.0,0.137405,0.111,0.11,0.338,0.802,0.453,0.609,2.12,1,train
005096,11,2,0,11,1,2,1,9.119,27.086,0.48,0.098579,0.242,0.101,0.104,0.702,0.627,0.587,2.35,0,train
005097,9,0,2,7,0,2,0,18.744,43.621,5.68,0.044822,0.259,0.0,0.767,0.734,0.248,0.508,1.93,0,train
005098,14,7,1,13,3,7,1,8.994,23.241,0.25,0.083043,0.5,0.031,0.371,0.702,0.48,0.68,2.69,1,train
005099,6,0,0,6,0,1,0,16.673,40.276,6.83,0.06733,0.167,0.0,0.767,0.745,0.243,0.469,2.16,0,train
005100,2,2,0,2,0,0,0,28.788,51.494,2.97,0.004517,0.0,0.0,1.0,0.848,0.069,0.41,1.67,0,train
005101,5,1,0,4,0,1,0,30.769,53.583,0.21,0.008322,0.267,0.0,0.65,0.587,0.378,0.43,2.0,0,train
005102,11,3,2,9,0,2,1,4.593,32.79,0.84,0.079493,0.242,0.099,0.123,0.809,0.568,0.649,2.9,0,train
005103,8,0,0,8,0,3,0,11.086,23.423,3.52,0.084403,0.333,0.026,0.63,0.775,0.305,0.528,2.87,0,validation
005104,10,4,1,9,2,3,1,5.791,25.042,0.85,0.081251,0.267,0.093,0.162,0.803,0.55,0.618,2.22,1,train
005105,4,1,0,4,1,1,0,9.201,12.491,1.87,0.064929,0.167,0.0,0.767,0.785,0.225,0.572,1.92,0,validation
005106,8,4,8,0,1,1,0,8.353,25.017,1.04,0.03786,0.375,0.0,0.65,0.706,0.325,0.813,3.03,1,train
005107,1,0,1,0,0,0,0,10.05,10.05,5.15,0.020878,0.333,0.0,0.883,0.863,0.126,0.68,2.64,0,test
005108,3,0,0,3,0,1,0,36.458,49.095,5.57,0.003572,0.222,0.0,0.767,0.64,0.29,0.337,1.91,0,train
005109,6,6,0,6,4,1,1,6.398,20.086,2.57,0.178111,0.111,0.068,0.5,0.799,0.365,0.608,2.04,1,test
005110,3,2,1,2,0,1,0,52.07,62.585,2.78,0.003161,0.333,0.0,0.767,0.558,0.327,0.48,3.1,0,train
005111,13,3,0,13,0,3,0,18.158,40.557,0.35,0.037419,0.282,0.0,0.767,0.737,0.247,0.459,2.76,0,test
005112,6,1,1,4,1,0,1,4.605,25.774,3.16,0.109349,0.167,0.183,0.259,0.892,0.456,0.642,1.96,1,train
005113,3,1,0,3,0,2,0,39.03,57.093,0.02,0.005666,0.556,0.0,0.65,0.543,0.398,0.479,1.93,0,validation
005114,5,1,4,1,0,0,0,9.86,17.837,2.28,0.023281,0.067,0.0,0.883,0.864,0.125,0.674,2.2,1,train
005115,6,3,2,4,0,1,1,23.622,37.213,2.34,0.011152,0.278,0.095,0.396,0.708,0.463,0.586,2.5,0,train
005116,10,4,3,7,1,5,0,15.45,31.714,0.17,0.01391,0.5,0.024,0.494,0.668,0.428,0.617,2.96,1,validation
005117,4,1,0,4,0,0,0,25.807,48.364,0.58,0.008159,0.25,0.0,0.883,0.78,0.163,0.541,1.99,0,train
005118,3,1,0,3,1,0,1,7.004,15.11,0.07,0.302147,0.0,0.357,0.35,0.963,0.374,0.613,1.53,0,validation
005119,12,9,1,11,4,5,0,7.537,31.284,0.6,0.143856,0.389,0.01,0.689,0.793,0.264,0.661,1.98,1,test
005120,5,1,0,4,1,2,1,4.326,15.889,3.45,0.18442,0.4,0.2,0.117,0.81,0.571,0.633,2.43,1,train
005121,1,1,0,1,0,0,0,31.032,31.032,3.26,0.004013,0.0,0.0,1.0,0.836,0.074,0.384,1.71,0,train
005122,5,1,0,4,0,3,1,15.38,37.07,1.78,0.033942,0.667,0.126,0.24,0.669,0.567,0.528,2.87,0,train
005123,5,3,0,5,0,0,0,7.513,40.003,0.04,0.148575,0.0,0.066,0.785,0.96,0.136,0.556,2.04,0,validation
005124,1,1,1,0,1,0,0,8.074,8.074,2.99,0.02864,0.0,0.0,1.0,0.957,0.019,0.689,2.8,1,train
005125,7,1,0,7,0,2,0,11.757,32.052,1.99,0.088322,0.333,0.03,0.63,0.771,0.306,0.518,2.95,0,train
005126,15,8,0,15,4,10,1,5.169,23.393,2.65,0.094235,0.511,0.072,0.02,0.723,0.664,0.623,2.91,1,train
005127,5,1,0,5,1,1,1,3.845,18.845,3.02,0.105333,0.333,0.2,0.117,0.813,0.57,0.656,2.35,1,train
005128,6,6,0,6,5,2,2,5.948,15.563,2.61,0.163769,0.222,0.207,0.331,0.802,0.457,0.622,2.12,1,train
005129,4,2,0,4,2,0,0,9.682,15.057,0.15,0.067578,0.167,0.0,0.883,0.865,0.125,0.682,2.76,1,train
005130,1,1,0,1,1,0,0,16.835,16.835,3.29,0.017634,0.0,0.0,1.0,0.911,0.04,0.477,1.79,0,test
005131,11,4,10,1,3,1,0,6.158,18.991,0.07,0.052893,0.242,0.006,0.728,0.801,0.239,0.773,2.87,1,train
005132,5,1,0,5,1,1,0,13.49,22.856,3.36,0.061595,0.133,0.062,0.565,0.762,0.346,0.51,2.38,0,train
005133,7,6,5,2,5,2,1,4.829,15.698,0.12,0.160101,0.286,0.13,0.175,0.808,0.54,0.719,2.91,1,train
005134,9,3,0,9,1,7,2,6.452,22.097,0.04,0.096137,0.63,0.156,0.091,0.716,0.628,0.686,2.25,0,test
005135,7,7,0,6,3,5,0,10.332,30.513,2.63,0.095647,0.476,0.0,0.767,0.779,0.228,0.568,1.84,1,test
005136,6,6,0,5,4,0,1,4.019,17.355,2.39,0.128018,0.167,0.198,0.24,0.895,0.465,0.694,2.27,1,test
005137,13,7,3,10,3,2,1,7.947,28.171,2.55,0.077413,0.333,0.058,0.162,0.708,0.592,0.713,3.1,1,train
005138,10,4,0,10,4,3,1,4.357,24.533,0.61,0.103196,0.3,0.111,0.123,0.81,0.568,0.646,1.57,1,train
005139,4,0,0,4,0,0,1,5.663,21.073,3.62,0.106788,0.083,0.233,0.279,0.887,0.448,0.617,2.25,0,train
005140,5,1,0,5,0,1,1,7.539,22.875,0.6,0.133122,0.4,0.11,0.292,0.71,0.52,0.654,2.12,0,test
005141,2,0,0,2,0,0,0,44.371,49.067,16.09,0.00514,0.0,0.0,1.0,0.765,0.106,0.284,2.04,0,train
005142,1,1,1,0,1,0,0,8.414,8.414,1.32,0.021734,0.0,0.0,1.0,0.955,0.02,0.764,0.15,1,train
005143,5,2,0,5,1,1,0,23.543,36.666,0.77,0.010256,0.133,0.0,0.767,0.709,0.259,0.548,1.97,0,train
005144,4,4,0,4,2,2,0,16.23,24.907,2.87,0.018058,0.333,0.0,0.767,0.747,0.242,0.514,1.75,1,train
005145,13,4,0,13,3,11,1,9.508,20.034,2.62,0.091451,0.641,0.063,0.234,0.7,0.556,0.648,2.96,1,train
005146,3,2,0,2,0,0,0,28.716,44.372,0.16,0.005815,0.111,0.0,0.883,0.765,0.17,0.459,1.86,0,train
005147,1,0,1,0,0,0,0,18.9,18.9,5.73,0.004705,0.0,0.0,1.0,0.9,0.045,0.594,1.23,0,train
005148,9,3,0,9,3,4,0,7.031,35.762,0.09,0.099903,0.37,0.0,0.767,0.796,0.22,0.689,2.89,1,train
005149,7,2,1,6,1,1,1,21.769,35.353,3.32,0.012698,0.286,0.077,0.299,0.635,0.55,0.562,2.94,1,train
005150,3,1,0,3,1,0,0,15.902,29.465,2.59,0.031794,0.222,0.11,0.669,0.832,0.258,0.527,2.31,0,train
005151,4,2,0,4,1,1,0,9.31,22.38,3.17,0.07701,0.25,0.0,0.767,0.784,0.226,0.533,2.08,1,validation
005152,7,2,0,7,0,3,1,13.683,33.352,0.88,0.029935,0.333,0.13,0.175,0.761,0.561,0.562,2.31,0,train
005153,6,1,0,5,0,0,0,33.905,55.448,0.12,0.006178,0.167,0.0,0.883,0.737,0.182,0.459,1.95,0,train
005154,5,5,0,5,2,3,0,13.375,23.293,1.83,0.028013,0.467,0.0,0.767,0.763,0.235,0.53,1.75,1,test
005155,5,1,0,4,0,0,0,24.198,48.006,0.25,0.018917,0.067,0.0,0.883,0.789,0.159,0.442,2.11,0,test
005156,6,2,0,6,2,1,0,8.398,17.59,3.07,0.141272,0.222,0.007,0.741,0.789,0.238,0.532,2.0,1,train
005157,9,5,2,7,1,0,1,7.885,34.427,2.17,0.110207,0.037,0.056,0.558,0.875,0.299,0.567,1.83,1,test
005158,4,1,0,4,0,1,0,31.275,55.783,0.61,0.008187,0.167,0.0,0.767,0.668,0.278,0.425,2.87,0,train
005159,6,1,0,6,0,0,0,11.116,46.857,0.27,0.056912,0.111,0.0,0.883,0.858,0.128,0.508,2.13,0,train
005160,13,3,0,13,0,2,2,7.866,33.242,2.56,0.117338,0.333,0.126,0.208,0.708,0.567,0.579,2.28,0,train
005161,5,2,0,5,2,1,0,7.154,17.783,0.24,0.12573,0.333,0.044,0.624,0.795,0.299,0.699,2.18,1,test
005162,15,3,1,14,1,11,1,10.664,25.371,2.58,0.065246,0.533,0.035,0.305,0.694,0.52,0.631,3.0,0,test
005163,7,1,0,7,0,4,1,7.137,24.842,1.98,0.175333,0.381,0.101,0.305,0.796,0.474,0.589,2.1,0,train
005164,9,1,0,7,0,2,2,11.618,28.132,1.04,0.119858,0.296,0.177,0.13,0.688,0.619,0.611,1.57,0,train
005165,8,1,8,0,1,4,0,7.312,26.014,0.16,0.051657,0.625,0.0,0.65,0.711,0.322,0.904,3.02,1,train
005166,8,1,0,8,1,0,0,10.401,30.569,0.17,0.112111,0.083,0.0,0.883,0.862,0.126,0.663,2.88,1,train
005167,5,1,0,4,0,1,0,21.823,47.008,0.26,0.02827,0.267,0.002,0.643,0.634,0.361,0.515,2.17,0,validation
005168,5,3,3,2,0,3,0,44.244,57.269,1.31,0.004587,0.4,0.0,0.767,0.599,0.309,0.558,3.11,0,train
005169,1,0,0,1,0,0,0,32.11,32.11,5.92,0.004713,0.0,0.0,1.0,0.83,0.076,0.366,1.75,0,train
005170,5,4,3,2,4,1,1,4.518,9.323,1.35,0.162435,0.267,0.08,0.539,0.809,0.339,0.774,2.24,1,train
005171,17,2,1,16,1,14,2,6.004,24.374,0.05,0.118669,0.706,0.099,0.123,0.718,0.609,0.685,2.29,0,train
005172,2,1,1,1,1,0,1,5.53,13.043,2.32,0.167033,0.0,0.305,0.603,0.971,0.231,0.646,2.01,1,validation
005173,7,1,0,7,0,0,0,33.651,46.604,3.1,0.011744,0.238,0.0,0.883,0.739,0.182,0.356,2.19,0,validation
005174,7,1,0,7,0,3,1,10.102,23.201,2.37,0.093293,0.476,0.05,0.423,0.697,0.454,0.611,2.86,0,train
005175,4,2,0,4,0,0,0,24.382,38.678,0.23,0.014774,0.083,0.0,0.883,0.788,0.16,0.429,2.05,0,train
005176,5,1,0,5,1,1,0,13.993,23.252,1.05,0.067965,0.2,0.0,0.767,0.759,0.237,0.547,2.91,0,validation
005177,5,0,0,5,0,1,2,7.204,20.362,4.3,0.125025,0.2,0.304,0.149,0.712,0.597,0.642,2.47,0,test
005178,15,3,0,14,2,2,4,4.316,25.9,1.82,0.0891,0.222,0.219,0.0,0.727,0.673,0.677,2.32,0,validation
005179,6,4,0,6,2,3,1,5.955,25.241,0.23,0.157001,0.556,0.107,0.234,0.718,0.548,0.698,2.89,1,test
005180,6,6,0,6,3,1,0,7.439,26.428,3.0,0.136755,0.167,0.022,0.682,0.794,0.268,0.556,2.0,1,train
005181,5,0,0,3,0,1,0,40.226,52.14,15.78,0.010711,0.267,0.0,0.767,0.62,0.299,0.312,2.11,0,train
005182,10,1,0,9,1,3,1,4.758,20.877,2.82,0.062818,0.267,0.14,0.007,0.725,0.67,0.627,2.79,0,train
005183,2,0,0,2,0,0,0,36.417,42.8,16.8,0.005634,0.333,0.0,0.883,0.724,0.188,0.364,2.0,0,validation
005184,4,4,0,4,3,1,1,6.109,18.534,2.6,0.211349,0.167,0.142,0.396,0.801,0.422,0.619,2.03,1,validation
005185,6,2,2,4,2,3,0,7.419,19.387,1.52,0.098831,0.444,0.01,0.728,0.794,0.242,0.788,2.64,1,validation
005186,11,5,0,11,3,5,1,4.582,25.502,0.02,0.120695,0.333,0.098,0.136,0.809,0.561,0.638,2.79,1,train
005187,2,2,0,2,0,0,0,26.716,31.107,2.77,0.005239,0.167,0.0,0.883,0.775,0.165,0.418,1.69,0,train
005188,6,4,2,4,3,2,1,8.685,28.506,2.4,0.136646,0.222,0.058,0.539,0.787,0.349,0.667,2.14,1,train
005189,9,0,0,9,0,4,1,9.658,22.766,3.54,0.067853,0.407,0.103,0.052,0.699,0.657,0.589,2.9,0,test
005190,14,4,0,11,2,12,1,7.07,20.136,2.37,0.065301,0.643,0.067,0.189,0.713,0.576,0.59,2.89,1,train
005191,12,3,0,12,1,2,1,5.826,29.884,0.37,0.125662,0.25,0.067,0.247,0.802,0.503,0.605,1.75,0,train
005192,4,1,0,4,0,0,0,16.874,46.679,2.21,0.043448,0.167,0.0,0.883,0.827,0.142,0.468,1.7,0,test
005193,4,3,0,3,3,0,2,3.631,9.529,2.36,0.10023,0.083,0.443,0.305,0.897,0.428,0.62,2.22,1,train
005194,2,0,0,2,0,0,0,35.763,48.46,12.68,0.006334,0.167,0.0,0.883,0.727,0.187,0.342,1.95,0,train
005195,3,2,0,3,1,0,0,23.654,41.551,0.45,0.006288,0.111,0.0,0.883,0.791,0.158,0.562,1.76,0,train
005196,7,6,1,6,2,4,0,15.372,36.774,0.08,0.01768,0.381,0.0,0.767,0.752,0.24,0.53,1.74,1,train
005197,1,1,0,1,0,0,0,75.122,75.122,1.81,0.000621,0.0,0.0,1.0,0.602,0.179,0.357,1.68,0,test
005198,11,4,1,10,1,6,2,8.918,26.576,0.19,0.109745,0.455,0.105,0.254,0.703,0.544,0.636,2.84,1,validation
005199,3,0,0,3,0,0,0,15.957,25.851,3.68,0.017838,0.111,0.0,0.883,0.832,0.14,0.474,1.77,0,validation
005200,7,2,0,7,1,1,1,15.943,47.299,0.33,0.026464,0.238,0.069,0.455,0.749,0.413,0.619,2.47,0,test
005201,7,4,0,7,3,2,1,6.769,19.488,3.06,0.167812,0.381,0.061,0.487,0.797,0.373,0.575,2.1,1,train
005202,3,0,0,3,0,0,0,30.966,38.994,17.48,0.010133,0.333,0.0,0.883,0.753,0.175,0.4,2.13,0,train
005203,12,9,1,11,5,5,1,4.767,28.193,0.62,0.13893,0.389,0.075,0.182,0.808,0.536,0.679,2.22,1,train
005204,1,0,0,1,0,0,0,37.123,37.123,20.21,0.011036,0.333,0.0,0.883,0.72,0.19,0.359,2.97,0,train
005205,1,0,0,1,0,0,0,15.862,15.862,3.55,0.023033,0.0,0.0,1.0,0.916,0.038,0.474,1.8,0,train
005206,4,4,0,3,2,0,1,5.094,22.204,2.85,0.089349,0.0,0.19,0.506,0.973,0.284,0.552,2.07,1,test
005207,3,0,1,2,0,0,0,38.573,49.714,4.19,0.001927,0.0,0.0,1.0,0.796,0.092,0.463,2.98,0,validation
005208,3,0,1,2,0,0,0,38.564,47.319,4.19,0.001926,0.0,0.0,1.0,0.796,0.092,0.463,3.0,0,train
005209,15,2,0,15,1,4,1,10.037,33.637,0.46,0.05818,0.311,0.055,0.111,0.697,0.626,0.586,2.48,0,train
005210,6,1,0,6,1,0,1,24.191,46.551,0.18,0.010825,0.167,0.138,0.344,0.789,0.456,0.571,2.21,0,train
005211,6,1,1,5,0,0,0,20.302,32.756,0.03,0.010462,0.0,0.03,0.883,0.893,0.113,0.585,2.23,0,validation
005212,2,1,0,1,0,0,0,8.256,17.157,2.14,0.088746,0.0,0.0,1.0,0.956,0.02,0.468,2.07,0,test
005213,8,6,5,3,5,2,0,11.176,21.443,0.4,0.054806,0.292,0.02,0.663,0.774,0.287,0.684,2.98,1,test
005214,10,1,0,8,0,1,1,6.298,29.5,0.8,0.24434,0.233,0.095,0.149,0.8,0.558,0.614,1.57,0,train
005215,2,0,0,2,0,0,0,59.445,61.016,3.83,0.001166,0.0,0.0,1.0,0.685,0.142,0.28,1.84,0,train
005216,12,4,0,12,0,1,1,9.446,28.791,1.0,0.140564,0.25,0.082,0.156,0.783,0.562,0.555,2.03,0,validation
005217,6,1,1,5,0,1,1,4.117,24.576,2.94,0.041327,0.222,0.245,0.117,0.812,0.571,0.678,2.59,0,train
005218,1,1,1,0,1,0,0,7.716,7.716,2.64,0.030644,0.0,0.0,1.0,0.959,0.018,0.708,2.8,1,train
005219,2,1,0,2,0,0,0,56.531,60.443,0.39,0.001365,0.0,0.0,1.0,0.701,0.135,0.422,1.61,0,train
005220,11,1,0,11,0,5,0,17.857,39.407,0.18,0.031484,0.333,0.0,0.767,0.739,0.246,0.53,2.2,0,test
005221,4,3,0,4,2,0,0,7.838,29.551,2.36,0.33718,0.083,0.072,0.695,0.875,0.224,0.592,1.97,1,train
005222,3,1,0,3,0,0,0,20.75,36.412,0.38,0.04427,0.222,0.01,0.864,0.807,0.162,0.471,2.15,0,train
005223,2,2,0,2,2,0,0,10.32,14.002,2.74,0.055925,0.167,0.0,0.883,0.862,0.126,0.546,1.74,1,train
005224,1,0,0,1,0,0,0,17.793,17.793,8.93,0.038483,0.0,0.0,1.0,0.906,0.042,0.461,0.58,0,train
005225,1,0,0,1,0,0,0,47.715,47.715,3.72,0.001646,0.0,0.0,1.0,0.747,0.114,0.28,1.64,0,test
005226,16,11,15,1,11,1,1,4.858,15.478,0.02,0.212202,0.25,0.061,0.02,0.724,0.663,0.798,1.94,1,train
005227,3,1,0,3,0,1,0,20.131,33.885,2.15,0.026867,0.333,0.0,0.65,0.643,0.353,0.446,3.14,0,test
005228,5,1,1,4,1,1,0,21.744,42.258,0.43,0.007936,0.2,0.0,0.767,0.718,0.255,0.575,2.04,0,test
005229,10,0,0,9,0,3,1,13.299,39.192,4.6,0.065135,0.367,0.117,0.13,0.68,0.623,0.555,1.5,0,validation
005230,1,0,1,0,0,0,0,18.351,18.351,10.01,0.005967,0.0,0.0,1.0,0.903,0.044,0.598,0.95,0,validation
005231,1,1,1,0,1,0,0,8.373,8.373,3.38,0.031448,0.0,0.0,1.0,0.956,0.02,0.67,2.74,1,test
005232,2,1,0,2,0,0,0,60.626,62.583,3.42,0.001086,0.0,0.0,1.0,0.679,0.144,0.284,1.83,0,validation
005233,2,2,0,2,0,0,0,31.208,34.438,1.15,0.003176,0.0,0.0,1.0,0.835,0.074,0.436,1.78,0,train
005234,7,2,1,6,1,1,1,23.289,36.295,3.43,0.015093,0.286,0.054,0.403,0.627,0.496,0.559,2.96,1,train
005235,5,1,1,4,0,0,0,29.895,54.248,3.45,0.003986,0.133,0.0,0.883,0.758,0.173,0.422,3.11,0,train
005236,4,1,0,4,0,1,0,22.592,53.338,0.6,0.015518,0.25,0.0,0.65,0.63,0.359,0.429,2.57,0,train
005237,4,2,0,3,0,1,0,48.32,64.042,0.29,0.002608,0.25,0.0,0.65,0.494,0.42,0.427,1.95,0,train
005238,4,3,0,4,1,0,0,24.446,43.265,0.06,0.006427,0.0,0.0,1.0,0.871,0.058,0.531,1.91,0,test
005239,8,1,3,5,1,1,0,14.833,35.068,0.14,0.07692,0.208,0.0,0.767,0.755,0.239,0.667,2.1,0,validation
005240,3,1,1,2,1,0,1,4.612,17.32,3.17,0.109715,0.222,0.32,0.259,0.892,0.456,0.641,1.6,1,train
005241,11,5,1,10,4,4,3,3.748,18.069,1.71,0.129886,0.333,0.198,0.123,0.813,0.566,0.754,2.45,1,train
005242,4,0,0,4,0,1,1,18.313,24.173,9.41,0.066379,0.25,0.18,0.299,0.736,0.504,0.506,2.75,0,train
005243,2,1,0,2,0,0,0,34.041,49.589,3.09,0.010454,0.167,0.0,0.883,0.736,0.183,0.398,1.8,0,train
005244,4,1,2,2,0,1,0,26.115,42.342,0.29,0.005432,0.333,0.0,0.65,0.612,0.367,0.626,2.16,0,test
005245,16,2,3,13,1,13,1,9.72,26.768,0.08,0.088812,0.667,0.079,0.026,0.699,0.671,0.655,2.43,0,train
005246,5,1,0,5,0,0,0,18.932,32.368,0.89,0.022703,0.267,0.0,0.883,0.816,0.147,0.498,2.01,0,train
005247,7,0,0,7,0,3,0,8.821,29.669,3.65,0.105021,0.333,0.0,0.767,0.787,0.224,0.521,2.01,0,test
005248,7,2,4,3,1,0,1,5.464,20.61,2.18,0.169781,0.095,0.11,0.389,0.888,0.386,0.628,2.11,1,validation
005249,4,1,0,4,0,1,0,26.085,59.09,0.65,0.011816,0.333,0.0,0.65,0.612,0.367,0.41,2.7,0,test
005250,9,6,0,9,5,2,0,10.096,28.033,0.16,0.063464,0.333,0.0,0.767,0.78,0.227,0.673,1.85,1,train
005251,11,5,0,11,3,8,2,4.58,21.502,2.42,0.135329,0.515,0.15,0.058,0.726,0.641,0.655,2.95,1,test
005252,2,0,0,2,0,0,0,46.401,58.314,4.62,0.001805,0.0,0.0,1.0,0.754,0.111,0.28,1.67,0,validation
005253,10,4,0,10,2,5,1,4.467,23.024,0.12,0.072054,0.467,0.1,0.0,0.726,0.673,0.71,2.63,0,validation
005254,2,0,0,2,0,0,1,9.204,22.968,6.98,0.020655,0.167,0.51,0.266,0.868,0.463,0.595,3.12,0,train
005255,8,7,0,7,5,3,1,3.37,21.423,2.33,0.11641,0.333,0.125,0.117,0.815,0.569,0.675,2.44,1,validation
005256,3,1,0,3,0,0,0,16.518,44.899,1.9,0.03974,0.222,0.0,0.883,0.829,0.141,0.497,2.05,0,train
005257,4,4,0,4,2,0,0,7.916,28.435,2.15,0.129552,0.167,0.077,0.682,0.875,0.231,0.553,2.03,1,test
005258,4,2,4,0,2,0,0,7.234,16.215,1.06,0.03522,0.0,0.0,1.0,0.962,0.017,0.697,2.77,1,train
005259,6,0,2,4,0,2,0,18.427,30.067,4.5,0.029086,0.278,0.0,0.767,0.736,0.247,0.612,2.7,0,test
005260,10,1,0,9,0,3,0,10.313,31.034,0.77,0.096557,0.333,0.0,0.65,0.695,0.33,0.518,1.57,0,train
005261,6,1,0,6,0,1,1,5.628,43.421,2.01,0.078993,0.222,0.165,0.123,0.804,0.571,0.622,2.22,0,train
005262,2,1,0,2,0,0,0,46.206,62.898,1.23,0.009278,0.0,0.0,1.0,0.755,0.11,0.384,1.76,0,validation
005263,4,2,1,2,2,0,0,5.498,17.058,0.61,0.152421,0.083,0.115,0.714,0.888,0.208,0.729,2.53,1,train
005264,6,6,0,6,2,2,0,9.339,27.144,0.2,0.098922,0.278,0.0,0.767,0.784,0.226,0.547,1.84,1,train
005265,5,1,0,5,0,2,0,11.939,20.329,1.13,0.081713,0.4,0.0,0.767,0.77,0.232,0.538,2.86,0,train
005266,5,0,0,5,0,0,1,15.068,24.213,3.59,0.046585,0.133,0.07,0.656,0.837,0.263,0.508,2.16,0,train
005267,3,2,1,2,0,0,0,27.535,36.649,0.68,0.005155,0.0,0.0,1.0,0.854,0.066,0.459,1.72,0,train
005268,2,1,0,2,0,0,0,49.702,52.637,2.04,0.004629,0.0,0.0,1.0,0.737,0.118,0.347,1.87,0,train
005269,6,2,0,6,2,1,1,4.038,21.517,2.37,0.241295,0.167,0.167,0.117,0.812,0.57,0.662,2.26,1,validation
005270,2,1,1,1,0,0,0,17.992,22.448,3.22,0.022584,0.167,0.0,0.883,0.821,0.145,0.58,1.85,1,test
005271,4,1,1,3,0,1,0,11.031,44.611,0.48,0.034217,0.25,0.0,0.65,0.692,0.331,0.726,2.09,0,train
005272,5,1,0,5,0,0,0,19.865,36.984,0.12,0.014383,0.067,0.0,0.883,0.812,0.149,0.511,2.04,0,train
005273,6,1,1,4,1,0,2,4.613,23.798,3.16,0.109334,0.222,0.282,0.259,0.892,0.456,0.642,2.01,1,train
005274,9,2,0,9,1,6,0,10.915,25.886,1.79,0.067091,0.481,0.0,0.767,0.776,0.229,0.539,2.95,1,validation
005275,5,2,0,5,1,1,0,23.489,40.142,0.64,0.004888,0.2,0.0,0.767,0.709,0.259,0.554,1.83,0,test
005276,7,3,1,6,1,1,0,10.618,30.676,0.46,0.092329,0.19,0.036,0.604,0.777,0.318,0.591,2.75,0,train
005277,3,1,0,3,1,0,0,19.257,22.396,1.04,0.012529,0.111,0.0,0.883,0.815,0.148,0.532,1.94,0,train
005278,8,1,6,2,1,1,0,13.498,18.451,2.46,0.064129,0.167,0.0,0.767,0.762,0.235,0.648,2.73,1,train
005279,2,2,0,2,1,0,0,22.793,34.979,2.84,0.01151,0.0,0.0,1.0,0.879,0.054,0.456,1.69,0,train
005280,14,5,1,13,2,9,1,6.154,29.2,2.33,0.171702,0.452,0.036,0.442,0.801,0.397,0.613,2.85,1,test
005281,3,0,3,0,0,0,0,12.144,18.239,5.22,0.018113,0.111,0.0,0.883,0.852,0.131,0.666,1.84,0,train
005282,5,1,2,3,0,1,0,38.551,53.777,0.19,0.006315,0.267,0.0,0.65,0.546,0.397,0.543,2.23,0,train
005283,4,1,0,4,0,1,2,7.059,15.903,1.38,0.121192,0.417,0.302,0.104,0.713,0.622,0.63,2.56,0,train
005284,3,1,0,3,0,2,0,38.72,58.83,0.02,0.004884,0.556,0.0,0.65,0.545,0.397,0.481,1.94,0,train
005285,4,1,0,4,0,1,1,6.911,24.569,0.71,0.133919,0.333,0.177,0.305,0.797,0.474,0.617,2.93,0,train
005286,8,0,2,6,0,5,1,13.82,24.46,6.77,0.058984,0.458,0.068,0.319,0.677,0.52,0.612,3.14,0,validation
005287,8,3,2,6,3,3,2,3.234,14.904,2.93,0.15898,0.375,0.234,0.117,0.816,0.569,0.664,2.76,1,validation
005288,7,1,0,7,1,1,0,7.021,39.457,0.09,0.100039,0.19,0.029,0.52,0.713,0.393,0.689,2.66,1,train
005289,5,3,1,4,1,1,0,10.24,31.825,2.38,0.112216,0.133,0.0,0.767,0.779,0.228,0.653,2.07,1,train
005290,3,1,0,3,0,0,0,41.87,48.537,0.2,0.00874,0.0,0.0,1.0,0.778,0.1,0.452,1.93,0,train
005291,8,1,0,8,1,3,1,5.165,29.006,3.23,0.118118,0.292,0.111,0.188,0.806,0.534,0.629,2.23,1,validation
005292,1,0,0,1,0,0,0,13.74,13.74,4.27,0.052015,0.0,0.0,1.0,0.927,0.033,0.488,0.1,0,validation
005293,3,2,0,3,2,0,1,4.394,10.247,2.87,0.07516,0.0,0.33,0.357,0.977,0.364,0.636,2.37,1,train
005294,9,1,4,5,1,0,1,16.722,36.152,0.12,0.019365,0.148,0.077,0.435,0.828,0.388,0.632,2.42,0,test
005295,4,1,0,4,0,0,0,10.352,31.948,2.02,0.179876,0.167,0.0,0.883,0.862,0.126,0.511,1.72,0,train
005296,2,2,0,2,0,0,0,28.002,45.056,0.33,0.005331,0.0,0.0,1.0,0.852,0.067,0.425,1.69,0,train
005297,4,1,0,4,0,1,0,44.373,55.845,0.76,0.00265,0.333,0.0,0.767,0.598,0.309,0.405,1.76,0,validation
005298,4,2,0,4,1,1,0,24.886,34.475,1.33,0.012368,0.167,0.0,0.767,0.702,0.263,0.513,2.06,0,train
005299,4,1,0,3,0,1,0,30.048,50.036,0.04,0.026027,0.25,0.0,0.65,0.591,0.377,0.438,2.16,0,train
005300,7,1,1,6,1,0,1,10.514,20.552,2.57,0.089475,0.19,0.121,0.331,0.861,0.431,0.578,2.99,0,train
005301,1,1,1,0,1,0,0,7.891,7.891,2.16,0.022147,0.0,0.0,1.0,0.958,0.019,0.729,1.6,1,test
005302,1,1,0,1,0,0,0,72.755,72.755,3.3,0.000593,0.0,0.0,1.0,0.615,0.173,0.289,1.6,0,train
005303,2,0,0,2,0,0,0,50.565,56.992,4.75,0.004231,0.0,0.0,1.0,0.732,0.12,0.28,1.77,0,train
005304,1,1,0,1,1,0,0,13.558,13.558,2.13,0.038514,0.0,0.0,1.0,0.928,0.032,0.552,0.04,0,train
005305,1,0,0,1,0,0,0,38.821,38.821,4.14,0.002738,0.0,0.0,1.0,0.794,0.092,0.321,1.75,0,validation
005306,7,7,0,7,3,4,0,11.889,29.515,0.61,0.038562,0.476,0.0,0.767,0.77,0.232,0.54,1.77,1,train
005307,1,1,0,1,1,0,0,13.654,13.654,2.72,0.029022,0.0,0.0,1.0,0.928,0.033,0.525,1.79,0,train
005308,7,0,0,5,0,0,1,31.657,45.427,13.4,0.014008,0.095,0.073,0.552,0.749,0.359,0.41,2.28,0,train
005309,2,1,1,1,0,0,0,32.622,36.566,0.14,0.002097,0.0,0.0,1.0,0.827,0.078,0.503,1.55,0,train
005310,4,3,0,3,3,0,0,6.112,12.21,2.33,0.120452,0.167,0.095,0.708,0.884,0.213,0.553,1.98,1,validation
005311,15,1,2,13,0,5,0,30.897,52.852,1.88,0.004651,0.444,0.0,0.65,0.586,0.379,0.567,2.92,0,train
005312,7,1,1,6,0,3,0,15.748,33.989,3.01,0.018997,0.333,0.0,0.767,0.75,0.241,0.585,2.84,0,test
005313,4,0,0,4,0,2,1,28.707,42.321,13.64,0.044173,0.583,0.135,0.299,0.598,0.566,0.49,2.24,0,train
005314,13,4,1,12,2,9,0,8.729,22.353,0.13,0.196032,0.538,0.008,0.592,0.704,0.358,0.632,2.33,1,validation
005315,4,2,0,4,1,1,1,5.85,29.568,1.95,0.176562,0.167,0.16,0.351,0.802,0.446,0.629,2.82,1,test
005316,8,0,1,6,0,0,0,32.047,45.298,5.98,0.012489,0.208,0.0,0.883,0.747,0.178,0.447,2.15,0,train
005317,1,0,1,0,0,0,0,10.668,10.668,5.79,0.022569,0.333,0.0,0.883,0.86,0.127,0.676,2.54,0,train
005318,10,1,0,8,0,3,0,8.196,28.974,1.06,0.13023,0.367,0.022,0.579,0.707,0.364,0.568,1.59,0,validation
005319,6,6,0,6,5,2,2,2.873,15.45,2.62,0.107846,0.333,0.333,0.0,0.735,0.669,0.738,2.68,1,validation
005320,13,1,0,13,1,5,0,8.408,31.145,0.31,0.126209,0.385,0.001,0.76,0.789,0.227,0.589,2.03,0,train
005321,11,2,0,11,1,5,2,5.825,28.053,0.64,0.158902,0.455,0.145,0.143,0.719,0.598,0.634,1.57,1,train
005322,4,1,0,4,0,0,1,13.659,33.326,0.45,0.048636,0.25,0.135,0.532,0.844,0.327,0.559,2.2,0,train
005323,3,1,1,2,1,1,0,21.001,24.778,0.02,0.037138,0.444,0.0,0.65,0.639,0.355,0.66,1.88,0,test
005324,1,1,1,0,1,0,0,8.075,8.075,2.05,0.022514,0.0,0.0,1.0,0.957,0.019,0.732,2.17,1,train
005325,4,1,0,4,0,0,0,36.049,44.948,0.13,0.0036,0.25,0.0,0.883,0.726,0.188,0.434,1.86,0,train
005326,8,1,0,8,1,5,1,7.021,36.405,0.09,0.10013,0.5,0.056,0.357,0.713,0.483,0.689,3.06,1,train
005327,7,1,0,7,1,0,3,5.074,27.372,0.58,0.052665,0.048,0.39,0.246,0.89,0.464,0.625,3.03,0,validation
005328,2,1,0,2,0,0,0,39.014,54.761,1.65,0.003172,0.0,0.0,1.0,0.793,0.093,0.365,1.74,0,train
005329,1,0,1,0,0,0,0,9.36,9.36,4.15,0.018291,0.0,0.0,1.0,0.95,0.022,0.658,2.63,0,train
005330,6,6,0,6,4,0,2,4.108,20.928,2.4,0.227248,0.111,0.267,0.246,0.895,0.462,0.666,2.1,1,train
005331,1,0,0,1,0,0,0,31.706,31.706,3.52,0.00405,0.0,0.0,1.0,0.832,0.076,0.369,1.69,0,validation
005332,7,2,0,7,0,4,2,8.722,31.043,1.39,0.088448,0.429,0.131,0.305,0.704,0.515,0.587,2.25,0,train
005333,8,3,1,7,1,3,0,11.486,33.387,0.68,0.038945,0.292,0.0,0.767,0.773,0.231,0.643,2.51,0,train
005334,4,1,0,4,0,1,2,13.412,28.42,0.14,0.035142,0.417,0.277,0.26,0.679,0.551,0.575,2.23,0,test
005335,4,2,1,3,2,0,1,5.431,15.864,0.09,0.098126,0.167,0.237,0.266,0.888,0.454,0.773,2.29,1,validation
005336,7,2,6,1,2,1,1,6.912,17.371,1.07,0.09581,0.143,0.066,0.468,0.797,0.384,0.723,1.94,1,train
005337,3,0,0,3,0,0,0,16.281,21.934,7.79,0.066166,0.111,0.027,0.831,0.83,0.169,0.478,2.25,0,train
005338,1,0,1,0,0,0,0,20.785,20.785,5.73,0.003455,0.0,0.0,1.0,0.89,0.05,0.581,1.26,0,validation
005339,4,1,0,4,0,1,0,25.698,45.141,0.65,0.011068,0.25,0.0,0.767,0.697,0.265,0.539,2.03,0,train
005340,5,3,0,5,0,2,0,28.274,34.272,0.35,0.009389,0.333,0.0,0.767,0.684,0.271,0.488,1.56,0,train
005341,1,0,1,0,0,0,0,16.351,16.351,10.25,0.011712,0.0,0.0,1.0,0.913,0.039,0.611,0.86,0,train
005342,5,2,0,4,0,0,0,27.088,48.345,1.15,0.015751,0.133,0.0,0.883,0.773,0.166,0.426,2.14,0,validation
005343,2,1,0,2,0,0,0,49.184,50.745,2.07,0.004641,0.0,0.0,1.0,0.74,0.117,0.345,1.89,0,train
005344,1,1,0,1,1,0,0,21.421,21.421,0.17,0.007385,0.0,0.0,1.0,0.887,0.051,0.589,1.57,0,train
005345,5,4,0,5,4,2,0,7.979,16.17,2.47,0.127141,0.333,0.022,0.695,0.791,0.262,0.575,2.73,1,train
005346,3,3,0,3,2,0,1,3.343,18.657,2.79,0.051372,0.0,0.333,0.35,0.982,0.365,0.653,1.84,1,train
005347,5,1,0,5,1,3,0,19.794,33.352,1.92,0.109525,0.533,0.0,0.65,0.645,0.352,0.591,2.01,1,train
005348,10,6,1,9,3,1,1,3.398,24.861,0.42,0.154445,0.233,0.118,0.117,0.815,0.569,0.667,2.51,1,validation
005349,3,1,0,3,1,0,1,8.367,12.952,2.35,0.118503,0.222,0.18,0.532,0.872,0.315,0.577,2.05,1,validation
005350,7,6,0,7,5,1,2,4.079,15.365,2.43,0.149542,0.143,0.281,0.123,0.812,0.567,0.671,2.41,1,train
005351,2,0,0,2,0,1,0,15.478,16.701,7.66,0.050666,0.667,0.125,0.488,0.668,0.431,0.561,0.61,0,validation
005352,15,3,0,15,1,5,0,13.373,38.736,0.07,0.036076,0.333,0.003,0.741,0.763,0.249,0.624,2.36,0,train
005353,3,1,1,2,1,0,0,19.717,37.067,0.52,0.00932,0.0,0.0,1.0,0.896,0.047,0.585,1.93,0,train
005354,10,4,0,9,2,6,1,9.24,22.665,0.14,0.104201,0.567,0.045,0.377,0.701,0.477,0.601,3.06,0,test
005355,2,1,0,2,1,0,1,6.664,14.742,0.09,0.21042,0.0,0.5,0.35,0.965,0.373,0.616,1.52,0,train
005356,16,2,3,13,1,13,1,8.216,26.281,0.06,0.114939,0.688,0.052,0.24,0.707,0.55,0.657,2.41,0,train
005357,6,1,0,6,0,1,1,9.931,24.936,1.65,0.076922,0.167,0.135,0.24,0.781,0.517,0.579,2.43,0,train
005358,3,2,2,1,1,0,0,12.903,22.842,1.2,0.068317,0.0,0.0,1.0,0.932,0.031,0.679,2.63,1,validation
005359,4,2,0,3,0,3,0,16.589,31.393,1.82,0.038565,0.833,0.0,0.65,0.662,0.345,0.515,1.68,0,train
005360,9,4,1,8,1,2,1,7.976,35.78,0.01,0.14139,0.296,0.091,0.253,0.791,0.505,0.587,3.14,1,test
005361,5,4,0,5,3,1,1,5.984,21.043,0.24,0.167676,0.133,0.116,0.39,0.802,0.425,0.624,1.76,1,train
005362,8,4,0,7,4,3,1,3.561,19.568,2.67,0.212812,0.333,0.145,0.117,0.814,0.569,0.66,2.53,1,validation
005363,3,0,0,3,0,1,0,55.709,59.637,14.06,0.012233,0.444,0.0,0.65,0.455,0.438,0.36,1.93,0,test
005364,3,3,0,3,1,1,0,23.88,54.869,0.61,0.006461,0.222,0.0,0.767,0.707,0.26,0.55,1.78,0,test
005365,4,0,0,4,0,1,0,22.134,32.288,9.65,0.013532,0.333,0.0,0.767,0.716,0.256,0.445,1.81,0,validation
005366,13,4,0,12,1,4,2,4.682,30.678,0.3,0.124645,0.282,0.108,0.143,0.809,0.558,0.637,2.3,1,test
005367,7,0,0,7,0,5,1,12.128,24.636,7.57,0.059267,0.524,0.11,0.156,0.686,0.606,0.56,3.13,0,train
005368,3,2,0,3,2,1,1,3.01,24.693,2.79,0.074409,0.222,0.333,0.117,0.817,0.568,0.672,2.63,1,train
005369,3,1,1,2,1,1,1,6.376,19.17,3.12,0.051445,0.444,0.237,0.254,0.716,0.538,0.703,2.64,1,test
005370,4,1,1,3,1,0,0,19.767,40.768,0.52,0.009266,0.0,0.0,1.0,0.895,0.047,0.584,1.95,0,validation
005371,8,5,2,6,2,0,0,8.915,34.13,2.32,0.095376,0.083,0.0,0.883,0.869,0.123,0.553,1.91,1,train
005372,2,1,1,1,1,0,0,14.599,19.768,1.94,0.021308,0.0,0.0,1.0,0.923,0.035,0.554,1.76,0,train
005373,4,0,0,3,0,0,0,23.888,43.701,3.7,0.009591,0.0,0.0,1.0,0.874,0.057,0.421,2.4,0,train
005374,4,1,0,4,1,0,0,18.581,30.617,0.18,0.017737,0.083,0.0,0.883,0.818,0.146,0.608,2.21,0,validation
005375,2,1,0,2,0,0,0,33.653,40.628,0.51,0.004511,0.167,0.0,0.883,0.739,0.182,0.417,1.8,0,train
005376,4,0,0,4,0,2,1,13.74,18.928,3.85,0.044905,0.583,0.305,0.045,0.677,0.67,0.566,2.58,0,test
005377,3,2,0,3,0,0,0,50.911,59.507,0.33,0.002174,0.0,0.0,1.0,0.73,0.121,0.425,1.93,0,train
005378,3,1,1,2,1,1,1,9.472,27.118,0.2,0.051849,0.333,0.287,0.091,0.7,0.635,0.668,2.34,1,train
005379,7,4,0,7,3,1,0,10.562,21.554,1.99,0.067131,0.286,0.0,0.767,0.777,0.228,0.538,1.97,1,validation
005380,3,0,2,0,0,0,0,18.115,23.62,5.04,0.004956,0.0,0.0,1.0,0.904,0.043,0.568,1.97,0,train
005381,10,1,0,10,0,5,1,9.545,21.388,2.65,0.102823,0.4,0.075,0.422,0.783,0.416,0.559,2.92,0,test
005382,9,3,0,9,1,8,1,8.304,23.549,0.05,0.12024,0.741,0.043,0.397,0.706,0.464,0.636,2.27,0,train
005383,16,2,1,15,1,12,2,5.515,24.302,0.05,0.111183,0.625,0.096,0.039,0.721,0.654,0.698,2.33,0,train
005384,6,1,0,6,0,0,1,6.278,43.657,0.3,0.127369,0.111,0.125,0.396,0.883,0.385,0.598,2.18,0,train
005385,4,2,0,4,1,1,0,8.959,36.875,1.81,0.098821,0.333,0.0,0.65,0.703,0.326,0.522,2.99,1,train
005386,14,4,1,13,2,10,0,11.018,27.279,2.45,0.092569,0.5,0.014,0.52,0.692,0.403,0.602,2.78,1,test
005387,2,1,0,2,0,0,0,14.429,29.752,0.71,0.025412,0.167,0.0,0.883,0.84,0.136,0.484,2.98,0,validation
005388,4,0,0,4,0,2,1,7.994,17.856,3.86,0.155948,0.417,0.117,0.403,0.708,0.46,0.578,2.09,0,train
005389,4,0,0,4,0,0,0,11.754,27.797,3.69,0.058458,0.25,0.0,0.883,0.854,0.13,0.502,1.9,0,train
005390,4,1,0,4,0,1,0,31.984,57.203,0.68,0.048555,0.25,0.0,0.767,0.664,0.28,0.409,1.58,0,train
005391,12,3,9,3,3,4,1,7.299,20.768,1.32,0.162086,0.306,0.082,0.305,0.711,0.512,0.731,2.53,1,train
005392,8,6,0,8,4,2,1,4.93,24.541,2.63,0.107983,0.292,0.116,0.162,0.807,0.548,0.632,2.16,1,train
005393,2,0,0,2,0,0,0,30.681,48.692,8.11,0.004164,0.167,0.0,0.883,0.754,0.175,0.375,1.76,0,validation
005394,2,0,0,2,0,0,0,14.524,36.408,7.33,0.056217,0.167,0.12,0.727,0.84,0.222,0.502,2.58,0,test
005395,7,1,1,6,0,3,1,4.96,23.496,1.91,0.076801,0.381,0.141,0.007,0.724,0.671,0.706,2.41,0,train
005396,2,1,0,2,0,0,0,31.037,43.455,0.68,0.00364,0.0,0.0,1.0,0.836,0.074,0.502,2.0,0,test
005397,1,0,0,1,0,0,0,31.6,31.6,8.59,0.008736,0.333,0.0,0.883,0.749,0.177,0.396,0.34,0,train
005398,6,0,0,6,0,0,0,14.447,26.877,3.84,0.048523,0.167,0.025,0.786,0.84,0.19,0.496,2.16,0,validation
005399,6,1,0,6,0,0,1,37.631,46.886,2.31,0.011226,0.222,0.085,0.552,0.717,0.374,0.384,2.23,0,validation
005400,4,2,0,4,1,1,0,10.097,23.449,3.12,0.059839,0.25,0.0,0.767,0.78,0.227,0.528,2.05,1,train
005401,6,5,0,6,3,2,0,8.55,22.707,0.45,0.097365,0.222,0.0,0.767,0.788,0.224,0.568,1.81,1,validation
005402,1,0,0,1,0,0,0,16.045,16.045,3.54,0.021316,0.0,0.0,1.0,0.915,0.038,0.473,1.79,0,validation
005403,15,6,1,14,3,9,2,5.574,23.766,0.02,0.151682,0.533,0.099,0.228,0.72,0.551,0.71,2.65,1,train
005404,3,3,0,2,1,1,0,15.643,40.741,2.79,0.02993,0.222,0.0,0.767,0.751,0.241,0.503,1.75,0,validation
005405,4,1,0,4,0,1,0,24.197,41.399,0.59,0.013112,0.333,0.0,0.767,0.705,0.261,0.445,1.91,0,train
005406,5,5,0,5,3,0,1,5.631,22.6,0.89,0.164709,0.133,0.128,0.467,0.887,0.344,0.64,2.0,1,train
005407,8,1,0,8,1,1,3,6.842,25.399,2.68,0.060501,0.167,0.318,0.045,0.714,0.654,0.605,3.05,0,test
005408,11,5,10,1,4,3,0,8.761,22.449,0.59,0.022341,0.303,0.0,0.767,0.787,0.224,0.782,2.92,1,validation
005409,5,4,0,4,3,1,1,6.16,24.677,1.04,0.078637,0.267,0.144,0.299,0.801,0.475,0.578,2.21,1,train
005410,11,5,0,8,4,2,2,11.741,22.181,0.44,0.065528,0.273,0.15,0.26,0.771,0.51,0.598,2.51,1,train
005411,9,2,0,9,1,2,3,2.827,14.335,0.38,0.148436,0.333,0.276,0.0,0.735,0.669,0.679,2.75,1,train
005412,3,3,0,3,0,1,0,28.42,47.295,1.11,0.007412,0.222,0.0,0.767,0.683,0.271,0.476,1.43,0,test
005413,3,1,0,3,0,0,0,45.85,61.065,0.02,0.003393,0.0,0.0,1.0,0.757,0.109,0.439,1.88,0,train
005414,9,1,0,9,1,2,1,7.021,38.278,0.09,0.100037,0.259,0.083,0.279,0.796,0.488,0.689,2.67,1,train
005415,5,3,0,5,2,1,1,6.762,30.077,1.68,0.150471,0.333,0.088,0.364,0.714,0.478,0.59,2.97,1,test
005416,5,1,0,5,0,1,2,6.181,14.73,1.34,0.121657,0.333,0.328,0.143,0.801,0.561,0.642,2.64,0,train
005417,5,0,1,4,0,0,0,17.732,38.002,7.42,0.036857,0.067,0.0,0.883,0.823,0.144,0.496,2.1,0,train
005418,10,5,9,0,2,2,0,12.103,23.244,1.5,0.015276,0.267,0.0,0.767,0.769,0.232,0.731,2.69,1,validation
005419,12,7,4,8,3,2,1,5.862,30.349,1.17,0.256003,0.306,0.091,0.111,0.719,0.616,0.607,2.12,1,train
005420,5,4,0,5,1,0,0,21.109,32.096,1.03,0.009597,0.2,0.0,0.883,0.805,0.152,0.489,1.76,0,test
005421,2,0,0,2,0,1,0,13.286,26.437,3.53,0.039468,0.333,0.0,0.767,0.763,0.235,0.491,1.9,0,train
005422,1,1,1,0,1,0,0,8.986,8.986,0.34,0.024676,0.0,0.0,1.0,0.952,0.021,0.805,3.04,1,train
005423,5,2,0,5,1,1,0,10.271,20.409,1.57,0.084539,0.2,0.0,0.767,0.779,0.228,0.521,1.89,1,test
005424,1,0,0,1,0,0,0,38.851,38.851,4.75,0.002942,0.0,0.0,1.0,0.794,0.093,0.321,1.67,0,train
005425,3,1,0,3,0,0,0,19.769,44.477,3.06,0.031976,0.111,0.0,0.883,0.812,0.149,0.448,1.74,0,train
005426,14,4,1,13,2,9,2,4.945,24.308,2.51,0.160526,0.5,0.112,0.123,0.724,0.606,0.645,2.95,1,train
005427,10,2,0,10,1,7,1,9.096,23.133,2.17,0.118505,0.467,0.063,0.357,0.785,0.45,0.57,2.99,0,train
005428,5,1,1,4,1,1,0,21.467,46.605,0.86,0.008171,0.2,0.0,0.767,0.72,0.254,0.558,2.68,0,test
005429,1,0,1,0,0,0,0,9.455,9.455,3.75,0.020833,0.0,0.0,1.0,0.95,0.023,0.657,2.71,0,train
005430,8,1,2,6,1,3,2,4.825,23.926,2.96,0.134865,0.333,0.177,0.078,0.724,0.631,0.676,2.88,1,train
005431,13,4,0,13,1,3,1,8.593,33.975,0.35,0.12281,0.308,0.052,0.331,0.788,0.463,0.581,1.77,0,train
005432,3,1,0,3,0,0,0,17.785,38.802,2.06,0.044188,0.0,0.0,1.0,0.906,0.042,0.461,2.56,0,train
005433,9,8,9,0,8,0,0,4.994,15.77,0.38,0.056743,0.111,0.017,0.805,0.89,0.156,0.839,2.1,1,train
005434,6,3,3,3,3,3,0,6.296,16.312,1.48,0.161727,0.389,0.013,0.715,0.8,0.247,0.777,2.93,1,test
005435,1,0,0,1,0,0,0,32.758,32.758,8.56,0.008042,0.333,0.0,0.883,0.743,0.18,0.388,0.33,0,validation
005436,13,6,3,10,3,1,2,9.386,25.177,2.24,0.086129,0.256,0.096,0.227,0.784,0.522,0.68,3.12,1,test
005437,2,0,0,2,0,0,0,32.491,45.239,12.69,0.008358,0.167,0.0,0.883,0.745,0.179,0.363,1.97,0,validation
005438,9,0,0,9,0,5,2,10.079,20.726,4.48,0.101885,0.556,0.164,0.104,0.697,0.629,0.585,2.81,0,test
005439,1,1,1,0,1,0,0,7.897,7.897,2.73,0.03802,0.0,0.0,1.0,0.958,0.019,0.703,2.59,1,test
005440,2,1,0,2,0,0,0,40.627,52.431,0.76,0.009366,0.0,0.0,1.0,0.785,0.097,0.434,1.82,0,train
005441,2,1,0,2,1,0,0,16.57,31.729,3.24,0.019188,0.0,0.0,1.0,0.912,0.039,0.481,1.8,0,train
005442,4,1,0,4,0,0,0,41.022,45.43,3.25,0.009371,0.167,0.0,0.883,0.699,0.199,0.311,2.07,0,train
005443,10,2,0,10,1,6,3,5.226,19.645,1.91,0.165182,0.5,0.22,0.078,0.722,0.632,0.668,2.91,1,test
005444,3,0,0,3,0,1,0,32.486,53.729,5.71,0.003582,0.222,0.0,0.767,0.661,0.281,0.363,1.73,0,train
005445,1,1,0,1,1,0,0,13.881,13.881,0.18,0.043724,0.0,0.0,1.0,0.927,0.033,0.639,0.24,0,train
005446,1,1,0,1,1,0,0,9.488,9.488,3.15,0.076638,0.0,0.0,1.0,0.95,0.023,0.533,1.9,1,validation
005447,2,1,0,2,0,1,0,46.358,58.993,3.32,0.004459,0.5,0.0,0.65,0.505,0.415,0.36,1.72,0,train
005448,7,6,5,2,5,2,0,7.279,18.014,0.11,0.165495,0.286,0.039,0.591,0.795,0.317,0.705,2.99,1,test
005449,8,3,0,8,1,3,1,10.027,19.631,2.53,0.105007,0.333,0.049,0.513,0.78,0.367,0.571,3.01,1,validation
005450,3,2,1,2,1,0,0,22.457,32.547,0.41,0.008144,0.0,0.0,1.0,0.881,0.054,0.49,1.74,0,train
005451,2,2,0,2,2,0,0,11.727,17.761,0.55,0.038664,0.167,0.0,0.883,0.855,0.13,0.609,1.78,1,train
005452,3,0,0,3,0,1,0,30.759,57.11,4.98,0.028457,0.444,0.0,0.65,0.587,0.378,0.402,1.87,0,validation
005453,9,4,1,8,1,1,1,7.152,34.796,1.15,0.17181,0.259,0.124,0.169,0.795,0.549,0.602,3.13,1,validation
005454,6,2,0,6,0,1,1,4.72,27.301,2.11,0.066526,0.167,0.163,0.13,0.808,0.565,0.627,2.66,0,train
005455,6,2,0,6,2,2,1,16.628,24.42,2.44,0.050637,0.333,0.142,0.098,0.662,0.648,0.603,2.49,0,train
005456,1,1,0,1,1,0,0,12.035,12.035,3.17,0.037978,0.0,0.0,1.0,0.936,0.029,0.515,1.83,0,validation
005457,5,1,0,5,0,1,0,13.532,42.811,0.03,0.036795,0.133,0.0,0.767,0.762,0.236,0.54,1.87,0,test
005458,4,3,0,3,1,3,0,18.087,32.922,2.23,0.025813,0.833,0.0,0.65,0.654,0.348,0.563,1.65,1,train
005459,4,3,0,4,0,0,0,40.405,46.751,0.04,0.004939,0.167,0.0,0.883,0.703,0.198,0.438,2.05,0,test
005460,2,1,0,2,0,0,0,42.329,56.589,1.6,0.002572,0.0,0.0,1.0,0.776,0.101,0.367,1.72,0,train
005461,8,0,0,8,0,4,3,6.789,16.87,4.54,0.139068,0.5,0.326,0.091,0.714,0.629,0.626,2.92,0,train
005462,2,1,1,1,1,0,1,4.906,31.908,3.3,0.084673,0.0,0.415,0.461,0.974,0.308,0.763,2.3,1,test
005463,1,1,0,1,0,0,0,54.733,54.733,0.55,0.000933,0.0,0.0,1.0,0.71,0.13,0.415,1.57,0,train
005464,4,1,0,4,0,0,0,38.804,43.627,3.32,0.009184,0.167,0.0,0.883,0.711,0.194,0.321,2.09,0,train
005465,7,2,0,7,1,4,1,9.807,20.261,2.3,0.093727,0.524,0.113,0.24,0.698,0.554,0.645,2.57,0,test
005466,7,6,0,7,3,3,1,8.049,23.26,2.32,0.12689,0.333,0.053,0.526,0.791,0.355,0.576,2.47,1,validation
005467,8,6,6,2,6,2,1,6.08,14.64,0.46,0.100488,0.208,0.046,0.526,0.801,0.35,0.752,2.95,1,test
005468,3,1,0,3,0,0,0,27.296,47.026,0.56,0.00492,0.111,0.0,0.883,0.772,0.167,0.532,1.56,0,test
005469,8,1,1,7,0,1,1,8.868,33.355,0.12,0.10591,0.125,0.07,0.403,0.786,0.425,0.571,2.29,0,train
005470,2,0,0,2,0,0,0,11.467,27.256,6.48,0.066241,0.0,0.045,0.942,0.939,0.059,0.511,2.12,0,train
005471,3,0,1,2,0,2,1,13.995,29.197,6.05,0.176016,0.667,0.3,0.065,0.676,0.66,0.707,2.18,0,train
005472,11,6,10,1,5,0,0,11.049,16.991,1.01,0.011568,0.152,0.0,0.883,0.858,0.128,0.721,2.52,1,train
005473,7,0,1,5,0,1,0,38.399,46.993,6.0,0.00929,0.238,0.0,0.767,0.63,0.295,0.42,2.09,0,train
005474,2,1,0,2,0,1,0,24.03,48.546,1.79,0.025265,0.5,0.0,0.65,0.623,0.362,0.5,1.86,0,train
005475,2,0,0,2,0,0,0,60.156,61.719,4.47,0.002462,0.0,0.0,1.0,0.682,0.143,0.28,1.81,0,train
005476,7,0,0,5,0,0,0,32.988,47.645,13.29,0.018166,0.095,0.033,0.734,0.742,0.262,0.378,2.25,0,test
005477,2,1,0,2,0,0,0,56.337,57.274,0.23,0.001285,0.0,0.0,1.0,0.702,0.134,0.429,1.62,0,train
005478,4,3,0,4,1,0,1,10.763,29.808,0.81,0.076144,0.083,0.13,0.545,0.86,0.313,0.55,1.67,0,train
005479,8,4,0,8,2,3,1,3.34,21.445,2.42,0.110182,0.333,0.125,0.117,0.816,0.569,0.665,2.59,1,train
005480,7,0,0,7,0,3,1,11.701,27.11,4.69,0.046679,0.333,0.11,0.266,0.771,0.506,0.548,2.49,0,test
005481,10,6,0,10,5,5,2,5.185,21.908,1.8,0.132864,0.4,0.162,0.182,0.806,0.537,0.638,3.01,1,train
005482,5,2,3,2,1,0,1,4.612,16.357,2.92,0.109848,0.133,0.192,0.259,0.892,0.456,0.65,1.6,1,train
005483,2,0,0,2,0,0,0,47.304,56.082,7.71,0.004998,0.0,0.0,1.0,0.75,0.113,0.28,1.8,0,train
005484,4,2,0,3,0,1,0,45.477,62.77,0.23,0.003136,0.333,0.0,0.65,0.509,0.413,0.429,1.97,0,train
005485,3,0,1,2,0,0,0,25.973,34.582,3.59,0.016412,0.111,0.0,0.883,0.779,0.164,0.428,3.1,0,train
005486,7,7,0,7,5,2,1,6.839,23.832,2.73,0.173888,0.238,0.077,0.5,0.797,0.366,0.602,2.02,1,test
005487,8,2,0,8,1,4,0,11.141,20.623,2.61,0.153498,0.375,0.033,0.598,0.774,0.323,0.541,2.78,1,validation
005488,13,7,0,13,5,8,2,4.789,18.878,2.83,0.13846,0.538,0.099,0.045,0.725,0.649,0.644,2.84,1,validation
005489,4,0,0,4,0,0,0,11.846,27.119,3.68,0.043606,0.25,0.0,0.883,0.854,0.13,0.501,1.77,0,test
005490,3,0,0,3,0,1,1,14.571,17.596,4.85,0.043108,0.444,0.19,0.28,0.673,0.543,0.56,1.01,0,validation
005491,1,0,0,1,0,0,0,31.834,31.834,6.84,0.003624,0.0,0.0,1.0,0.831,0.076,0.368,1.61,0,test
005492,7,0,0,7,0,2,1,11.127,26.425,4.4,0.053085,0.286,0.127,0.188,0.774,0.548,0.561,2.53,0,train
005493,3,1,0,3,1,0,1,5.987,25.503,3.12,0.158948,0.111,0.233,0.428,0.885,0.366,0.613,2.04,1,test
005494,4,1,1,3,1,2,0,9.455,18.908,3.05,0.070327,0.333,0.0,0.767,0.783,0.226,0.731,2.52,1,train
005495,7,3,4,3,3,0,2,4.612,23.837,0.21,0.110094,0.095,0.234,0.259,0.892,0.456,0.821,1.65,1,train
005496,10,5,1,9,2,1,1,8.622,29.209,0.03,0.108358,0.233,0.07,0.312,0.788,0.474,0.574,1.88,1,train
005497,2,1,0,2,1,0,0,19.586,50.272,0.5,0.009454,0.0,0.0,1.0,0.896,0.047,0.587,1.57,0,train
005498,11,1,0,9,1,2,0,13.244,37.75,0.17,0.039301,0.273,0.0,0.767,0.763,0.235,0.613,1.56,0,train
005499,8,1,0,8,1,4,2,5.127,25.744,3.31,0.114289,0.333,0.226,0.143,0.806,0.559,0.623,2.39,0,train
005500,6,1,0,6,1,0,0,16.097,33.025,1.94,0.021776,0.167,0.0,0.883,0.831,0.14,0.544,1.89,0,validation
005501,5,1,0,5,1,1,0,24.87,44.732,0.03,0.005618,0.2,0.0,0.767,0.702,0.263,0.573,1.91,0,train
005502,1,1,0,1,0,0,0,36.132,36.132,3.09,0.002783,0.0,0.0,1.0,0.809,0.086,0.358,1.66,0,train
005503,5,2,0,5,1,1,0,24.516,37.019,2.87,0.009868,0.267,0.0,0.767,0.704,0.262,0.425,2.46,0,train
005504,4,3,3,1,3,0,0,12.918,16.106,0.78,0.024885,0.0,0.0,1.0,0.932,0.031,0.732,1.76,1,validation
005505,7,1,0,7,0,2,0,11.321,24.349,2.33,0.074521,0.381,0.013,0.708,0.773,0.262,0.531,2.87,0,train
005506,2,0,0,2,0,0,0,46.869,48.572,6.89,0.002322,0.0,0.0,1.0,0.752,0.112,0.28,1.89,0,train
005507,6,3,0,6,1,0,1,6.646,30.128,1.97,0.132086,0.111,0.095,0.513,0.881,0.321,0.581,2.63,0,test
005508,8,1,0,8,0,0,0,14.3,46.907,0.25,0.034193,0.125,0.0,0.883,0.841,0.136,0.501,1.92,0,train
005509,2,1,0,2,1,0,1,10.545,16.578,0.08,0.314673,0.0,0.47,0.389,0.944,0.361,0.586,1.53,0,validation
005510,13,8,12,1,7,0,1,4.411,18.35,1.07,0.056961,0.154,0.053,0.474,0.893,0.337,0.812,2.68,1,validation
005511,6,3,4,2,0,1,0,32.536,45.798,1.02,0.009773,0.222,0.0,0.767,0.661,0.281,0.587,3.05,0,test
005512,5,4,0,5,3,0,1,4.722,23.24,1.78,0.115572,0.2,0.188,0.272,0.892,0.449,0.642,2.15,1,validation
005513,2,1,0,2,0,0,0,46.259,54.233,1.31,0.007618,0.0,0.0,1.0,0.755,0.11,0.38,1.92,0,train
005514,6,5,0,6,3,0,1,5.702,19.637,2.84,0.350785,0.056,0.142,0.331,0.886,0.419,0.631,2.11,1,train
005515,6,3,2,4,3,2,1,5.781,17.752,2.14,0.149202,0.333,0.113,0.429,0.803,0.403,0.783,2.62,1,train
005516,15,2,0,15,1,6,1,5.735,35.796,0.55,0.034542,0.333,0.067,0.117,0.803,0.574,0.641,2.35,1,test
005517,4,1,1,3,0,0,0,35.381,53.907,1.89,0.00486,0.083,0.0,0.883,0.729,0.186,0.494,3.09,0,train
005518,4,1,1,3,1,0,0,19.925,33.363,0.45,0.020038,0.0,0.0,1.0,0.895,0.047,0.587,2.02,0,train
005519,5,0,1,4,0,0,2,6.795,14.464,5.13,0.117236,0.267,0.272,0.292,0.881,0.443,0.634,2.91,0,test
005520,2,0,0,1,0,0,0,27.59,29.949,15.18,0.016148,0.167,0.0,0.883,0.771,0.167,0.396,2.27,0,validation
005521,4,1,0,4,1,0,1,7.236,18.5,0.04,0.219317,0.0,0.25,0.35,0.962,0.375,0.612,1.54,0,test
005522,1,0,0,1,0,0,0,19.708,19.708,3.58,0.012418,0.0,0.0,1.0,0.896,0.047,0.449,1.74,0,train
005523,8,3,2,6,3,5,0,7.515,19.932,3.0,0.154304,0.458,0.013,0.702,0.794,0.257,0.627,2.74,1,validation
005524,7,2,7,0,1,1,0,6.165,23.78,1.75,0.076495,0.381,0.029,0.52,0.717,0.391,0.827,3.02,1,train
005525,2,1,0,2,0,0,0,48.906,60.097,1.61,0.001845,0.0,0.0,1.0,0.741,0.117,0.366,1.7,0,train
005526,1,0,1,0,0,0,0,9.804,9.804,4.54,0.018282,0.0,0.0,1.0,0.948,0.023,0.655,0.44,0,validation
005527,3,0,0,3,0,2,0,28.132,32.548,8.33,0.009409,0.556,0.0,0.767,0.684,0.27,0.419,2.9,0,train
005528,9,6,5,4,5,1,1,3.748,17.88,0.22,0.135356,0.259,0.111,0.117,0.813,0.57,0.727,2.89,1,train
005529,3,1,0,3,0,0,0,40.259,46.961,0.16,0.00868,0.0,0.0,1.0,0.787,0.096,0.453,1.95,0,train
005530,11,4,0,11,3,3,1,3.584,26.158,0.17,0.160542,0.333,0.113,0.0,0.731,0.671,0.652,2.58,1,train
005531,3,0,0,3,0,0,0,19.315,27.601,3.83,0.028715,0.0,0.0,1.0,0.898,0.046,0.451,2.66,0,train
005532,14,8,13,1,6,2,1,4.858,15.337,0.01,0.212352,0.333,0.069,0.02,0.724,0.663,0.764,2.59,1,train
005533,3,0,1,2,0,1,0,22.213,32.693,8.41,0.010125,0.333,0.0,0.767,0.716,0.256,0.572,2.94,0,train
005534,7,7,0,7,4,2,0,7.376,24.186,2.03,0.16554,0.286,0.024,0.656,0.794,0.282,0.56,1.99,1,validation
005535,2,1,0,2,0,0,0,32.521,39.519,2.8,0.003501,0.167,0.0,0.883,0.744,0.179,0.395,1.68,0,train
005536,6,0,5,0,0,5,0,8.966,26.106,4.44,0.068724,0.722,0.0,0.65,0.703,0.326,0.74,1.93,0,validation
005537,12,4,0,12,3,2,1,6.362,24.679,2.93,0.10453,0.306,0.069,0.227,0.8,0.515,0.604,2.23,0,test
005538,3,1,0,3,0,0,0,28.257,40.26,0.83,0.010966,0.0,0.0,1.0,0.85,0.067,0.475,2.03,0,test
005539,5,0,2,3,0,0,0,14.157,25.075,8.32,0.029964,0.067,0.016,0.831,0.842,0.164,0.632,2.68,0,train
005540,3,1,3,0,1,1,0,7.906,13.527,1.09,0.05721,0.444,0.0,0.767,0.791,0.222,0.804,0.32,1,train
005541,6,0,3,3,0,1,1,11.534,27.218,8.28,0.04764,0.111,0.132,0.253,0.772,0.513,0.606,2.35,0,train
005542,11,1,0,10,0,3,1,7.694,28.391,0.64,0.110039,0.333,0.053,0.39,0.793,0.429,0.575,1.57,0,train
005543,2,1,0,2,0,0,0,30.847,42.441,0.68,0.003688,0.0,0.0,1.0,0.837,0.073,0.503,2.01,0,train
005544,7,1,1,6,0,0,0,38.017,51.81,3.29,0.01179,0.238,0.0,0.883,0.715,0.192,0.42,2.96,0,train
005545,6,5,4,2,3,1,0,6.078,19.685,0.09,0.113476,0.167,0.032,0.643,0.801,0.286,0.728,2.06,1,train
005546,16,4,1,15,2,12,1,9.026,26.784,2.56,0.094977,0.542,0.035,0.305,0.702,0.516,0.638,2.99,1,train
005547,2,0,0,2,0,0,1,13.591,35.358,7.43,0.053829,0.167,0.215,0.604,0.845,0.288,0.524,2.54,0,test
005548,2,1,0,2,1,0,1,8.32,15.515,0.08,0.278013,0.0,0.5,0.35,0.956,0.377,0.605,1.52,0,train
005549,2,1,0,2,1,0,1,5.21,37.854,3.35,0.110583,0.0,0.465,0.395,0.972,0.345,0.627,2.24,1,test
005550,1,0,0,1,0,0,0,52.081,52.081,3.96,0.001413,0.0,0.0,1.0,0.724,0.124,0.28,1.61,0,train
005551,2,0,1,1,0,0,0,34.676,38.629,4.52,0.003172,0.0,0.0,1.0,0.816,0.083,0.436,1.71,0,train
005552,13,6,0,13,3,3,2,9.566,25.807,2.67,0.081476,0.385,0.141,0.072,0.699,0.646,0.652,2.5,1,validation
005553,8,6,1,7,2,3,0,10.278,35.987,0.2,0.052562,0.333,0.0,0.767,0.779,0.228,0.564,1.82,1,train
005554,3,0,1,2,0,0,0,27.457,42.986,5.19,0.009263,0.111,0.0,0.883,0.771,0.167,0.537,1.97,0,test
005555,3,2,1,2,0,0,0,27.605,41.065,0.8,0.072509,0.0,0.0,1.0,0.854,0.066,0.562,1.93,1,train
005556,7,7,0,7,5,1,1,3.744,19.241,2.57,0.121022,0.19,0.157,0.117,0.814,0.57,0.663,2.43,1,train
005557,9,1,0,7,0,2,2,10.627,27.109,1.0,0.166169,0.296,0.209,0.033,0.694,0.67,0.628,1.57,0,train
005558,4,4,0,4,0,1,0,28.946,43.893,0.6,0.003307,0.167,0.0,0.767,0.68,0.272,0.52,1.66,0,train
005559,1,0,1,0,0,0,0,10.34,10.34,5.83,0.028338,0.0,0.0,1.0,0.945,0.025,0.651,2.49,0,test
005560,8,5,2,6,2,0,0,10.617,36.128,2.45,0.05672,0.083,0.0,0.883,0.86,0.127,0.544,1.86,1,test
005561,6,2,0,6,1,0,1,9.937,27.239,2.71,0.067416,0.111,0.095,0.513,0.864,0.329,0.547,2.57,0,train
005562,3,3,0,3,1,0,0,23.912,48.811,0.51,0.006418,0.111,0.0,0.883,0.79,0.159,0.546,1.79,0,train
005563,2,0,0,2,0,0,0,35.792,43.791,3.8,0.002776,0.167,0.0,0.883,0.727,0.187,0.341,1.55,0,validation
005564,6,3,0,6,3,2,0,9.167,22.54,3.28,0.077186,0.333,0.0,0.767,0.785,0.225,0.529,2.04,1,train
005565,3,1,1,2,1,0,0,9.422,29.633,0.2,0.052569,0.0,0.0,1.0,0.95,0.022,0.668,1.98,1,validation
005566,4,2,0,4,0,1,0,37.524,46.712,0.03,0.002997,0.167,0.0,0.767,0.635,0.293,0.492,1.93,0,test
005567,1,1,1,0,1,0,0,9.159,9.159,1.99,0.018649,0.0,0.0,1.0,0.952,0.022,0.728,2.25,1,test
005568,18,3,12,6,2,4,0,10.634,25.855,0.71,0.023911,0.278,0.003,0.734,0.777,0.247,0.71,3.14,1,train
005569,4,1,0,4,1,0,0,18.1,27.852,0.13,0.028665,0.083,0.065,0.714,0.821,0.238,0.613,2.21,0,train
005570,8,7,0,7,4,5,1,4.837,23.269,2.34,0.159561,0.458,0.106,0.214,0.808,0.519,0.653,2.14,1,train
005571,8,6,5,3,5,2,1,9.864,20.155,0.31,0.079962,0.292,0.084,0.331,0.781,0.466,0.691,3.0,1,train
005572,7,4,0,7,3,2,1,5.998,29.48,2.79,0.193701,0.333,0.103,0.299,0.802,0.475,0.625,2.05,1,validation
005573,10,2,0,10,1,3,0,8.729,27.029,1.12,0.121228,0.333,0.049,0.475,0.704,0.422,0.541,1.57,1,train
005574,5,4,0,5,2,0,1,4.718,21.601,0.14,0.140732,0.133,0.18,0.298,0.892,0.435,0.658,1.86,1,train
005575,7,2,0,7,1,2,0,18.2,37.566,0.46,0.029441,0.286,0.0,0.767,0.737,0.247,0.593,2.38,0,train
005576,3,1,0,3,1,0,0,12.904,21.001,1.4,0.038416,0.0,0.0,1.0,0.932,0.031,0.527,1.86,0,train
005577,4,1,0,4,1,1,1,4.775,27.044,3.47,0.093545,0.417,0.242,0.02,0.725,0.663,0.707,3.02,1,train
005578,11,6,0,11,4,4,2,3.492,26.436,0.09,0.140976,0.303,0.139,0.117,0.815,0.569,0.666,2.82,1,train
005579,9,2,2,7,0,1,0,13.916,36.721,2.64,0.037185,0.185,0.0,0.767,0.76,0.236,0.654,2.89,0,test
005580,10,4,0,10,1,4,3,8.332,23.809,2.5,0.090462,0.367,0.198,0.117,0.706,0.618,0.625,2.46,0,validation
005581,5,1,0,5,0,1,1,41.319,53.794,1.72,0.007492,0.2,0.098,0.332,0.531,0.579,0.399,2.37,0,train
005582,3,1,1,2,0,1,0,48.234,61.776,0.57,0.00212,0.333,0.0,0.65,0.495,0.42,0.5,1.82,0,test
005583,6,2,0,6,2,1,0,15.328,31.539,0.93,0.024056,0.278,0.0,0.767,0.752,0.24,0.595,1.89,0,train
005584,1,0,1,0,0,0,0,39.045,39.045,8.76,0.001265,0.0,0.0,1.0,0.793,0.093,0.46,1.82,0,train
005585,5,0,0,5,0,2,1,8.093,16.189,4.67,0.153511,0.467,0.08,0.507,0.79,0.366,0.585,3.04,0,train
005586,4,0,0,4,0,0,0,13.676,29.78,3.72,0.037453,0.167,0.0,0.883,0.844,0.134,0.489,1.87,0,train
005587,3,1,2,1,0,0,0,27.285,32.832,0.03,0.006261,0.111,0.0,0.883,0.772,0.167,0.545,1.55,0,validation
005588,9,3,0,9,2,4,1,7.229,18.035,2.73,0.156698,0.407,0.122,0.266,0.712,0.533,0.603,2.97,1,train
005589,7,7,0,7,5,1,1,6.601,22.662,2.64,0.160354,0.19,0.064,0.474,0.798,0.38,0.6,2.04,1,train
005590,3,3,0,3,3,0,0,6.914,13.239,1.49,0.151294,0.222,0.057,0.773,0.88,0.179,0.591,2.36,1,validation
005591,7,0,0,7,0,3,0,14.43,25.863,6.89,0.048536,0.429,0.046,0.559,0.757,0.352,0.536,3.03,0,test
005592,2,0,0,2,0,0,0,44.026,47.249,6.04,0.00356,0.0,0.0,1.0,0.767,0.105,0.286,2.42,0,train
005593,2,0,0,2,0,0,0,11.929,34.742,6.58,0.081547,0.167,0.075,0.786,0.854,0.184,0.512,2.19,0,test
005594,7,3,0,7,3,2,0,11.612,26.584,0.54,0.047476,0.381,0.0,0.767,0.772,0.231,0.642,1.9,1,train
005595,11,3,0,10,2,5,2,6.082,19.517,2.52,0.095344,0.364,0.198,0.072,0.718,0.638,0.602,2.7,0,train
005596,3,1,0,3,0,0,0,28.185,38.632,1.09,0.00824,0.111,0.0,0.883,0.767,0.169,0.392,2.05,0,train
005597,1,0,0,1,0,0,0,49.138,49.138,4.06,0.001573,0.0,0.0,1.0,0.74,0.117,0.28,1.6,0,test
005598,13,3,2,11,1,10,1,11.503,27.011,0.06,0.072926,0.718,0.053,0.202,0.689,0.579,0.642,2.37,0,validation
005599,6,4,0,6,3,2,1,5.232,22.029,0.45,0.157046,0.222,0.132,0.253,0.806,0.498,0.649,1.82,1,train
005600,4,2,0,4,0,0,1,5.521,24.799,1.47,0.125931,0.083,0.235,0.272,0.887,0.451,0.618,2.17,0,test
005601,1,0,1,0,0,0,0,32.612,32.612,8.59,0.002085,0.0,0.0,1.0,0.827,0.078,0.503,1.86,0,train
005602,8,4,1,7,1,1,2,6.16,27.394,0.11,0.159905,0.167,0.171,0.227,0.801,0.515,0.605,3.03,1,test
005603,2,1,0,2,0,1,0,20.896,47.045,1.49,0.0386,0.5,0.0,0.65,0.639,0.355,0.521,1.91,0,train
005604,10,3,9,1,1,1,0,7.605,18.675,0.21,0.065133,0.1,0.004,0.741,0.793,0.236,0.683,2.83,1,train
005605,5,5,0,5,2,3,0,14.865,24.801,1.83,0.02127,0.467,0.0,0.767,0.755,0.239,0.521,1.73,1,train
005606,5,0,0,5,0,1,1,5.818,41.101,3.55,0.114423,0.333,0.17,0.098,0.719,0.623,0.689,2.99,0,validation
005607,2,1,0,2,0,0,0,45.675,52.635,1.51,0.008466,0.0,0.0,1.0,0.758,0.109,0.371,1.93,0,train
005608,13,4,9,4,3,0,1,5.478,20.722,0.72,0.094968,0.103,0.053,0.5,0.888,0.326,0.742,2.29,1,train
005609,11,3,0,11,1,10,0,8.446,25.917,0.05,0.144757,0.788,0.032,0.488,0.705,0.414,0.624,2.34,0,test
005610,6,2,0,6,2,2,2,5.578,16.156,0.51,0.206079,0.5,0.168,0.273,0.72,0.526,0.738,2.02,1,validation
005611,1,0,0,1,0,0,0,46.256,46.256,7.46,0.003331,0.333,0.0,0.883,0.672,0.212,0.307,2.97,0,train
005612,5,1,1,4,1,0,0,23.52,42.823,0.02,0.006662,0.133,0.0,0.883,0.792,0.158,0.582,2.16,0,validation
005613,5,4,0,5,3,0,1,3.428,27.014,2.23,0.137868,0.0,0.2,0.35,0.982,0.366,0.665,2.53,1,train
005614,1,0,0,1,0,0,0,38.215,38.215,16.87,0.002704,0.0,0.0,1.0,0.798,0.091,0.325,1.56,0,train
005615,3,1,0,3,0,1,0,43.081,55.13,0.44,0.004014,0.444,0.0,0.767,0.605,0.306,0.447,2.09,0,train
005616,4,1,0,4,1,1,0,14.753,21.238,3.07,0.036081,0.25,0.0,0.767,0.755,0.238,0.501,1.79,0,train
005617,12,8,11,1,7,1,1,4.32,18.497,0.89,0.09125,0.194,0.054,0.5,0.81,0.36,0.811,2.69,1,train
005618,7,2,0,7,1,2,1,5.021,19.885,0.93,0.103381,0.238,0.177,0.136,0.807,0.562,0.624,2.29,0,train
005619,3,1,1,2,0,0,0,18.855,29.997,0.25,0.013784,0.222,0.0,0.883,0.817,0.147,0.621,2.03,0,test
005620,7,1,0,7,0,0,1,4.409,47.278,0.3,0.23292,0.095,0.143,0.233,0.893,0.47,0.631,2.52,0,train
005621,7,1,1,6,0,1,1,13.736,34.8,0.02,0.035477,0.095,0.114,0.247,0.761,0.522,0.594,2.28,0,train
005622,9,0,2,7,0,2,1,14.621,28.789,3.98,0.046813,0.259,0.062,0.403,0.756,0.438,0.659,3.14,0,train
005623,7,4,0,7,3,2,0,8.666,21.521,3.06,0.118104,0.381,0.0,0.767,0.787,0.224,0.528,2.03,1,validation
005624,5,4,0,5,2,2,0,12.666,31.677,0.29,0.030962,0.267,0.0,0.767,0.766,0.234,0.537,1.76,0,validation
005625,17,4,1,16,0,12,3,8.051,24.836,0.66,0.092804,0.529,0.135,0.058,0.707,0.65,0.632,2.92,1,train
005626,5,1,0,5,0,1,0,20.331,48.153,2.65,0.025922,0.2,0.0,0.767,0.726,0.252,0.444,2.44,0,train
005627,6,2,0,6,0,3,0,10.328,29.872,1.56,0.091609,0.389,0.03,0.533,0.695,0.394,0.566,2.23,0,test
005628,11,5,0,11,4,5,2,3.8,24.266,0.22,0.169769,0.303,0.154,0.117,0.813,0.57,0.646,2.78,1,test
005629,4,2,0,4,2,0,0,11.224,16.601,0.57,0.051699,0.167,0.0,0.883,0.857,0.128,0.639,2.71,1,validation
005630,8,4,0,8,2,4,0,9.111,25.994,2.54,0.254829,0.458,0.021,0.656,0.785,0.286,0.554,2.85,1,train
005631,9,5,1,8,2,2,2,3.905,26.707,0.02,0.127893,0.296,0.184,0.0,0.729,0.672,0.657,3.06,1,test
005632,10,10,0,10,7,4,2,4.671,19.759,1.95,0.182657,0.4,0.121,0.214,0.809,0.518,0.658,2.15,1,train
005633,8,3,5,3,3,0,1,4.612,20.151,2.1,0.110148,0.125,0.12,0.259,0.892,0.456,0.706,1.7,1,train
005634,7,1,0,7,0,3,0,15.276,27.894,2.17,0.037062,0.429,0.0,0.767,0.752,0.24,0.504,2.91,0,train
005635,6,0,0,5,0,0,1,18.302,42.635,5.96,0.014618,0.167,0.165,0.24,0.82,0.499,0.457,1.5,0,test
005636,6,1,0,6,1,0,0,16.472,33.617,2.51,0.021142,0.167,0.0,0.883,0.829,0.141,0.515,1.89,0,train
005637,1,0,1,0,0,0,0,10.082,10.082,5.18,0.021107,0.0,0.0,1.0,0.947,0.024,0.653,0.55,0,train
005638,2,1,0,2,0,0,0,42.545,59.314,0.67,0.003862,0.167,0.0,0.883,0.691,0.203,0.409,2.02,0,train
005639,9,9,0,9,5,4,0,8.312,24.163,2.44,0.098414,0.37,0.0,0.767,0.789,0.223,0.558,1.87,1,test
005640,4,0,0,4,0,2,1,16.429,48.055,4.71,0.028498,0.583,0.098,0.397,0.663,0.484,0.582,2.15,0,train
005641,2,0,0,2,0,0,0,34.818,41.178,17.01,0.006419,0.333,0.0,0.883,0.732,0.185,0.375,2.05,0,test
005642,4,2,0,4,0,0,0,25.855,40.604,0.91,0.014756,0.167,0.0,0.883,0.78,0.163,0.434,1.91,0,test
005643,5,0,0,5,0,1,1,6.705,28.161,3.51,0.12558,0.333,0.122,0.254,0.715,0.539,0.664,1.84,0,test
005644,2,1,0,2,0,0,0,40.713,56.287,3.41,0.007226,0.167,0.0,0.883,0.701,0.199,0.339,1.81,0,test
005645,6,1,0,6,0,1,0,19.551,36.377,0.01,0.030187,0.222,0.0,0.767,0.73,0.25,0.55,2.11,0,test
005646,5,1,0,5,0,1,0,11.303,41.791,0.33,0.343918,0.2,0.014,0.721,0.773,0.255,0.51,1.9,0,test
005647,1,1,1,0,1,0,0,7.915,7.915,2.07,0.022348,0.0,0.0,1.0,0.958,0.019,0.733,2.92,1,train
005648,13,7,0,13,6,6,2,3.802,17.527,2.4,0.168473,0.487,0.15,0.0,0.73,0.672,0.657,2.82,1,train
005649,3,1,0,3,0,0,1,13.179,34.352,0.48,0.067252,0.222,0.257,0.383,0.847,0.408,0.58,2.24,0,train
005650,4,1,0,3,0,1,0,33.969,53.07,0.12,0.016623,0.25,0.0,0.65,0.57,0.386,0.435,2.09,0,train
005651,3,2,0,2,2,0,1,4.122,18.618,0.64,0.047783,0.222,0.333,0.233,0.895,0.469,0.661,2.53,1,test
005652,9,1,0,8,0,0,1,5.967,26.233,0.83,0.09159,0.222,0.101,0.292,0.885,0.441,0.64,1.57,0,train
005653,4,2,0,4,0,0,0,37.036,62.299,1.31,0.0121,0.083,0.0,0.883,0.721,0.19,0.38,2.06,0,train
005654,12,9,1,11,4,5,1,3.021,30.456,0.2,0.047943,0.361,0.083,0.117,0.817,0.568,0.67,2.73,1,train
005655,1,0,0,1,0,0,0,57.461,57.461,5.26,0.001125,0.0,0.0,1.0,0.696,0.137,0.28,1.65,0,test
005656,3,1,1,2,0,0,0,20.131,31.35,0.26,0.009821,0.222,0.0,0.883,0.81,0.15,0.612,1.99,0,train
005657,2,0,0,2,0,0,0,33.705,40.952,4.14,0.003211,0.167,0.0,0.883,0.738,0.182,0.355,1.57,0,train
005658,3,3,0,3,0,1,0,36.806,49.591,0.38,0.001868,0.222,0.0,0.767,0.638,0.291,0.476,1.58,0,validation
005659,4,0,0,4,0,0,0,15.703,27.879,4.5,0.041421,0.0,0.0,1.0,0.917,0.037,0.475,1.78,0,test
005660,7,7,0,7,5,1,1,5.035,20.904,2.59,0.133153,0.19,0.126,0.195,0.807,0.53,0.645,2.19,1,train
005661,14,10,1,13,6,9,3,4.513,22.225,0.64,0.144814,0.571,0.169,0.065,0.726,0.638,0.746,2.7,1,train
005662,2,1,0,2,0,0,0,55.373,62.449,0.54,0.001425,0.0,0.0,1.0,0.707,0.132,0.415,1.61,0,test
005663,21,9,17,4,8,1,2,7.014,19.401,0.1,0.076108,0.222,0.052,0.312,0.713,0.508,0.81,2.27,1,train
005664,7,7,0,7,3,2,0,7.465,25.571,3.05,0.158182,0.333,0.034,0.611,0.794,0.307,0.569,1.98,1,validation
005665,10,5,10,0,1,2,1,9.818,26.034,0.51,0.024799,0.4,0.037,0.409,0.698,0.461,0.82,3.07,1,test
005666,10,1,3,7,1,4,1,8.243,25.518,0.06,0.13802,0.367,0.093,0.195,0.79,0.538,0.648,2.69,0,train
005667,6,2,0,6,0,0,1,11.15,39.275,2.49,0.099492,0.167,0.1,0.493,0.858,0.343,0.554,2.45,0,test
005668,8,1,0,8,0,4,1,6.443,25.194,1.55,0.1441,0.375,0.117,0.156,0.799,0.555,0.639,2.34,0,train
005669,5,3,1,4,1,0,0,12.15,31.99,2.96,0.061457,0.067,0.0,0.883,0.852,0.131,0.648,1.99,1,train
005670,4,4,4,0,4,0,0,6.807,9.94,0.27,0.042104,0.0,0.0,1.0,0.964,0.016,0.797,1.33,1,train
005671,1,0,1,0,0,0,0,17.618,17.618,6.04,0.00479,0.0,0.0,1.0,0.907,0.042,0.603,1.9,0,test
005672,4,4,0,4,3,0,0,7.316,18.759,2.99,0.167288,0.167,0.058,0.734,0.878,0.201,0.57,1.9,1,validation
005673,3,2,1,2,1,0,0,24.994,34.549,0.49,0.006392,0.0,0.0,1.0,0.868,0.06,0.474,1.73,0,validation
005674,16,1,0,16,1,4,1,10.461,34.8,0.37,0.132415,0.375,0.082,0.072,0.695,0.648,0.613,2.47,0,train
005675,6,2,0,6,0,0,0,20.381,36.571,0.14,0.022537,0.167,0.0,0.883,0.809,0.15,0.528,2.33,0,validation
005676,2,1,0,2,0,0,0,55.75,57.51,0.19,0.003121,0.0,0.0,1.0,0.705,0.133,0.431,1.83,0,train
005677,7,6,1,6,4,3,2,5.448,14.92,2.64,0.181942,0.333,0.191,0.325,0.804,0.459,0.71,2.06,1,train
005678,2,2,0,2,1,0,0,11.249,22.549,3.37,0.064424,0.0,0.0,1.0,0.94,0.027,0.508,1.89,1,validation
005679,2,0,0,2,0,0,1,12.697,34.327,7.52,0.048675,0.167,0.305,0.487,0.849,0.35,0.544,2.48,0,train
005680,9,2,0,9,1,3,1,10.867,26.543,0.28,0.061071,0.296,0.059,0.422,0.776,0.419,0.54,1.57,0,train
005681,1,1,0,1,0,0,0,32.763,32.763,3.16,0.003474,0.0,0.0,1.0,0.827,0.078,0.377,1.67,0,train
005682,15,2,1,14,1,9,1,8.511,21.876,0.12,0.12824,0.556,0.025,0.409,0.705,0.458,0.599,2.38,0,train
005683,1,1,1,0,1,0,0,7.658,7.658,1.16,0.032362,0.0,0.0,1.0,0.959,0.018,0.776,3.0,1,train
005684,3,0,0,3,0,0,0,25.314,40.548,8.12,0.013552,0.333,0.0,0.883,0.783,0.162,0.438,2.91,0,validation
005685,8,2,0,6,1,3,1,4.577,24.883,0.46,0.249388,0.292,0.125,0.117,0.809,0.572,0.549,1.58,1,train
005686,1,0,1,0,0,0,0,10.122,10.122,4.69,0.025243,0.333,0.0,0.883,0.863,0.126,0.679,2.68,0,validation
005687,7,6,1,6,4,2,1,7.118,22.749,1.39,0.1129,0.429,0.116,0.234,0.712,0.551,0.844,2.42,1,validation
005688,5,1,4,1,0,0,0,11.088,19.109,2.24,0.027169,0.133,0.0,0.883,0.858,0.128,0.673,2.13,1,train
005689,5,2,0,4,0,3,1,13.624,34.771,2.2,0.016816,0.667,0.18,0.065,0.678,0.659,0.561,2.75,0,validation
005690,3,2,2,1,1,0,0,14.527,24.148,0.81,0.047617,0.0,0.0,1.0,0.923,0.035,0.694,2.69,1,train
005691,14,1,0,14,1,3,2,7.408,29.289,0.34,0.105991,0.286,0.084,0.364,0.794,0.443,0.59,2.58,0,validation
005692,14,4,12,2,2,2,1,4.681,18.472,0.85,0.112431,0.167,0.031,0.539,0.809,0.34,0.752,2.72,1,train
005693,7,1,1,6,1,2,1,8.033,39.22,0.72,0.338507,0.238,0.096,0.331,0.791,0.462,0.58,2.61,0,train
005694,3,1,0,3,0,0,1,5.237,29.602,2.71,0.170904,0.111,0.333,0.233,0.889,0.472,0.625,1.69,0,train
005695,11,4,0,11,3,7,3,5.837,18.57,2.76,0.150021,0.485,0.15,0.214,0.719,0.558,0.618,2.99,1,train
005696,9,3,9,0,1,3,0,6.396,24.864,1.66,0.065725,0.519,0.02,0.533,0.716,0.385,0.779,3.03,1,train
005697,4,1,0,4,0,0,0,31.19,40.692,0.11,0.017467,0.167,0.0,0.883,0.752,0.176,0.527,2.19,0,test
005698,3,3,0,3,1,0,0,20.775,28.769,2.65,0.007906,0.111,0.0,0.883,0.807,0.151,0.475,1.68,0,test
005699,1,0,1,0,0,0,0,58.414,58.414,8.65,0.000501,0.0,0.0,1.0,0.691,0.139,0.42,1.74,0,train
005700,12,1,0,10,1,2,0,11.524,35.721,0.16,0.059587,0.306,0.0,0.767,0.772,0.231,0.616,1.56,0,train
005701,2,0,0,2,0,0,0,32.334,44.077,4.12,0.004098,0.0,0.0,1.0,0.829,0.077,0.364,1.71,0,train
005702,1,0,0,1,0,0,0,45.047,45.047,3.64,0.001874,0.0,0.0,1.0,0.762,0.107,0.28,1.67,0,train
005703,3,0,0,3,0,0,1,17.588,23.337,11.6,0.033734,0.111,0.197,0.5,0.824,0.354,0.51,2.29,0,train
005704,5,2,0,5,0,1,0,28.966,37.467,1.31,0.010908,0.2,0.0,0.767,0.68,0.272,0.486,2.47,0,validation
005705,7,1,0,7,1,2,2,5.755,32.042,0.12,0.033537,0.333,0.211,0.007,0.72,0.673,0.701,2.68,1,train
005706,4,4,0,4,0,2,0,32.11,45.63,1.45,0.002866,0.333,0.0,0.767,0.663,0.28,0.436,1.67,0,validation
005707,5,1,0,5,0,0,0,9.185,24.403,0.56,0.128899,0.2,0.004,0.87,0.868,0.131,0.53,2.03,0,train
005708,3,3,0,3,2,1,2,3.616,17.93,2.41,0.119051,0.333,0.65,0.0,0.731,0.671,0.751,2.51,1,train
005709,4,1,0,4,0,0,0,23.865,45.513,2.35,0.015508,0.167,0.0,0.883,0.79,0.159,0.448,1.93,0,validation
005710,2,0,0,2,0,1,0,43.961,55.994,3.76,0.002602,0.333,0.0,0.767,0.601,0.308,0.333,1.65,0,train
005711,1,1,1,0,1,0,0,9.296,9.296,1.75,0.021554,0.0,0.0,1.0,0.951,0.022,0.738,2.89,1,train
005712,4,2,0,4,0,0,1,14.979,33.073,1.11,0.040311,0.167,0.168,0.448,0.837,0.377,0.56,2.22,0,train
005713,2,1,1,1,0,0,1,22.734,32.087,0.03,0.009031,0.0,0.235,0.695,0.88,0.222,0.606,1.55,0,validation
005714,11,10,10,1,10,3,0,5.713,10.677,0.14,0.054174,0.242,0.015,0.656,0.803,0.278,0.816,2.63,1,train
005715,2,1,0,2,0,0,0,62.965,65.712,2.6,0.000948,0.0,0.0,1.0,0.667,0.15,0.321,1.82,0,validation
005716,4,2,0,4,1,1,0,15.182,35.506,2.68,0.036135,0.333,0.0,0.767,0.753,0.24,0.48,1.88,0,test
005717,9,2,0,9,1,1,2,4.216,30.686,2.49,0.137238,0.222,0.214,0.136,0.811,0.56,0.657,2.96,1,test
005718,9,1,3,6,1,4,2,7.308,26.728,0.09,0.149211,0.333,0.137,0.227,0.795,0.517,0.654,2.62,0,train
005719,7,1,1,6,0,1,1,16.309,36.246,0.01,0.021378,0.095,0.087,0.37,0.747,0.46,0.591,2.26,0,test
005720,6,2,0,5,2,1,1,4.951,23.538,2.79,0.212154,0.278,0.118,0.305,0.807,0.469,0.556,2.06,1,train
005721,8,4,0,8,1,2,0,9.963,37.763,1.0,0.088861,0.25,0.0,0.767,0.781,0.227,0.538,2.34,1,train
005722,6,4,0,6,3,1,1,4.585,19.398,0.49,0.144716,0.167,0.152,0.175,0.809,0.54,0.666,2.07,1,validation
005723,3,1,0,3,0,0,0,15.04,37.372,2.78,0.045703,0.0,0.0,1.0,0.92,0.036,0.48,2.77,0,test
005724,1,1,1,0,1,0,0,8.649,8.649,1.09,0.01781,0.0,0.0,1.0,0.954,0.021,0.773,1.69,1,validation
005725,5,2,0,5,1,1,0,23.756,35.137,0.87,0.016575,0.133,0.0,0.767,0.708,0.26,0.542,2.01,0,validation
005726,1,1,0,1,0,0,0,47.82,47.82,2.58,0.001439,0.0,0.0,1.0,0.747,0.114,0.322,1.65,0,test
005727,3,1,0,3,0,1,0,22.439,35.618,2.74,0.018917,0.333,0.11,0.435,0.631,0.476,0.537,2.23,0,test
005728,11,1,0,10,0,2,1,11.453,28.988,0.63,0.075951,0.303,0.058,0.351,0.773,0.459,0.568,1.57,0,test
005729,12,5,0,12,3,5,2,3.904,17.609,2.76,0.159866,0.444,0.147,0.007,0.729,0.668,0.664,2.92,1,train
005730,7,1,0,7,0,0,0,35.662,48.535,3.23,0.009136,0.238,0.0,0.883,0.728,0.187,0.342,2.15,0,test
005731,1,0,0,1,0,0,0,14.275,14.275,8.85,0.036618,0.0,0.12,0.922,0.924,0.077,0.494,1.45,0,validation
005732,11,3,0,11,0,1,1,8.105,28.683,2.97,0.140478,0.273,0.045,0.448,0.79,0.398,0.565,2.11,0,train
005733,3,1,1,2,1,0,1,10.173,16.138,2.05,0.08891,0.111,0.16,0.571,0.863,0.298,0.577,2.59,0,validation
005734,5,1,0,5,0,0,1,5.102,27.465,0.07,0.105985,0.067,0.196,0.246,0.89,0.464,0.624,2.35,0,train
005735,1,1,1,0,1,0,0,8.451,8.451,0.15,0.027565,0.0,0.0,1.0,0.955,0.02,0.817,3.11,1,test
005736,4,1,0,4,0,0,1,5.992,25.291,3.15,0.111109,0.083,0.225,0.298,0.885,0.438,0.612,2.28,0,train
005737,7,1,0,7,1,3,1,7.021,41.296,0.09,0.099894,0.286,0.076,0.422,0.796,0.41,0.689,2.7,1,validation
005738,3,0,0,3,0,0,0,31.374,43.843,6.03,0.007847,0.111,0.0,0.883,0.751,0.176,0.371,2.46,0,test
005739,5,0,0,5,0,2,1,16.003,47.206,3.51,0.039894,0.533,0.092,0.351,0.665,0.508,0.59,2.17,0,test
005740,1,1,0,1,1,0,0,14.38,14.38,2.72,0.02551,0.0,0.0,1.0,0.924,0.034,0.52,1.79,0,test
005741,4,4,0,4,2,0,0,9.106,20.794,2.05,0.139273,0.0,0.0,1.0,0.952,0.022,0.535,1.98,1,train
005742,3,1,0,3,1,1,2,5.399,13.502,1.15,0.060544,0.333,0.517,0.013,0.721,0.668,0.634,2.4,0,test
005743,10,8,7,3,7,7,1,5.562,18.849,0.38,0.051644,0.567,0.06,0.325,0.721,0.497,0.77,2.8,1,train
005744,1,1,1,0,1,0,0,7.845,7.845,2.06,0.019996,0.0,0.0,1.0,0.958,0.019,0.734,0.33,1,validation
005745,1,1,0,1,0,0,0,36.128,36.128,2.04,0.003286,0.0,0.0,1.0,0.809,0.086,0.406,1.75,0,train
005746,1,1,1,0,1,0,0,5.595,5.595,1.13,0.037518,0.0,0.14,0.909,0.97,0.063,0.802,1.75,1,train
005747,2,0,0,2,0,1,0,29.994,41.009,4.72,0.008865,0.5,0.0,0.767,0.675,0.275,0.407,3.1,0,train
005748,14,1,0,14,0,6,0,12.697,38.098,0.19,0.05058,0.381,0.0,0.767,0.766,0.234,0.558,1.88,0,test
005749,1,0,0,1,0,0,0,15.638,15.638,4.42,0.028557,0.0,0.0,1.0,0.917,0.037,0.476,1.82,0,train
005750,2,1,1,1,1,0,1,5.462,33.684,3.29,0.129489,0.0,0.275,0.642,0.971,0.21,0.737,2.23,1,test
005751,7,4,0,7,3,1,1,4.195,27.353,2.82,0.163195,0.286,0.141,0.123,0.811,0.567,0.66,2.28,1,test
005752,4,1,0,4,0,0,0,24.991,45.537,0.34,0.028357,0.0,0.0,1.0,0.868,0.06,0.498,1.71,0,train
005753,1,1,0,1,0,0,0,56.16,56.16,1.84,0.001228,0.0,0.0,1.0,0.703,0.134,0.356,1.71,0,test
005754,12,2,0,11,1,5,1,6.925,30.046,1.21,0.159752,0.389,0.037,0.474,0.797,0.381,0.582,1.58,1,validation
005755,5,4,0,5,2,1,0,11.32,27.527,0.18,0.042521,0.2,0.0,0.767,0.773,0.23,0.538,1.8,1,train
005756,1,1,0,1,0,0,0,52.444,52.444,1.19,0.001376,0.0,0.0,1.0,0.722,0.125,0.386,1.7,0,train
005757,10,1,0,10,0,5,3,7.952,17.848,2.09,0.094865,0.467,0.227,0.111,0.708,0.621,0.633,2.76,0,validation
005758,3,1,0,3,0,0,0,33.931,43.388,0.86,0.005143,0.0,0.0,1.0,0.82,0.081,0.474,1.57,0,train
005759,5,0,0,5,0,2,0,14.775,23.379,3.69,0.041776,0.467,0.0,0.767,0.755,0.239,0.514,3.04,0,train
005760,1,1,1,0,1,0,0,8.762,8.762,1.57,0.024846,0.0,0.0,1.0,0.954,0.021,0.75,2.96,1,test
005761,11,6,0,11,4,4,1,4.41,27.711,0.05,0.133546,0.303,0.101,0.149,0.81,0.553,0.655,2.83,1,train
005762,14,3,1,13,1,9,1,9.964,23.544,2.65,0.085653,0.452,0.026,0.533,0.781,0.356,0.556,2.97,0,test
005763,3,1,1,2,1,0,1,4.613,17.708,3.16,0.109221,0.222,0.32,0.259,0.892,0.456,0.642,1.59,1,train
005764,14,2,0,14,0,3,1,9.002,37.366,1.21,0.134308,0.333,0.051,0.409,0.702,0.459,0.54,2.25,0,train
005765,4,2,0,4,0,2,0,24.495,38.271,1.84,0.017233,0.333,0.0,0.767,0.704,0.262,0.453,2.05,0,train
005766,8,0,3,4,0,3,1,13.112,26.231,7.63,0.05899,0.417,0.065,0.312,0.681,0.522,0.562,2.8,0,train
005767,1,0,0,1,0,0,0,39.427,39.427,10.44,0.002023,0.0,0.0,1.0,0.791,0.094,0.317,1.59,0,test
005768,1,1,0,1,1,0,0,9.033,9.033,2.7,0.134976,0.0,0.0,1.0,0.952,0.022,0.556,0.47,1,validation
005769,3,0,1,2,0,1,0,29.175,38.947,8.16,0.003958,0.333,0.0,0.767,0.679,0.273,0.525,2.96,0,validation
005770,5,1,1,4,1,0,0,23.67,44.047,0.04,0.006568,0.133,0.0,0.883,0.791,0.158,0.58,2.13,0,validation
005771,9,0,2,7,0,2,1,13.019,29.5,4.01,0.031582,0.222,0.082,0.286,0.764,0.499,0.683,3.01,0,validation
005772,4,1,0,4,0,0,0,42.36,47.281,3.18,0.009549,0.167,0.0,0.883,0.692,0.203,0.312,2.09,0,test
005773,11,1,2,9,0,1,0,8.604,39.262,2.05,0.14053,0.242,0.009,0.702,0.788,0.26,0.621,3.03,0,train
005774,8,1,0,8,0,2,0,11.653,44.964,0.27,0.06298,0.25,0.0,0.767,0.772,0.231,0.502,1.94,0,train
005775,3,0,0,3,0,1,1,17.959,20.745,7.54,0.030817,0.444,0.307,0.052,0.655,0.677,0.57,1.09,0,train
005776,6,1,0,6,1,0,1,8.007,29.764,0.09,0.257151,0.0,0.167,0.35,0.958,0.377,0.607,1.55,0,train
005777,9,9,0,9,6,3,1,6.773,23.267,2.37,0.178636,0.259,0.089,0.461,0.797,0.387,0.596,1.97,1,test
005778,6,1,1,5,0,0,1,7.078,18.424,1.03,0.131578,0.167,0.163,0.324,0.879,0.426,0.643,2.97,1,train
005779,1,1,1,0,1,0,0,7.984,7.984,2.71,0.034367,0.0,0.0,1.0,0.958,0.019,0.703,2.8,1,validation
005780,7,1,0,7,1,0,0,7.031,37.856,0.09,0.099857,0.095,0.046,0.675,0.879,0.233,0.689,2.71,1,test
005781,6,0,0,6,0,0,0,18.166,35.758,4.91,0.019182,0.167,0.0,0.883,0.82,0.145,0.459,1.93,0,train
005782,3,1,0,3,0,1,0,14.631,41.047,1.97,0.058713,0.333,0.01,0.631,0.673,0.351,0.565,2.11,0,train
005783,2,2,0,2,2,0,1,4.352,7.071,1.25,0.164315,0.0,0.445,0.421,0.977,0.329,0.674,2.15,1,train
005784,6,1,2,4,1,0,2,5.24,25.215,3.2,0.112181,0.111,0.22,0.422,0.889,0.368,0.756,2.24,1,test
005785,3,0,0,3,0,2,1,26.039,43.149,12.66,0.021565,0.556,0.27,0.123,0.612,0.657,0.551,2.27,0,test
005786,3,1,0,3,0,0,0,13.531,62.325,0.29,0.057741,0.111,0.097,0.695,0.845,0.238,0.54,2.21,0,train
005787,4,1,0,4,0,1,0,34.109,49.651,0.0,0.028935,0.333,0.0,0.65,0.569,0.386,0.471,1.94,0,train
005788,6,0,0,6,0,1,0,14.246,30.099,4.1,0.053293,0.167,0.0,0.767,0.758,0.237,0.485,2.18,0,validation
005789,2,1,0,1,1,0,1,6.145,14.865,2.43,0.110381,0.0,0.285,0.629,0.967,0.218,0.505,2.22,0,train
005790,3,1,1,2,1,0,1,4.605,29.953,3.16,0.109571,0.111,0.32,0.259,0.892,0.456,0.642,1.7,1,train
005791,11,8,1,10,4,4,1,3.506,31.075,0.1,0.103522,0.333,0.091,0.117,0.815,0.569,0.667,2.47,1,validation
005792,2,1,0,2,0,0,0,67.624,71.975,0.95,0.000744,0.0,0.0,1.0,0.642,0.161,0.397,1.81,0,test
005793,5,2,1,4,0,0,0,8.466,23.636,0.03,0.105344,0.2,0.04,0.753,0.872,0.193,0.708,2.23,1,validation
005794,4,3,0,4,2,1,0,9.159,29.636,2.26,0.087684,0.167,0.0,0.767,0.785,0.225,0.54,1.76,1,train
005795,7,3,0,7,2,3,1,20.884,43.408,1.4,0.17485,0.333,0.101,0.305,0.723,0.507,0.498,2.39,0,validation
005796,4,1,1,3,1,0,1,4.605,27.166,3.16,0.109446,0.083,0.24,0.259,0.892,0.456,0.642,1.78,1,train
005797,6,2,0,6,0,3,0,12.004,30.81,1.73,0.052656,0.389,0.0,0.65,0.686,0.334,0.547,2.21,0,test
005798,5,1,0,5,1,1,0,23.4,48.489,0.03,0.006312,0.267,0.0,0.767,0.709,0.259,0.583,1.87,0,test
005799,2,1,0,2,0,0,0,30.606,39.943,0.06,0.01431,0.0,0.0,1.0,0.838,0.073,0.437,2.18,0,train
005800,8,7,1,7,5,1,2,2.859,21.024,2.44,0.166098,0.167,0.212,0.117,0.818,0.568,0.689,1.98,1,test
005801,1,1,1,0,1,0,0,9.407,9.407,2.67,0.020848,0.0,0.0,1.0,0.95,0.022,0.695,0.28,1,test
005802,5,3,0,5,0,2,0,27.037,32.969,0.57,0.010319,0.333,0.0,0.767,0.69,0.268,0.487,1.56,0,train
005803,14,4,0,14,2,9,1,6.225,27.746,2.66,0.16328,0.452,0.064,0.39,0.8,0.426,0.604,3.13,1,train
005804,2,1,1,1,1,0,1,6.383,10.617,2.26,0.057612,0.0,0.355,0.552,0.966,0.262,0.736,2.24,1,train
005805,2,2,0,1,1,0,0,19.015,31.811,3.28,0.009501,0.0,0.0,1.0,0.899,0.045,0.383,1.65,0,validation
005806,1,1,1,0,1,0,0,9.358,9.358,2.86,0.025912,0.0,0.0,1.0,0.95,0.022,0.687,2.78,1,validation
005807,4,2,0,4,0,0,0,15.287,37.255,0.61,0.048917,0.167,0.068,0.708,0.836,0.235,0.526,2.17,0,train
005808,2,0,1,1,0,0,1,10.374,12.563,6.06,0.052234,0.167,0.345,0.435,0.862,0.373,0.678,0.84,0,validation
005809,1,1,0,1,1,0,0,8.831,8.831,3.15,0.124362,0.0,0.0,1.0,0.953,0.021,0.537,1.95,1,train
005810,2,1,0,1,0,0,0,31.871,40.767,1.41,0.004596,0.0,0.0,1.0,0.831,0.076,0.463,1.86,0,train
005811,7,0,0,6,0,2,1,16.036,37.688,4.08,0.037164,0.238,0.106,0.286,0.748,0.506,0.542,1.52,0,train
005812,9,6,5,4,5,7,0,5.659,19.571,1.91,0.050393,0.63,0.053,0.488,0.72,0.408,0.821,2.87,1,validation
005813,4,2,4,0,2,0,0,5.324,13.784,1.52,0.076879,0.0,0.077,0.798,0.972,0.124,0.739,2.76,1,train
005814,5,1,0,5,1,1,1,24.105,33.259,0.49,0.011312,0.2,0.126,0.357,0.706,0.486,0.557,2.25,0,validation
005815,4,1,0,4,0,0,0,29.708,56.993,0.68,0.003999,0.083,0.0,0.883,0.759,0.172,0.511,2.09,0,train
005816,1,0,0,1,0,0,0,49.14,49.14,9.31,0.003292,0.0,0.0,1.0,0.74,0.117,0.28,2.18,0,validation
005817,1,0,1,0,0,0,0,8.461,8.461,4.03,0.026441,0.333,0.0,0.883,0.872,0.122,0.69,2.81,0,train
005818,1,0,1,0,0,0,0,34.754,34.754,8.65,0.001664,0.0,0.0,1.0,0.816,0.083,0.488,1.84,0,train
005819,6,3,0,6,3,0,1,3.964,14.596,1.44,0.124752,0.111,0.167,0.233,0.896,0.469,0.64,2.51,1,train
005820,5,3,0,5,1,2,1,13.18,25.776,2.41,0.061218,0.533,0.114,0.28,0.68,0.54,0.618,2.96,0,validation
005821,3,1,0,3,0,1,0,7.764,16.928,3.37,0.130984,0.444,0.1,0.455,0.709,0.431,0.632,2.01,0,train
005822,7,6,1,6,4,3,0,7.099,16.529,2.59,0.154302,0.333,0.056,0.63,0.796,0.295,0.704,2.01,1,test
005823,3,0,1,2,0,1,0,15.576,31.209,3.82,0.025283,0.222,0.0,0.767,0.751,0.24,0.511,1.91,0,train
005824,4,4,4,0,3,0,0,6.102,15.783,0.29,0.074263,0.083,0.062,0.792,0.884,0.166,0.738,1.61,1,train
005825,8,5,7,1,4,0,0,12.009,25.084,1.35,0.017618,0.208,0.0,0.883,0.853,0.13,0.7,2.7,1,train
005826,1,0,0,1,0,0,0,44.563,44.563,12.95,0.004632,0.333,0.0,0.883,0.681,0.208,0.31,0.17,0,train
005827,3,1,0,3,0,0,0,27.153,41.417,0.63,0.008211,0.222,0.0,0.883,0.773,0.166,0.426,1.88,0,validation
005828,2,1,0,2,1,0,0,8.752,15.657,3.24,0.120275,0.167,0.0,0.883,0.87,0.123,0.534,1.88,1,train
005829,6,3,1,5,1,1,0,11.046,25.585,0.25,0.084948,0.278,0.0,0.767,0.775,0.23,0.577,2.23,1,train
005830,6,1,0,6,0,1,1,34.492,43.783,0.35,0.013727,0.389,0.112,0.214,0.567,0.627,0.494,2.31,0,train
005831,9,3,0,9,1,7,0,9.714,24.784,0.06,0.112686,0.704,0.0,0.65,0.699,0.328,0.595,2.28,0,train
005832,6,1,0,6,0,0,0,37.847,47.761,1.88,0.011059,0.278,0.03,0.766,0.716,0.256,0.402,2.21,0,train
005833,7,1,0,7,0,0,0,27.839,51.955,0.25,0.006104,0.143,0.0,0.883,0.769,0.168,0.501,1.86,0,validation
005834,11,1,0,9,0,2,1,7.289,27.066,0.78,0.077957,0.273,0.075,0.364,0.795,0.442,0.569,1.57,0,validation
005835,1,0,1,0,0,0,0,8.677,8.677,3.61,0.027806,0.0,0.0,1.0,0.954,0.021,0.662,0.43,0,validation
005836,4,1,2,2,1,0,0,16.143,28.083,1.84,0.024507,0.167,0.0,0.883,0.831,0.14,0.635,2.54,0,test
005837,5,4,5,0,4,0,0,10.299,17.468,2.11,0.02439,0.067,0.0,0.883,0.862,0.126,0.679,2.26,1,train
005838,8,1,4,4,0,0,1,9.603,26.656,0.71,0.01751,0.167,0.119,0.331,0.866,0.428,0.751,2.26,0,validation
005839,3,2,0,3,2,1,0,8.064,28.65,0.01,0.063301,0.222,0.0,0.767,0.791,0.223,0.69,1.6,1,test
005840,9,3,6,3,3,0,2,4.612,18.101,2.71,0.110213,0.148,0.203,0.259,0.892,0.456,0.723,2.58,1,validation
005841,4,1,0,4,0,1,0,62.168,70.449,1.57,0.006277,0.25,0.0,0.767,0.504,0.351,0.368,1.92,0,validation
005842,6,3,0,6,1,0,1,11.993,27.702,0.45,0.071861,0.167,0.138,0.383,0.853,0.406,0.588,1.97,0,train
005843,11,6,2,8,4,0,2,3.405,23.026,0.84,0.105593,0.121,0.155,0.233,0.899,0.467,0.66,2.58,1,train
005844,6,1,0,6,1,1,1,11.122,22.461,2.4,0.10384,0.167,0.093,0.403,0.774,0.43,0.556,3.06,1,train
005845,2,0,0,2,0,0,0,37.981,38.609,18.96,0.007782,0.333,0.0,0.883,0.716,0.192,0.353,1.12,0,train
005846,8,1,6,2,1,0,1,8.916,20.647,1.9,0.044048,0.042,0.077,0.48,0.869,0.345,0.71,2.84,1,validation
005847,5,1,1,4,0,0,2,6.375,16.599,0.1,0.1202,0.0,0.358,0.415,0.966,0.337,0.699,2.9,1,test
005848,9,2,0,9,2,2,0,7.021,37.975,0.09,0.100056,0.259,0.038,0.429,0.713,0.443,0.689,2.67,1,train
005849,8,1,1,7,0,2,2,6.831,32.064,0.1,0.110402,0.167,0.171,0.292,0.797,0.481,0.586,2.31,0,train
005850,2,0,0,2,0,0,0,20.711,37.626,7.8,0.027894,0.167,0.0,0.883,0.807,0.151,0.442,3.0,0,train
005851,2,1,0,2,1,0,1,3.326,20.015,2.68,0.094717,0.0,0.5,0.35,0.982,0.365,0.675,2.4,1,validation
005852,5,0,1,4,0,3,0,27.032,44.151,5.98,0.014542,0.6,0.034,0.539,0.607,0.43,0.548,2.23,0,train
005853,15,11,1,14,7,9,2,5.117,22.047,0.11,0.147934,0.511,0.085,0.162,0.723,0.585,0.826,2.13,1,train
005854,2,2,0,2,1,1,0,12.467,37.944,0.2,0.03927,0.5,0.0,0.65,0.684,0.335,0.523,1.78,0,validation
005855,10,1,0,9,0,2,1,7.071,25.919,0.61,0.068613,0.333,0.124,0.058,0.713,0.647,0.606,1.57,0,train
005856,1,0,1,0,0,0,0,17.033,17.033,5.73,0.006244,0.0,0.0,1.0,0.91,0.041,0.606,1.2,0,validation
005857,2,1,0,2,0,0,0,36.672,38.395,2.81,0.007513,0.0,0.0,1.0,0.806,0.087,0.344,1.96,0,test
005858,13,1,0,13,0,5,1,8.635,32.454,0.23,0.121554,0.333,0.06,0.26,0.788,0.503,0.538,2.3,0,train
005859,3,1,0,3,0,0,0,33.987,52.318,0.58,0.006833,0.222,0.0,0.883,0.737,0.183,0.413,2.97,0,train
005860,7,2,0,6,2,4,1,3.35,22.444,2.91,0.148918,0.381,0.153,0.117,0.816,0.569,0.661,2.58,1,validation
005861,4,2,0,4,1,1,0,7.832,20.364,3.22,0.127744,0.167,0.02,0.715,0.792,0.251,0.547,2.14,1,validation
005862,2,0,0,2,0,0,1,11.063,32.354,7.7,0.018198,0.167,0.465,0.279,0.858,0.46,0.581,2.36,0,train
005863,3,0,0,3,0,1,0,13.037,35.727,4.57,0.065059,0.222,0.0,0.767,0.764,0.234,0.493,2.89,0,train
005864,9,6,1,8,5,2,2,5.627,17.499,1.79,0.120816,0.296,0.192,0.182,0.804,0.538,0.754,2.17,1,train
005865,4,2,0,4,2,0,0,10.481,15.841,0.48,0.05714,0.167,0.0,0.883,0.861,0.127,0.648,2.74,1,validation
005866,16,5,3,13,3,12,1,9.024,24.887,0.2,0.03466,0.604,0.054,0.156,0.702,0.598,0.801,2.46,1,test
005867,1,0,0,1,0,0,0,41.197,41.197,8.26,0.004928,0.333,0.0,0.883,0.699,0.2,0.332,2.99,0,train
005868,10,1,0,10,1,4,1,7.031,34.808,0.09,0.099917,0.4,0.052,0.312,0.713,0.508,0.689,2.92,1,train
005869,2,1,0,1,0,0,0,28.242,37.388,3.29,0.005015,0.0,0.0,1.0,0.85,0.067,0.401,1.67,0,train
005870,5,1,0,5,0,2,0,15.482,23.456,0.91,0.042024,0.4,0.0,0.767,0.751,0.24,0.514,2.92,0,train
005871,6,1,0,6,0,1,0,12.752,28.345,3.31,0.08131,0.167,0.0,0.767,0.766,0.234,0.496,2.24,0,train
005872,5,2,0,5,1,1,0,22.24,35.147,2.96,0.012585,0.267,0.0,0.767,0.716,0.256,0.437,2.46,0,test
005873,4,1,1,3,0,1,0,10.091,42.73,0.43,0.046316,0.25,0.0,0.65,0.697,0.329,0.733,2.14,0,train
005874,4,1,0,4,0,0,1,18.578,29.026,0.03,0.014497,0.083,0.182,0.409,0.818,0.407,0.52,2.21,0,validation
005875,1,0,0,1,0,0,0,32.063,32.063,4.47,0.004217,0.0,0.0,1.0,0.83,0.076,0.366,1.77,0,train
005876,6,1,2,4,1,0,1,6.476,26.139,3.2,0.122199,0.111,0.1,0.643,0.882,0.249,0.709,2.12,1,validation
005877,6,4,0,6,3,2,0,8.481,22.597,0.71,0.099873,0.222,0.0,0.767,0.788,0.224,0.563,1.93,1,train
005878,5,0,1,3,0,1,0,27.63,35.866,5.95,0.014248,0.133,0.0,0.767,0.687,0.269,0.47,2.21,0,test
005879,4,2,0,3,1,3,0,23.736,38.718,2.09,0.012867,0.833,0.0,0.65,0.624,0.362,0.53,1.65,0,validation
005880,6,4,4,2,2,1,0,12.212,22.821,1.72,0.155365,0.278,0.0,0.767,0.769,0.232,0.7,2.75,1,train
005881,10,7,3,7,6,5,0,9.897,23.947,0.06,0.071189,0.4,0.0,0.767,0.781,0.227,0.648,1.79,1,train
005882,4,0,1,3,0,3,0,26.381,35.152,6.09,0.021533,0.75,0.007,0.631,0.61,0.379,0.589,2.2,0,validation
005883,1,1,0,1,0,0,0,34.161,34.161,3.1,0.003229,0.0,0.0,1.0,0.819,0.081,0.371,1.7,0,train
005884,4,3,0,4,1,0,1,9.43,28.117,0.03,0.065413,0.083,0.193,0.383,0.867,0.399,0.579,1.69,0,test
005885,6,5,0,6,3,3,0,9.339,23.928,2.92,0.088273,0.389,0.0,0.767,0.784,0.226,0.539,1.89,1,train
005886,7,5,0,7,5,1,0,12.193,26.627,0.19,0.037063,0.238,0.0,0.767,0.769,0.232,0.661,1.8,1,train
005887,1,1,0,1,0,0,0,25.646,25.646,3.0,0.006831,0.0,0.0,1.0,0.864,0.061,0.432,1.76,0,validation
005888,1,1,1,0,1,0,0,8.262,8.262,3.07,0.034952,0.0,0.0,1.0,0.956,0.02,0.685,2.78,1,train
005889,5,1,0,4,0,1,0,9.476,29.631,3.3,0.026846,0.133,0.0,0.767,0.783,0.226,0.544,1.72,0,train
005890,8,1,1,7,0,4,1,6.248,16.415,2.77,0.167756,0.5,0.151,0.085,0.717,0.631,0.635,3.03,1,train
005891,10,4,4,6,3,1,1,2.935,21.201,1.54,0.241937,0.167,0.144,0.117,0.818,0.568,0.673,2.71,1,train
005892,10,5,0,10,3,3,2,5.614,24.076,3.1,0.152766,0.4,0.176,0.149,0.804,0.556,0.648,2.74,1,validation
005893,7,1,0,6,1,2,0,13.063,29.106,0.02,0.111909,0.286,0.0,0.767,0.764,0.234,0.594,1.57,0,validation
005894,2,2,0,2,0,0,0,30.904,46.393,0.36,0.004228,0.0,0.0,1.0,0.836,0.074,0.424,1.68,0,train
005895,3,0,1,2,0,0,0,22.6,31.201,3.51,0.02373,0.111,0.0,0.883,0.797,0.156,0.451,3.1,0,train
005896,1,1,0,1,0,0,0,65.833,65.833,0.61,0.00066,0.0,0.0,1.0,0.651,0.157,0.412,1.57,0,test
005897,4,1,0,4,1,1,2,4.664,22.298,2.69,0.07451,0.25,0.352,0.013,0.725,0.666,0.627,2.4,1,validation
005898,3,2,1,2,1,1,0,12.637,30.869,1.2,0.024683,0.222,0.0,0.767,0.766,0.233,0.741,1.65,1,train
005899,2,1,1,1,1,0,1,6.633,6.644,0.2,0.061702,0.0,0.5,0.35,0.965,0.373,0.827,1.77,1,validation
005900,8,3,0,8,2,1,0,9.441,29.68,1.07,0.147123,0.125,0.0,0.767,0.783,0.226,0.628,2.88,1,train
005901,11,4,0,11,2,7,1,10.861,24.205,2.35,0.082018,0.485,0.032,0.539,0.776,0.354,0.547,2.94,0,train
005902,6,3,4,2,2,0,0,10.979,20.834,1.46,0.084652,0.056,0.005,0.864,0.859,0.139,0.714,1.99,1,train
005903,10,4,0,10,2,9,1,9.848,22.198,2.49,0.079794,0.633,0.05,0.325,0.698,0.507,0.634,2.94,1,test
005904,4,3,0,3,3,0,2,4.794,10.808,2.33,0.121404,0.167,0.263,0.467,0.891,0.342,0.592,2.06,1,validation
005905,9,7,6,3,5,7,0,7.532,21.81,0.35,0.038409,0.556,0.0,0.767,0.793,0.221,0.724,2.69,1,train
005906,3,3,0,3,3,0,1,5.945,11.888,0.83,0.17951,0.111,0.147,0.597,0.885,0.273,0.62,2.33,1,train
005907,1,0,0,1,0,0,0,36.954,36.954,6.87,0.002777,0.0,0.0,1.0,0.804,0.088,0.334,1.69,0,train
005908,8,7,0,8,3,2,1,4.419,25.152,0.23,0.147424,0.25,0.109,0.201,0.81,0.525,0.662,2.13,1,train
005909,7,4,0,7,3,1,1,3.465,26.314,2.83,0.137866,0.286,0.143,0.117,0.815,0.569,0.667,2.47,1,train
005910,6,5,6,0,4,0,0,13.422,19.555,0.47,0.008952,0.056,0.0,0.883,0.846,0.134,0.715,1.69,1,train
005911,5,1,0,5,0,1,0,20.792,32.721,1.35,0.016767,0.333,0.0,0.767,0.723,0.253,0.501,1.97,0,train
005912,4,1,1,3,1,3,1,5.968,14.578,0.14,0.349942,0.75,0.25,0.0,0.718,0.677,0.7,1.92,0,train
005913,5,0,0,5,0,0,1,28.238,46.861,6.15,0.006455,0.2,0.08,0.623,0.767,0.312,0.415,1.51,0,validation
005914,5,1,2,3,0,2,0,32.633,49.827,0.16,0.011158,0.333,0.0,0.65,0.577,0.383,0.556,2.26,0,train
005915,12,4,2,10,2,9,0,16.889,34.047,0.28,0.01206,0.611,0.0,0.65,0.661,0.345,0.664,2.89,1,train
005916,3,1,0,3,0,0,0,36.326,58.803,0.66,0.005957,0.111,0.0,0.883,0.724,0.188,0.468,2.04,0,train
005917,9,0,0,9,0,4,2,6.027,20.961,3.85,0.087354,0.37,0.222,0.065,0.718,0.641,0.612,3.06,0,train
005918,9,2,1,5,1,5,1,9.13,19.339,2.89,0.082322,0.407,0.112,0.182,0.702,0.584,0.609,3.1,1,train
005919,9,5,0,9,2,5,1,7.239,19.756,2.67,0.124405,0.407,0.082,0.325,0.795,0.464,0.586,1.85,1,train
005920,7,3,3,4,1,3,0,24.253,41.362,0.35,0.005214,0.476,0.0,0.65,0.622,0.363,0.562,3.01,0,train
005921,4,1,0,4,0,1,0,24.92,57.173,0.63,0.012912,0.333,0.0,0.65,0.618,0.364,0.414,2.66,0,train
005922,5,0,0,5,0,1,0,33.069,45.566,9.63,0.014057,0.333,0.0,0.767,0.658,0.282,0.386,3.07,0,validation
005923,4,1,0,4,0,0,0,19.845,40.312,0.52,0.024959,0.167,0.0,0.883,0.812,0.149,0.474,2.01,0,validation
005924,1,1,1,0,1,0,0,7.968,7.968,2.23,0.02964,0.0,0.0,1.0,0.958,0.019,0.725,2.02,1,train
005925,2,1,0,2,0,1,1,12.074,42.842,1.19,0.137712,0.5,0.285,0.28,0.686,0.538,0.625,2.18,0,train
005926,4,1,0,4,0,0,0,22.056,44.354,0.53,0.015631,0.167,0.0,0.883,0.8,0.154,0.46,1.95,0,test
005927,9,1,0,9,0,3,1,8.536,35.344,2.83,0.048802,0.407,0.098,0.195,0.788,0.538,0.593,2.34,0,test
005928,8,2,1,7,2,1,2,6.866,19.578,1.68,0.069317,0.25,0.226,0.188,0.797,0.538,0.632,3.0,1,test
005929,16,3,0,16,1,4,1,9.675,34.47,0.37,0.097905,0.292,0.045,0.39,0.782,0.434,0.588,2.53,0,train
005930,1,0,0,1,0,0,0,26.785,26.785,4.75,0.005739,0.0,0.0,1.0,0.858,0.064,0.401,1.61,0,train
005931,1,0,1,0,0,0,0,10.823,10.823,5.7,0.020957,0.0,0.0,1.0,0.943,0.026,0.648,2.57,0,train
005932,6,1,0,6,1,0,0,7.031,40.308,0.09,0.099815,0.056,0.0,0.883,0.879,0.118,0.689,2.68,1,train
005933,3,2,1,2,2,0,1,3.172,16.534,1.61,0.104304,0.0,0.333,0.35,0.983,0.365,0.688,2.37,1,validation
005934,5,3,3,2,3,0,1,6.673,17.355,1.06,0.015982,0.067,0.198,0.24,0.881,0.471,0.725,1.77,1,train
005935,13,2,0,11,1,5,1,6.017,30.153,1.25,0.146615,0.41,0.064,0.169,0.718,0.584,0.611,1.58,1,train
005936,10,1,0,10,0,2,1,27.153,46.029,1.25,0.015133,0.267,0.085,0.279,0.69,0.536,0.432,2.9,0,train
005937,1,0,1,0,0,0,0,9.947,9.947,4.73,0.024608,0.0,0.0,1.0,0.947,0.024,0.654,2.61,0,train
005938,2,1,0,2,0,0,0,33.571,36.522,2.84,0.008131,0.0,0.0,1.0,0.822,0.08,0.356,1.99,0,train
005939,2,0,0,2,0,1,0,38.998,47.612,12.54,0.020785,0.5,0.0,0.65,0.544,0.398,0.4,2.0,0,validation
005940,11,0,0,11,0,9,0,15.679,33.233,8.25,0.046891,0.606,0.0,0.767,0.75,0.241,0.502,3.0,0,train
005941,1,0,0,1,0,0,0,39.64,39.64,3.67,0.002507,0.0,0.0,1.0,0.79,0.094,0.316,1.66,0,test
005942,4,4,0,4,2,0,0,8.459,21.538,0.51,0.10453,0.083,0.0,0.883,0.872,0.122,0.571,1.57,1,train
005943,4,1,0,4,1,1,1,7.388,22.772,2.56,0.127516,0.167,0.275,0.227,0.794,0.518,0.595,2.28,1,validation
005944,3,1,1,2,0,1,0,15.65,29.787,0.37,0.01387,0.222,0.0,0.767,0.75,0.241,0.669,1.95,0,train
005945,2,0,2,0,0,0,0,23.798,23.947,5.32,0.002378,0.0,0.0,1.0,0.874,0.057,0.561,1.35,0,train
005946,17,4,0,14,1,3,1,5.501,33.694,0.4,0.140871,0.255,0.051,0.266,0.804,0.492,0.629,2.1,1,train
005947,4,1,0,4,1,2,1,11.682,34.493,0.85,0.081793,0.417,0.092,0.409,0.688,0.465,0.612,3.01,0,train
005948,18,4,1,17,0,13,2,9.384,25.705,0.91,0.097642,0.537,0.097,0.13,0.7,0.613,0.608,2.94,1,train
005949,9,0,1,8,0,2,0,36.103,53.545,4.59,0.008074,0.333,0.03,0.591,0.642,0.386,0.473,3.06,0,train
005950,10,6,1,9,3,1,1,4.827,26.747,0.31,0.150619,0.233,0.09,0.182,0.808,0.537,0.65,2.16,1,train
005951,2,2,0,2,0,0,0,26.936,49.629,2.99,0.005266,0.0,0.0,1.0,0.857,0.064,0.424,1.68,0,train
005952,8,1,0,8,0,1,1,6.753,24.334,1.18,0.075416,0.25,0.116,0.045,0.714,0.654,0.609,1.57,0,train
005953,4,0,0,4,0,1,2,5.57,15.103,4.11,0.080537,0.333,0.443,0.02,0.721,0.665,0.652,2.35,0,test
005954,1,0,1,0,0,0,0,8.042,8.042,3.87,0.038807,0.0,0.0,1.0,0.957,0.019,0.666,0.45,0,train
005955,4,3,0,4,2,1,0,8.199,29.727,1.64,0.121966,0.333,0.022,0.592,0.707,0.357,0.551,1.72,1,train
005956,1,1,0,1,1,0,0,10.402,10.402,2.57,0.052197,0.0,0.0,1.0,0.945,0.025,0.553,1.48,1,validation
005957,9,6,0,9,3,2,2,6.324,27.361,0.56,0.175949,0.37,0.149,0.085,0.717,0.631,0.603,2.04,1,validation
005958,1,1,1,0,1,0,0,8.728,8.728,2.26,0.018902,0.0,0.0,1.0,0.954,0.021,0.719,2.87,1,validation
005959,10,5,1,9,2,1,1,9.643,30.173,0.02,0.075745,0.233,0.053,0.422,0.782,0.416,0.566,1.85,1,validation
005960,2,0,0,2,0,0,0,18.479,35.291,7.84,0.037925,0.167,0.0,0.883,0.819,0.146,0.457,3.0,0,validation
005961,1,1,0,1,1,0,0,13.702,13.702,0.93,0.044508,0.0,0.0,1.0,0.927,0.033,0.606,0.16,0,train
005962,4,3,0,4,2,1,1,3.769,24.673,2.53,0.247406,0.25,0.302,0.0,0.73,0.671,0.733,2.48,1,train
005963,8,1,0,8,1,1,0,11.046,34.43,1.91,0.103379,0.333,0.0,0.767,0.775,0.23,0.541,2.55,0,train
005964,3,0,1,2,0,1,0,26.206,36.324,8.26,0.00541,0.333,0.0,0.767,0.695,0.266,0.545,2.95,0,train
005965,6,3,4,2,0,0,0,30.531,43.587,0.86,0.011599,0.056,0.0,0.883,0.755,0.174,0.541,3.0,0,test
005966,1,1,0,1,1,0,0,21.125,21.125,2.71,0.011147,0.0,0.0,1.0,0.888,0.05,0.475,1.76,0,train
005967,5,0,0,5,0,3,0,19.913,29.31,6.21,0.026467,0.533,0.0,0.767,0.728,0.251,0.474,2.94,0,train
005968,3,0,0,3,0,0,0,38.44,48.84,5.68,0.004681,0.111,0.0,0.883,0.713,0.193,0.324,2.44,0,validation
005969,2,2,0,1,1,0,1,5.421,17.805,2.69,0.139983,0.0,0.335,0.565,0.971,0.252,0.535,2.05,1,train
005970,10,8,0,10,3,2,1,5.611,28.874,0.8,0.168777,0.267,0.091,0.292,0.804,0.478,0.625,2.1,1,train
005971,4,1,0,4,1,0,0,17.29,30.779,0.05,0.016475,0.083,0.0,0.883,0.825,0.143,0.622,2.15,0,train
005972,4,2,0,4,0,0,0,23.429,38.565,0.35,0.027912,0.083,0.0,0.883,0.793,0.157,0.424,2.05,0,validation
005973,6,3,0,6,3,1,1,4.632,26.36,2.04,0.085501,0.222,0.165,0.123,0.809,0.568,0.63,2.38,1,train
005974,2,1,0,2,0,0,0,27.64,33.197,0.13,0.023491,0.167,0.0,0.883,0.77,0.168,0.55,2.2,0,train
005975,5,4,0,5,2,1,1,4.257,27.172,1.76,0.13725,0.333,0.196,0.013,0.727,0.665,0.679,2.31,1,train
005976,1,0,0,1,0,0,0,47.914,47.914,8.07,0.003484,0.333,0.0,0.883,0.663,0.216,0.307,0.25,0,train
005977,5,1,0,5,0,2,0,18.781,30.111,0.76,0.013499,0.333,0.0,0.767,0.734,0.248,0.521,1.86,0,validation
005978,1,1,0,1,1,0,0,8.145,8.145,2.85,0.136316,0.0,0.03,0.981,0.957,0.03,0.558,1.92,1,train
005979,5,0,0,5,0,1,0,10.681,22.759,3.56,0.068447,0.267,0.0,0.767,0.777,0.229,0.509,2.05,0,train
005980,6,0,4,2,0,1,1,7.42,13.069,4.36,0.040603,0.278,0.187,0.13,0.794,0.571,0.684,2.32,0,test
005981,9,1,0,7,1,3,1,13.978,33.166,1.42,0.270386,0.333,0.039,0.423,0.676,0.463,0.595,1.56,0,validation
005982,10,6,2,8,2,0,0,7.269,38.259,2.17,0.158108,0.1,0.015,0.786,0.878,0.173,0.575,1.98,1,test
005983,15,8,0,15,5,11,2,7.504,21.237,0.16,0.365134,0.622,0.119,0.149,0.71,0.598,0.656,2.27,1,train
005984,9,0,1,8,0,1,1,35.204,52.657,6.6,0.005876,0.296,0.078,0.312,0.647,0.537,0.447,3.1,0,test
005985,5,0,4,0,0,3,0,11.346,16.466,6.0,0.035548,0.6,0.0,0.65,0.69,0.332,0.724,2.51,0,train
005986,7,1,0,6,0,0,1,6.293,27.566,0.56,0.161085,0.19,0.116,0.357,0.883,0.406,0.536,1.57,0,test
005987,5,1,0,5,0,0,0,23.858,42.936,0.94,0.036793,0.133,0.0,0.883,0.79,0.159,0.524,2.26,0,train
005988,17,14,16,1,14,6,2,4.865,13.836,0.23,0.211948,0.392,0.086,0.02,0.724,0.663,0.789,2.57,1,train
005989,1,0,0,1,0,0,0,50.059,50.059,7.05,0.002803,0.333,0.0,0.883,0.652,0.221,0.307,2.99,0,train
005990,2,1,0,2,1,0,1,4.159,26.717,3.18,0.075071,0.0,0.495,0.357,0.978,0.364,0.646,2.39,1,train
005991,5,1,1,4,0,0,0,28.115,53.529,2.56,0.009319,0.067,0.0,0.883,0.768,0.169,0.463,3.12,0,train
005992,5,1,0,5,0,0,2,6.239,20.749,1.33,0.118026,0.2,0.322,0.246,0.884,0.467,0.643,2.46,0,test
005993,1,1,0,1,0,0,0,43.411,43.411,3.24,0.001936,0.0,0.0,1.0,0.77,0.103,0.302,1.54,0,test
005994,4,2,3,1,1,0,0,8.318,16.189,0.37,0.024074,0.083,0.0,0.883,0.873,0.121,0.693,2.09,1,validation
005995,2,1,0,1,1,0,1,20.88,24.675,0.66,0.008227,0.0,0.405,0.473,0.889,0.339,0.571,2.24,0,validation
005996,11,2,0,10,0,6,2,8.625,24.057,2.47,0.088177,0.485,0.115,0.091,0.704,0.633,0.622,3.04,0,test
005997,5,1,2,3,0,2,1,27.134,46.064,0.11,0.015252,0.467,0.072,0.416,0.606,0.498,0.57,2.3,0,validation
005998,5,1,0,5,0,0,0,16.408,44.735,0.24,0.018947,0.067,0.0,0.883,0.83,0.141,0.511,2.09,0,validation
005999,7,6,0,7,3,3,0,9.054,24.315,1.71,0.087481,0.333,0.036,0.604,0.785,0.314,0.575,2.49,1,validation
006000,5,0,0,5,0,1,0,22.656,32.426,4.37,0.013578,0.2,0.0,0.767,0.713,0.257,0.429,2.03,0,train
006001,3,2,0,3,0,1,0,43.726,58.641,0.76,0.001303,0.222,0.0,0.767,0.602,0.308,0.459,1.57,0,train
006002,5,1,0,5,0,1,0,21.595,35.018,0.83,0.010705,0.2,0.0,0.767,0.719,0.255,0.503,1.8,0,train
006003,9,2,0,9,1,2,1,7.073,34.023,2.86,0.184252,0.296,0.061,0.539,0.796,0.345,0.572,2.97,1,train
006004,6,2,0,5,1,1,0,12.693,46.988,0.45,0.081088,0.222,0.0,0.767,0.766,0.234,0.565,2.08,0,validation
006005,9,3,0,9,2,4,1,4.851,22.094,2.59,0.12728,0.37,0.1,0.182,0.808,0.537,0.643,2.86,1,validation
006006,10,5,10,0,1,4,0,14.067,27.938,0.43,0.011633,0.533,0.0,0.65,0.676,0.339,0.847,3.08,1,train
006007,15,2,0,15,1,5,0,15.141,37.797,0.55,0.034177,0.333,0.0,0.767,0.753,0.239,0.588,2.44,0,train
006008,8,5,0,8,4,2,1,9.372,20.887,0.55,0.093645,0.333,0.06,0.455,0.784,0.397,0.581,1.57,1,train
006009,4,0,0,4,0,0,1,6.435,22.019,3.64,0.124018,0.167,0.203,0.357,0.883,0.407,0.602,2.16,0,train
006010,2,0,1,1,0,0,0,17.117,25.212,6.91,0.012528,0.0,0.0,1.0,0.909,0.041,0.606,2.09,0,test
006011,12,7,3,9,4,2,2,4.549,22.771,0.4,0.145934,0.25,0.146,0.182,0.809,0.536,0.65,2.32,1,train
006012,2,1,0,2,0,0,0,47.222,56.822,1.08,0.018022,0.0,0.0,1.0,0.75,0.113,0.391,1.81,0,train
006013,3,1,0,3,0,1,1,4.721,13.316,3.29,0.124175,0.333,0.33,0.007,0.725,0.67,0.708,2.38,0,train
006014,4,0,0,4,0,0,1,14.001,23.984,3.89,0.058959,0.25,0.128,0.552,0.843,0.317,0.554,2.65,0,train
006015,5,4,0,5,2,1,0,11.676,28.874,0.21,0.038947,0.2,0.0,0.767,0.772,0.231,0.537,1.78,1,validation
006016,9,5,1,8,3,2,2,4.63,22.069,0.87,0.089611,0.259,0.178,0.221,0.809,0.515,0.783,2.41,1,validation
006017,2,0,0,2,0,0,1,30.503,40.79,7.91,0.064311,0.0,0.18,0.766,0.839,0.201,0.405,1.66,0,test
006018,7,0,0,7,0,1,1,4.889,20.59,3.58,0.09664,0.238,0.149,0.136,0.807,0.562,0.625,3.09,0,train
006019,3,0,1,2,0,0,0,21.125,36.379,3.91,0.011412,0.0,0.0,1.0,0.888,0.05,0.439,1.88,0,train
006020,2,0,0,2,0,0,1,4.898,24.821,3.8,0.239802,0.167,0.5,0.233,0.891,0.471,0.627,3.0,0,test
006021,4,2,1,3,2,2,1,6.097,12.259,1.24,0.106709,0.5,0.19,0.156,0.718,0.591,0.757,1.77,1,validation
006022,3,1,0,3,1,0,0,13.34,36.301,0.07,0.049573,0.222,0.0,0.883,0.846,0.133,0.648,3.06,0,validation
006023,3,1,1,2,0,1,0,7.529,42.071,0.25,0.119217,0.333,0.06,0.533,0.71,0.387,0.764,2.19,0,train
006024,5,1,3,2,1,0,1,4.612,17.57,3.17,0.109938,0.133,0.192,0.259,0.892,0.456,0.661,1.6,1,train
006025,5,1,0,5,1,0,1,9.156,18.802,2.54,0.085956,0.067,0.126,0.474,0.868,0.349,0.569,2.22,1,train
006026,9,5,2,6,3,0,0,6.824,22.388,0.85,0.22581,0.111,0.036,0.675,0.881,0.232,0.616,1.98,1,train
006027,8,5,2,6,2,0,1,4.721,30.289,2.55,0.151947,0.042,0.105,0.337,0.892,0.413,0.656,2.13,1,train
006028,1,0,0,1,0,0,0,44.036,44.036,10.96,0.00456,0.333,0.0,0.883,0.684,0.207,0.313,0.16,0,train
006029,1,1,1,0,1,0,0,8.256,8.256,1.32,0.030129,0.0,0.0,1.0,0.956,0.02,0.765,2.89,1,train
006030,5,1,0,4,0,4,0,24.568,47.83,2.43,0.020228,0.8,0.0,0.65,0.62,0.364,0.47,3.14,0,train
006031,5,5,0,5,3,1,0,14.124,23.846,2.45,0.025599,0.267,0.0,0.767,0.759,0.237,0.534,1.7,1,test
006032,3,0,0,3,0,0,1,10.57,30.847,3.73,0.056011,0.0,0.15,0.708,0.944,0.186,0.534,2.24,0,train
006033,6,1,0,6,1,1,1,16.143,26.534,2.92,0.025665,0.333,0.1,0.377,0.748,0.456,0.508,1.95,0,train
006034,16,4,1,15,2,10,2,4.261,23.836,2.54,0.141156,0.458,0.131,0.039,0.727,0.651,0.659,3.0,1,train
006035,1,0,1,0,0,0,0,9.011,9.011,4.73,0.029702,0.0,0.0,1.0,0.952,0.021,0.66,0.49,0,validation
006036,5,1,0,5,1,0,0,8.662,34.333,0.18,0.064412,0.133,0.0,0.883,0.871,0.122,0.674,1.92,1,test
006037,5,5,0,5,1,3,0,19.203,29.171,2.34,0.010953,0.467,0.0,0.767,0.732,0.249,0.51,1.69,0,train
006038,2,1,0,2,0,0,0,33.676,54.905,0.74,0.00851,0.167,0.0,0.883,0.738,0.182,0.406,2.16,0,test
006039,8,7,1,7,5,2,1,4.72,22.668,0.91,0.162372,0.375,0.124,0.189,0.725,0.57,0.834,2.53,1,train
006040,5,0,0,5,0,0,1,10.125,21.566,3.83,0.112229,0.133,0.114,0.513,0.863,0.33,0.565,2.42,0,train
006041,7,1,0,6,1,2,1,4.492,24.538,0.43,0.201911,0.286,0.143,0.117,0.81,0.572,0.555,1.57,0,train
006042,4,1,0,4,0,1,0,21.523,51.449,0.58,0.017012,0.25,0.0,0.65,0.636,0.356,0.437,2.52,0,validation
006043,3,1,0,3,0,1,0,11.285,30.044,2.75,0.072155,0.333,0.0,0.65,0.69,0.332,0.505,2.03,0,train
006044,3,2,0,3,1,1,1,6.19,33.141,0.47,0.155914,0.333,0.267,0.13,0.717,0.606,0.603,2.19,0,test
006045,8,1,0,7,1,1,0,9.362,31.303,0.02,0.128976,0.25,0.01,0.715,0.784,0.254,0.587,1.57,0,test
006046,7,0,0,5,0,0,0,34.371,49.876,13.2,0.019762,0.095,0.0,0.883,0.735,0.184,0.351,2.22,0,train
006047,6,3,0,6,2,1,0,7.141,27.958,2.85,0.172551,0.278,0.022,0.682,0.796,0.267,0.566,1.99,1,test
006048,7,1,0,7,0,1,1,7.178,23.609,0.2,0.128486,0.238,0.116,0.24,0.795,0.51,0.597,1.57,0,train
006049,2,0,0,2,0,0,0,43.476,44.568,6.25,0.003705,0.0,0.0,1.0,0.77,0.104,0.29,2.43,0,train
006050,7,3,0,7,2,1,0,7.56,18.402,2.67,0.148331,0.286,0.053,0.552,0.793,0.339,0.556,2.1,1,validation
006051,6,2,2,4,2,2,0,16.926,29.33,2.59,0.026968,0.278,0.0,0.767,0.744,0.244,0.637,2.68,1,train
006052,9,2,1,6,1,6,2,8.359,19.984,3.0,0.082463,0.481,0.123,0.169,0.706,0.589,0.619,3.12,0,validation
006053,1,0,1,0,0,0,0,9.422,9.422,4.55,0.033949,0.0,0.0,1.0,0.95,0.022,0.657,0.41,0,test
006054,8,1,0,8,0,4,1,7.99,27.142,1.26,0.112294,0.375,0.075,0.377,0.791,0.437,0.601,2.17,0,test
006055,13,5,0,13,3,4,3,6.069,23.093,2.85,0.124008,0.359,0.176,0.013,0.718,0.67,0.631,2.33,1,validation
006056,3,2,0,3,1,0,0,14.352,36.975,3.06,0.046193,0.0,0.0,1.0,0.924,0.034,0.5,2.86,0,train
006057,2,1,0,2,1,0,0,8.536,34.076,2.95,0.181858,0.0,0.02,0.974,0.955,0.035,0.551,1.92,1,train
006058,3,1,0,3,0,0,0,22.16,30.654,3.04,0.018825,0.111,0.0,0.883,0.799,0.154,0.459,2.72,0,train
006059,6,1,0,6,0,0,0,33.214,52.502,0.28,0.004026,0.111,0.0,0.883,0.741,0.181,0.499,1.68,0,train
006060,10,2,0,10,1,7,1,9.29,25.728,2.82,0.09711,0.533,0.074,0.305,0.701,0.517,0.598,2.97,1,train
006061,2,1,0,2,0,0,0,57.691,58.372,0.25,0.001308,0.0,0.0,1.0,0.695,0.137,0.429,1.62,0,train
006062,3,2,1,2,2,0,0,11.121,13.198,0.08,0.283182,0.222,0.0,0.883,0.858,0.128,0.807,2.22,1,validation
006063,10,1,0,9,0,1,2,4.835,26.741,0.42,0.10154,0.267,0.185,0.0,0.724,0.674,0.628,1.57,0,train
006064,15,1,0,15,1,8,0,8.501,33.576,0.3,0.134776,0.422,0.006,0.708,0.788,0.256,0.603,2.56,0,test
006065,6,3,2,4,0,2,1,22.386,34.383,3.06,0.004157,0.222,0.16,0.143,0.715,0.6,0.62,2.7,0,train
006066,8,1,0,8,0,5,0,9.909,23.262,1.82,0.100052,0.5,0.037,0.455,0.698,0.436,0.618,2.96,0,train
006067,7,1,1,6,0,1,0,25.705,38.233,3.33,0.018884,0.333,0.0,0.65,0.614,0.366,0.552,3.0,1,train
006068,6,1,1,5,0,1,1,5.956,25.522,3.09,0.097279,0.167,0.15,0.182,0.802,0.539,0.659,2.61,0,train
006069,6,1,0,6,0,1,0,26.25,43.409,0.01,0.008614,0.278,0.0,0.767,0.694,0.266,0.565,1.93,0,train
006070,8,6,7,1,6,1,0,7.357,15.785,0.38,0.065231,0.167,0.001,0.76,0.794,0.224,0.803,1.92,1,test
006071,5,5,4,1,4,0,0,11.311,18.271,0.39,0.020548,0.133,0.0,0.883,0.857,0.129,0.672,1.87,1,train
006072,4,0,0,3,0,0,1,26.212,32.095,14.45,0.016708,0.167,0.125,0.558,0.778,0.343,0.445,2.27,0,test
006073,7,0,0,7,0,3,0,9.995,31.111,3.93,0.070955,0.333,0.0,0.767,0.78,0.227,0.513,2.0,0,train
006074,4,3,0,4,0,2,0,23.273,31.274,0.92,0.008913,0.333,0.0,0.767,0.71,0.259,0.498,1.79,0,train
006075,4,3,3,1,2,0,0,20.042,27.303,0.3,0.003361,0.083,0.0,0.883,0.811,0.149,0.639,2.09,1,train
006076,2,1,1,1,1,0,1,8.15,11.49,2.67,0.054898,0.0,0.345,0.552,0.957,0.266,0.704,2.78,1,train
006077,11,1,0,11,0,7,2,8.766,18.41,2.32,0.099516,0.485,0.111,0.098,0.704,0.63,0.622,2.87,0,train
006078,8,1,0,8,0,3,2,7.566,23.92,2.53,0.136173,0.458,0.169,0.111,0.71,0.62,0.662,2.83,0,test
006079,3,1,0,3,0,0,0,34.461,46.842,0.89,0.003746,0.0,0.0,1.0,0.818,0.082,0.47,1.57,0,train
006080,5,3,0,5,0,0,0,15.176,45.448,0.02,0.022301,0.0,0.0,1.0,0.92,0.036,0.536,1.88,0,train
006081,7,1,0,7,0,0,0,12.466,37.372,0.21,0.044874,0.048,0.043,0.688,0.851,0.239,0.505,1.99,0,train
006082,11,5,4,7,3,2,2,4.799,22.661,1.23,0.186018,0.273,0.152,0.201,0.808,0.526,0.652,2.24,1,test
006083,5,4,4,1,3,1,0,10.533,19.791,1.34,0.014957,0.2,0.0,0.767,0.778,0.228,0.729,1.9,1,validation
006084,14,1,0,14,1,5,1,10.115,34.132,0.33,0.07584,0.381,0.05,0.312,0.78,0.478,0.572,1.98,0,train
006085,2,2,0,2,2,0,1,5.878,9.088,0.82,0.18558,0.0,0.235,0.695,0.969,0.182,0.629,2.16,1,validation
006086,2,0,0,2,0,0,1,16.087,17.54,10.51,0.039493,0.0,0.405,0.473,0.915,0.328,0.538,0.75,0,train
006087,4,1,3,1,0,0,0,9.506,17.297,0.85,0.024341,0.083,0.0,0.883,0.866,0.124,0.681,2.09,0,validation
006088,8,5,7,1,4,1,1,3.91,14.592,1.03,0.122627,0.167,0.101,0.24,0.813,0.502,0.81,2.4,1,train
006089,1,1,1,0,1,0,0,9.131,9.131,3.04,0.024509,0.0,0.0,1.0,0.952,0.022,0.68,2.79,1,validation
006090,8,0,0,8,0,5,0,11.492,25.262,4.48,0.103402,0.542,0.016,0.682,0.772,0.277,0.54,2.87,0,train
006091,2,1,0,1,0,0,0,12.862,21.914,2.29,0.025083,0.0,0.0,1.0,0.932,0.031,0.429,1.92,0,train
006092,5,1,1,4,1,0,0,23.2,40.442,0.03,0.008746,0.133,0.0,0.883,0.794,0.157,0.584,2.21,0,test
006093,4,0,1,3,0,0,0,10.81,26.988,3.86,0.02106,0.083,0.0,0.883,0.859,0.127,0.648,2.03,0,test
006094,3,2,2,1,1,0,0,16.229,25.537,0.64,0.034972,0.0,0.0,1.0,0.914,0.039,0.697,2.75,1,train
006095,4,1,1,3,1,2,0,8.481,17.944,3.49,0.094758,0.333,0.0,0.767,0.788,0.224,0.717,2.45,1,train
006096,4,1,0,3,0,3,0,21.72,36.659,0.95,0.015706,0.833,0.0,0.65,0.635,0.357,0.596,1.65,0,train
006097,7,3,0,7,3,3,2,4.622,20.902,1.98,0.133488,0.429,0.281,0.052,0.726,0.645,0.661,2.95,1,train
006098,4,1,0,4,1,0,0,14.863,26.932,2.67,0.042445,0.0,0.0,1.0,0.921,0.035,0.486,1.8,0,train
006099,3,1,0,3,0,1,1,22.958,34.882,0.08,0.013035,0.333,0.227,0.208,0.628,0.603,0.561,2.27,0,validation
006100,3,0,1,2,0,1,1,18.008,25.059,6.91,0.015327,0.333,0.22,0.221,0.655,0.584,0.6,2.28,0,train
006101,1,1,0,1,0,0,0,57.553,57.553,0.58,0.000844,0.0,0.0,1.0,0.695,0.137,0.413,1.57,0,test
006102,6,1,1,5,0,1,0,8.211,26.606,3.14,0.129802,0.222,0.048,0.578,0.79,0.327,0.652,2.62,0,train
006103,5,5,0,5,3,1,0,15.373,29.072,2.43,0.017402,0.267,0.0,0.767,0.752,0.24,0.508,1.74,1,train
006104,1,0,0,1,0,0,0,43.152,43.152,3.62,0.002009,0.0,0.0,1.0,0.772,0.103,0.292,1.66,0,train
006105,2,0,0,2,0,0,0,35.098,42.32,3.91,0.0029,0.167,0.0,0.883,0.731,0.185,0.346,1.56,0,test
006106,9,1,0,9,0,4,1,7.023,24.341,2.83,0.127666,0.407,0.071,0.351,0.796,0.449,0.611,2.11,0,test
006107,2,1,0,2,0,0,0,19.792,30.214,1.14,0.025238,0.167,0.0,0.883,0.812,0.149,0.475,1.65,0,train
006108,6,2,0,6,0,0,0,16.34,45.303,2.19,0.051788,0.167,0.0,0.883,0.83,0.141,0.471,2.44,0,test
006109,6,1,1,5,0,0,0,24.666,54.917,2.88,0.014161,0.111,0.0,0.883,0.786,0.16,0.448,3.11,0,train
006110,9,5,0,9,4,1,2,4.017,18.535,0.91,0.14412,0.296,0.184,0.123,0.812,0.567,0.652,2.49,1,train
006111,6,1,0,4,1,0,0,22.111,36.514,0.25,0.009971,0.111,0.0,0.883,0.8,0.154,0.581,2.09,0,train
006112,2,1,0,2,0,0,0,64.135,67.28,2.19,0.00089,0.0,0.0,1.0,0.66,0.153,0.34,1.82,0,validation
006113,8,8,0,8,5,3,1,3.437,21.203,2.12,0.112266,0.375,0.131,0.123,0.815,0.565,0.684,2.33,1,train
006114,7,5,0,6,3,2,2,5.825,25.719,0.52,0.286882,0.238,0.256,0.175,0.802,0.543,0.599,2.29,1,train
006115,3,1,0,3,0,1,0,21.799,35.618,1.91,0.021622,0.333,0.0,0.65,0.635,0.357,0.435,3.11,0,validation
006116,7,1,0,5,0,2,1,20.853,46.737,0.25,0.020082,0.381,0.061,0.371,0.64,0.508,0.555,2.23,0,train
006117,7,3,0,7,3,1,1,5.746,16.354,3.03,0.123489,0.19,0.166,0.195,0.803,0.532,0.612,2.26,1,validation
006118,4,2,2,2,0,1,0,45.35,57.406,1.83,0.00433,0.25,0.0,0.767,0.593,0.311,0.55,3.11,0,train
006119,3,1,0,3,1,0,1,11.26,18.406,0.06,0.288449,0.0,0.257,0.499,0.94,0.302,0.589,1.53,0,test
006120,1,0,0,1,0,0,0,13.301,13.301,4.35,0.045479,0.0,0.0,1.0,0.93,0.032,0.491,1.87,0,train
006121,16,15,15,1,15,3,1,4.865,13.065,0.12,0.212051,0.25,0.069,0.02,0.724,0.663,0.809,1.52,1,train
006122,6,5,6,0,5,0,0,11.253,15.592,0.81,0.012899,0.056,0.0,0.883,0.857,0.128,0.755,1.81,1,validation
006123,7,1,1,6,0,1,1,20.261,34.419,3.25,0.011107,0.286,0.1,0.195,0.643,0.604,0.568,2.91,0,train
006124,2,0,0,2,0,0,1,26.602,47.226,10.12,0.05616,0.0,0.34,0.558,0.859,0.306,0.457,1.61,0,train
006125,4,0,0,4,0,0,0,18.666,29.322,4.3,0.045464,0.25,0.0,0.883,0.818,0.146,0.482,2.83,0,train
006126,5,3,0,5,2,1,1,5.573,29.124,2.29,0.171262,0.2,0.15,0.279,0.804,0.485,0.636,2.87,1,train
006127,13,4,0,13,1,3,1,4.099,32.731,0.47,0.041368,0.231,0.077,0.117,0.812,0.571,0.633,1.77,0,validation
006128,2,1,0,2,1,0,0,18.508,30.484,3.47,0.021239,0.167,0.0,0.883,0.819,0.146,0.458,1.75,0,test
006129,8,1,0,8,1,4,1,7.129,28.535,3.34,0.155584,0.333,0.075,0.409,0.796,0.417,0.576,2.26,0,validation
006130,9,7,9,0,6,2,0,8.888,14.55,0.17,0.02188,0.185,0.0,0.767,0.786,0.225,0.793,2.96,1,test
006131,1,0,0,1,0,0,0,35.006,35.006,8.33,0.006224,0.333,0.0,0.883,0.731,0.185,0.373,2.92,0,train
006132,2,0,0,2,0,0,0,21.648,43.981,6.85,0.022386,0.167,0.0,0.883,0.802,0.153,0.436,2.81,0,test
006133,3,2,0,3,0,1,0,42.565,57.142,0.54,0.001378,0.222,0.0,0.767,0.608,0.305,0.469,1.57,0,test
006134,4,1,0,4,0,0,0,28.768,51.228,0.67,0.006783,0.083,0.0,0.883,0.764,0.17,0.518,2.18,0,train
006135,6,1,0,6,1,0,0,15.638,32.301,1.35,0.02305,0.167,0.0,0.883,0.834,0.139,0.574,1.89,0,test
006136,6,2,0,6,1,1,1,19.286,41.112,0.55,0.019027,0.167,0.077,0.468,0.731,0.414,0.557,2.16,0,train
006137,7,6,0,7,3,2,1,4.841,27.201,0.07,0.128374,0.286,0.127,0.188,0.808,0.533,0.639,2.23,1,validation
006138,6,6,0,6,2,2,1,5.918,24.235,0.22,0.211474,0.278,0.105,0.357,0.802,0.443,0.619,2.03,1,train
006139,19,16,18,1,16,4,1,4.674,11.127,0.01,0.211853,0.298,0.084,0.02,0.725,0.663,0.811,2.95,1,train
006140,2,0,0,2,0,0,0,29.809,41.838,3.52,0.006413,0.167,0.0,0.883,0.759,0.173,0.381,1.66,0,validation
006141,8,5,0,8,2,2,0,10.368,31.099,0.43,0.0616,0.375,0.01,0.598,0.695,0.358,0.557,1.87,1,train
006142,1,1,0,1,0,0,0,26.049,26.049,2.15,0.004572,0.0,0.0,1.0,0.862,0.062,0.468,1.59,0,train
006143,14,3,0,14,1,6,1,8.725,24.581,1.98,0.128652,0.429,0.065,0.078,0.704,0.64,0.604,2.97,0,test
006144,5,1,0,3,0,1,1,8.924,26.489,0.41,0.321055,0.267,0.096,0.39,0.703,0.469,0.57,1.58,0,train
006145,12,1,0,12,0,4,0,11.579,35.651,0.21,0.056407,0.306,0.015,0.65,0.772,0.295,0.531,2.19,0,train
006146,5,3,0,5,2,0,1,4.017,27.323,2.08,0.134163,0.133,0.198,0.24,0.895,0.465,0.665,2.85,1,train
006147,5,1,0,5,1,0,1,7.94,17.292,2.62,0.06741,0.067,0.176,0.311,0.875,0.435,0.597,2.33,1,train
006148,5,2,3,2,0,1,0,36.642,49.218,0.0,0.007205,0.2,0.0,0.767,0.639,0.291,0.58,3.14,0,test
006149,7,1,0,7,0,1,1,4.846,24.302,1.26,0.03886,0.286,0.141,0.123,0.808,0.569,0.627,2.42,0,train
006150,9,2,0,9,2,4,3,3.218,18.042,2.97,0.097985,0.407,0.291,0.0,0.733,0.67,0.743,3.12,1,test
006151,1,1,1,0,1,0,0,7.791,7.791,2.0,0.028921,0.0,0.0,1.0,0.959,0.019,0.737,2.9,1,test
006152,1,0,1,0,0,0,0,9.32,9.32,5.64,0.040618,0.0,0.01,0.994,0.951,0.026,0.659,1.13,0,train
006153,7,1,0,7,0,1,0,25.232,51.728,0.32,0.009905,0.286,0.047,0.552,0.7,0.381,0.557,2.1,0,test
006154,6,2,0,6,1,2,2,4.276,20.419,0.39,0.144153,0.333,0.308,0.117,0.811,0.571,0.658,1.57,0,train
006155,5,1,0,5,1,1,0,11.828,21.892,2.38,0.07779,0.133,0.0,0.767,0.771,0.232,0.535,2.07,0,train
006156,12,2,0,12,1,10,1,9.744,24.992,2.62,0.135217,0.583,0.04,0.338,0.698,0.5,0.627,2.88,1,test
006157,16,5,0,16,3,6,4,3.194,23.711,2.21,0.126938,0.458,0.203,0.0,0.733,0.67,0.751,2.99,1,validation
006158,1,1,1,0,1,0,0,7.857,7.857,1.75,0.024764,0.0,0.0,1.0,0.958,0.019,0.748,1.58,1,train
006159,6,0,1,5,0,1,2,8.533,15.607,6.49,0.076026,0.389,0.308,0.188,0.788,0.542,0.621,2.76,0,test
006160,6,1,1,5,0,0,0,11.191,33.892,0.02,0.068255,0.056,0.0,0.883,0.857,0.128,0.597,2.28,0,test
006161,8,8,0,7,6,2,2,5.304,19.24,2.04,0.22722,0.208,0.177,0.26,0.805,0.495,0.646,2.02,1,train
006162,5,1,0,5,0,1,0,25.372,42.657,0.78,0.02434,0.267,0.0,0.767,0.699,0.264,0.535,2.16,0,test
006163,17,3,1,16,1,12,1,9.239,24.192,2.51,0.101125,0.549,0.026,0.364,0.701,0.484,0.634,2.98,1,validation
006164,1,1,1,0,1,0,0,8.363,8.363,0.22,0.021364,0.0,0.0,1.0,0.956,0.02,0.814,0.02,1,train
006165,4,0,0,3,0,0,0,59.528,64.152,5.81,0.002673,0.167,0.0,0.883,0.602,0.243,0.307,3.02,0,validation
006166,7,0,1,6,0,2,3,5.215,13.574,4.47,0.121574,0.333,0.346,0.123,0.806,0.57,0.644,2.99,0,validation
006167,4,0,0,4,0,0,0,15.275,27.379,3.57,0.041984,0.0,0.0,1.0,0.919,0.036,0.478,1.79,0,validation
006168,4,1,0,4,0,1,0,27.684,55.28,0.56,0.082555,0.25,0.0,0.767,0.687,0.269,0.422,1.58,0,test
006169,8,3,1,7,1,1,1,15.08,33.966,1.05,0.042414,0.167,0.068,0.416,0.754,0.432,0.524,2.9,0,train
006170,2,1,0,2,0,0,0,47.483,57.569,1.13,0.007044,0.167,0.0,0.883,0.665,0.215,0.388,1.89,0,train
006171,1,1,0,1,0,0,0,36.002,36.002,0.42,0.00225,0.0,0.0,1.0,0.809,0.086,0.481,1.58,0,train
006172,11,6,0,9,3,3,1,4.631,21.981,1.7,0.218222,0.394,0.087,0.143,0.809,0.558,0.648,2.23,1,train
006173,5,2,0,5,1,1,0,23.528,41.872,0.6,0.004857,0.2,0.0,0.767,0.709,0.259,0.556,1.79,0,test
006174,3,1,2,1,1,0,1,3.749,19.4,3.22,0.048919,0.0,0.333,0.35,0.98,0.366,0.648,2.53,1,train
006175,6,1,0,5,0,0,0,15.676,42.036,2.22,0.034429,0.056,0.0,0.883,0.834,0.139,0.475,2.03,0,train
006176,8,6,7,1,6,1,0,5.607,14.723,0.36,0.11156,0.167,0.039,0.565,0.804,0.328,0.807,2.04,1,train
006177,4,1,1,3,0,2,1,19.958,41.639,0.57,0.010489,0.5,0.205,0.117,0.644,0.646,0.667,2.31,0,validation
006178,2,1,0,2,0,0,0,40.09,55.827,0.88,0.009661,0.0,0.0,1.0,0.788,0.096,0.433,1.79,0,test
006179,12,8,2,10,4,4,2,4.528,30.591,1.8,0.167059,0.389,0.143,0.045,0.726,0.648,0.656,2.2,1,train
006180,15,3,0,15,2,7,2,7.327,23.553,2.09,0.127379,0.422,0.101,0.007,0.711,0.676,0.62,2.96,0,test
006181,3,1,0,3,1,1,1,4.941,42.569,3.06,0.115718,0.222,0.31,0.162,0.807,0.548,0.642,2.18,1,test
006182,3,1,0,3,0,0,0,26.799,37.057,2.65,0.012816,0.111,0.0,0.883,0.775,0.166,0.401,2.05,0,train
006183,2,1,0,2,1,0,1,6.596,9.394,2.78,0.127784,0.0,0.33,0.571,0.965,0.252,0.589,2.14,0,test
006184,3,1,2,1,1,0,0,11.325,21.587,1.66,0.070361,0.0,0.11,0.785,0.94,0.145,0.661,2.56,1,train
006185,3,2,1,2,1,0,0,17.327,28.412,0.47,0.014737,0.0,0.0,1.0,0.908,0.041,0.522,1.75,0,train
006186,7,2,0,7,1,5,1,12.342,20.873,1.26,0.052405,0.619,0.101,0.312,0.685,0.52,0.619,2.97,0,train
006187,10,2,0,10,1,7,1,9.165,25.221,2.71,0.094086,0.533,0.101,0.143,0.701,0.606,0.607,2.98,0,validation
006188,1,0,0,1,0,0,0,31.119,31.119,8.27,0.009212,0.333,0.0,0.883,0.752,0.176,0.399,2.92,0,test
006189,15,2,3,12,1,11,1,12.754,29.916,0.04,0.051397,0.667,0.028,0.377,0.682,0.486,0.627,2.45,0,train
006190,5,0,4,0,0,3,0,15.099,20.623,5.85,0.012811,0.667,0.0,0.65,0.67,0.341,0.699,2.04,0,train
006191,10,1,0,10,0,1,1,21.959,41.444,2.22,0.024341,0.233,0.078,0.26,0.717,0.534,0.441,2.82,0,train
006192,11,11,0,11,6,4,1,2.67,24.687,1.79,0.098465,0.364,0.117,0.117,0.819,0.567,0.687,2.73,1,test
006193,1,1,0,1,0,0,0,50.594,50.594,2.55,0.0011,0.0,0.0,1.0,0.732,0.121,0.323,1.57,0,train
006194,1,1,1,0,1,0,0,8.058,8.058,3.28,0.024222,0.0,0.0,1.0,0.957,0.019,0.676,2.71,1,validation
006195,4,3,0,4,2,0,1,6.704,18.32,1.37,0.204482,0.0,0.128,0.668,0.965,0.198,0.6,2.1,1,validation
006196,4,1,1,3,1,0,1,4.605,32.278,3.16,0.109492,0.083,0.24,0.259,0.892,0.456,0.642,1.81,1,train
006197,2,0,0,2,0,0,0,15.237,31.843,7.84,0.064687,0.167,0.02,0.857,0.836,0.152,0.482,2.99,0,train
006198,10,5,3,7,4,5,0,8.932,23.021,0.98,0.094784,0.4,0.0,0.767,0.786,0.225,0.648,1.81,1,train
006199,7,0,0,7,0,4,2,11.744,22.736,7.18,0.055322,0.476,0.194,0.085,0.688,0.644,0.609,3.06,0,test
006200,2,0,0,2,0,1,0,14.934,23.585,3.77,0.027111,0.333,0.0,0.767,0.754,0.239,0.48,1.84,0,train
006201,1,1,1,0,1,0,0,8.611,8.611,0.6,0.023723,0.0,0.0,1.0,0.954,0.021,0.795,0.1,1,test
006202,13,2,0,11,1,5,2,5.141,29.028,1.29,0.128187,0.436,0.104,0.058,0.723,0.643,0.631,1.58,1,validation
006203,3,1,0,3,1,0,0,20.6,33.018,0.63,0.010669,0.0,0.0,1.0,0.891,0.049,0.574,1.92,0,train
006204,2,1,0,2,1,0,0,14.631,18.463,2.87,0.049086,0.167,0.0,0.883,0.839,0.137,0.487,2.41,0,train
006205,5,1,0,5,0,0,2,4.671,31.955,0.03,0.078734,0.067,0.32,0.233,0.892,0.47,0.629,2.44,0,train
006206,1,0,0,1,0,0,0,46.187,46.187,4.26,0.001856,0.0,0.0,1.0,0.755,0.11,0.28,1.62,0,validation
006207,1,0,0,1,0,0,0,23.392,23.392,3.62,0.008061,0.0,0.0,1.0,0.876,0.056,0.424,1.72,0,train
006208,8,0,0,8,0,5,1,11.609,25.725,3.64,0.05047,0.5,0.119,0.123,0.689,0.622,0.609,3.09,0,train
006209,1,0,0,1,0,0,0,43.676,43.676,3.69,0.002009,0.0,0.0,1.0,0.769,0.104,0.289,1.65,0,train
006210,5,3,3,2,3,1,0,6.166,11.63,0.36,0.117105,0.267,0.014,0.721,0.801,0.243,0.816,2.82,1,train
006211,15,8,1,14,4,11,0,6.59,25.614,0.52,0.153552,0.533,0.025,0.429,0.715,0.442,0.681,2.69,1,test
006212,1,1,0,1,0,0,0,64.143,64.143,1.7,0.000817,0.0,0.0,1.0,0.66,0.153,0.362,1.62,0,train
006213,15,1,2,13,0,3,0,30.067,51.997,3.27,0.004961,0.4,0.0,0.65,0.591,0.377,0.52,2.99,0,train
006214,3,0,1,2,0,0,0,27.668,36.292,3.63,0.013935,0.111,0.0,0.883,0.77,0.168,0.42,3.05,0,train
006215,1,0,1,0,0,0,0,9.967,9.967,4.81,0.018248,0.333,0.0,0.883,0.864,0.125,0.68,2.61,0,train
006216,2,0,0,2,0,1,0,33.251,45.28,3.56,0.004917,0.333,0.0,0.767,0.657,0.283,0.358,1.66,0,train
006217,1,0,0,1,0,0,0,63.221,63.221,3.57,0.000908,0.0,0.0,1.0,0.665,0.151,0.28,1.66,0,train
006218,2,2,0,2,0,0,0,51.637,55.297,1.31,0.001219,0.0,0.0,1.0,0.727,0.123,0.38,1.54,0,validation
006219,3,1,0,3,0,1,0,35.252,56.473,0.92,0.00625,0.222,0.0,0.767,0.647,0.287,0.463,2.08,0,validation
006220,3,1,0,3,1,1,1,19.611,25.826,0.23,0.015417,0.333,0.203,0.254,0.646,0.57,0.599,2.26,0,train
006221,7,3,4,3,3,1,1,8.296,20.436,1.98,0.257984,0.286,0.126,0.162,0.706,0.593,0.682,3.0,1,train
006222,1,1,1,0,1,0,0,8.367,8.367,0.53,0.023743,0.0,0.0,1.0,0.956,0.02,0.8,0.06,1,validation
006223,1,1,0,1,1,0,0,12.679,12.679,3.27,0.036977,0.0,0.0,1.0,0.933,0.03,0.506,1.84,0,validation
006224,14,7,1,13,3,8,0,12.975,26.803,0.01,0.042692,0.476,0.0,0.65,0.681,0.336,0.652,3.08,0,train
006225,6,1,0,6,0,1,0,22.772,39.206,0.04,0.016942,0.167,0.0,0.767,0.713,0.258,0.554,2.03,0,validation
006226,3,0,1,2,0,0,0,38.635,51.913,4.19,0.001925,0.0,0.0,1.0,0.795,0.092,0.462,2.92,0,validation
006227,2,1,0,2,1,1,1,13.536,17.675,2.67,0.052973,0.5,0.315,0.24,0.678,0.562,0.565,0.9,0,test
006228,1,1,1,0,1,0,0,8.281,8.281,0.13,0.015719,0.0,0.0,1.0,0.956,0.02,0.819,1.52,1,test
006229,5,0,4,0,0,3,0,17.741,23.518,5.73,0.007761,0.6,0.0,0.65,0.656,0.347,0.682,1.96,0,train
006230,2,2,0,1,2,0,1,5.161,13.756,2.6,0.07083,0.0,0.44,0.428,0.973,0.327,0.537,2.34,1,test
006231,6,1,1,5,0,0,1,8.022,19.45,1.69,0.129296,0.167,0.093,0.519,0.874,0.321,0.61,2.97,1,validation
006232,7,1,1,6,0,2,0,11.338,31.228,2.88,0.049094,0.286,0.0,0.767,0.773,0.23,0.601,2.77,0,test
006233,5,1,0,5,0,0,0,14.441,29.068,0.61,0.031554,0.2,0.0,0.883,0.84,0.136,0.519,1.89,0,train
006234,2,1,1,1,1,0,0,15.568,19.334,3.32,0.021385,0.0,0.0,1.0,0.918,0.037,0.566,2.06,0,train
006235,3,0,0,3,0,0,1,7.605,27.326,3.83,0.138895,0.0,0.41,0.363,0.96,0.368,0.591,2.43,0,train
006236,14,4,1,13,3,10,2,6.196,22.676,0.35,0.233525,0.571,0.103,0.162,0.717,0.588,0.679,2.34,1,train
006237,5,0,0,5,0,0,0,20.112,42.83,7.06,0.033791,0.067,0.0,0.883,0.81,0.15,0.446,2.06,0,train
006238,10,1,0,9,1,2,1,9.464,30.827,0.04,0.27403,0.333,0.088,0.254,0.7,0.546,0.622,1.57,0,validation
006239,1,1,0,1,1,0,0,13.825,13.825,3.28,0.034749,0.0,0.0,1.0,0.927,0.033,0.498,1.81,0,train
006240,1,1,1,0,1,0,0,7.326,7.326,0.3,0.021767,0.0,0.0,1.0,0.961,0.017,0.817,0.14,1,test
006241,4,1,0,4,0,0,0,26.74,43.72,0.01,0.006261,0.083,0.0,0.883,0.775,0.165,0.545,1.73,0,train
006242,6,1,1,5,1,3,1,6.926,22.038,1.67,0.114607,0.389,0.128,0.149,0.713,0.597,0.675,2.14,0,validation
006243,3,1,0,3,0,0,0,41.352,54.918,0.39,0.008991,0.0,0.0,1.0,0.781,0.099,0.446,1.87,0,train
006244,1,0,0,1,0,0,0,48.644,48.644,29.18,0.002472,0.0,0.0,1.0,0.742,0.116,0.28,1.59,0,validation
006245,7,4,0,6,4,2,1,4.744,21.53,2.39,0.143006,0.286,0.133,0.162,0.808,0.547,0.644,2.25,1,test
006246,5,2,0,5,2,0,0,7.519,15.422,1.44,0.157939,0.133,0.054,0.708,0.877,0.216,0.557,2.06,1,test
006247,3,1,1,2,0,1,0,14.952,41.211,0.6,0.013989,0.333,0.0,0.65,0.671,0.341,0.7,1.94,0,validation
006248,4,1,0,4,0,0,0,26.694,46.205,0.49,0.006592,0.167,0.0,0.883,0.775,0.165,0.54,2.01,0,validation
006249,6,0,0,4,0,1,0,38.713,53.906,12.94,0.012354,0.222,0.0,0.767,0.628,0.296,0.322,2.14,0,test
006250,4,0,0,4,0,2,0,18.902,49.79,4.43,0.02667,0.5,0.0,0.65,0.65,0.35,0.507,2.07,0,train
006251,14,7,0,14,4,7,2,6.351,23.743,0.99,0.125812,0.429,0.094,0.13,0.716,0.606,0.602,2.92,1,test
006252,1,0,0,1,0,0,0,55.945,55.945,3.59,0.001185,0.0,0.0,1.0,0.704,0.133,0.28,1.66,0,train
006253,6,6,0,6,2,2,0,11.104,28.582,0.08,0.059245,0.278,0.0,0.767,0.775,0.23,0.546,1.81,1,test
006254,6,1,0,6,1,0,1,24.557,42.894,0.59,0.013421,0.167,0.112,0.448,0.787,0.4,0.549,2.28,0,train
006255,3,2,0,3,0,1,0,38.395,51.63,0.05,0.006176,0.222,0.0,0.767,0.63,0.295,0.464,1.55,0,train
006256,12,7,4,8,3,3,3,4.85,28.704,0.59,0.355272,0.306,0.176,0.007,0.724,0.67,0.649,2.21,1,validation
006257,5,0,1,4,0,0,0,19.727,39.578,7.78,0.024576,0.067,0.0,0.883,0.812,0.149,0.489,2.04,0,test
006258,1,1,1,0,1,0,0,9.359,9.359,3.45,0.024247,0.0,0.0,1.0,0.95,0.022,0.66,0.56,1,test
006259,2,0,0,2,0,0,0,37.688,39.603,3.66,0.005473,0.0,0.0,1.0,0.8,0.09,0.329,1.71,0,train
006260,14,2,0,14,1,4,0,12.213,37.047,0.57,0.034687,0.333,0.0,0.767,0.769,0.232,0.633,2.35,0,test
006261,7,1,1,6,1,0,1,9.74,19.659,3.27,0.12251,0.19,0.126,0.311,0.865,0.439,0.585,2.98,0,train
006262,9,4,2,7,2,6,0,17.028,31.032,0.14,0.011505,0.593,0.0,0.65,0.66,0.346,0.645,2.92,1,train
006263,6,2,0,6,1,1,0,13.217,28.495,2.97,0.049696,0.333,0.0,0.767,0.763,0.235,0.527,2.03,0,train
006264,4,1,0,4,0,0,0,25.797,49.441,0.58,0.007434,0.167,0.0,0.883,0.78,0.163,0.542,1.98,0,train
006265,3,0,1,2,0,0,0,18.917,27.454,6.91,0.024321,0.0,0.0,1.0,0.9,0.045,0.594,2.19,0,validation
006266,6,6,0,6,4,2,0,9.078,18.757,2.48,0.101484,0.278,0.0,0.767,0.785,0.225,0.558,1.94,1,train
006267,3,1,0,3,0,0,0,46.696,58.164,0.75,0.004318,0.222,0.0,0.883,0.669,0.213,0.406,2.8,0,train
006268,7,5,7,0,5,0,1,5.496,10.763,2.95,0.076061,0.0,0.059,0.734,0.971,0.16,0.724,2.06,1,train
006269,4,3,0,4,2,0,1,5.88,17.446,3.0,0.139326,0.167,0.198,0.37,0.886,0.398,0.622,2.0,1,train
006270,2,2,0,2,0,0,0,33.801,47.641,0.34,0.003431,0.0,0.0,1.0,0.821,0.081,0.424,1.67,0,test
006271,6,0,0,6,0,1,0,16.156,35.507,7.94,0.0551,0.222,0.0,0.767,0.748,0.242,0.472,2.14,0,train
006272,10,3,0,10,2,5,1,3.138,32.569,2.88,0.119788,0.4,0.1,0.117,0.817,0.568,0.662,2.75,1,train
006273,7,3,1,6,1,1,0,11.465,31.823,0.62,0.091499,0.19,0.001,0.76,0.773,0.234,0.578,2.8,0,test
006274,3,2,1,2,0,0,0,31.095,39.539,1.93,0.003831,0.111,0.0,0.883,0.752,0.176,0.448,1.7,0,validation
006275,4,2,0,4,1,1,0,13.85,25.001,1.55,0.029885,0.167,0.0,0.767,0.76,0.236,0.515,1.79,0,train
006276,9,3,7,2,1,0,0,23.73,31.893,1.69,0.007504,0.185,0.0,0.883,0.791,0.158,0.567,3.01,1,train
006277,1,0,1,0,0,0,0,18.958,18.958,5.98,0.004118,0.0,0.0,1.0,0.9,0.045,0.594,1.89,0,train
006278,6,6,0,6,5,2,2,3.9,16.762,2.55,0.192809,0.333,0.32,0.02,0.729,0.661,0.729,2.3,1,test
006279,2,0,0,2,0,0,1,4.452,30.677,3.92,0.002528,0.0,0.5,0.35,0.976,0.368,0.63,2.61,0,test
006280,3,1,1,2,0,1,0,17.036,44.281,0.65,0.009631,0.333,0.0,0.65,0.66,0.346,0.686,1.89,0,test
006281,15,3,0,15,1,11,1,12.016,27.785,0.01,0.057391,0.622,0.039,0.266,0.686,0.545,0.618,2.35,0,validation
006282,3,0,0,3,0,1,0,67.368,72.001,14.17,0.007083,0.444,0.0,0.65,0.393,0.465,0.36,1.88,0,train
006283,2,0,0,2,0,0,0,32.436,38.763,17.28,0.008272,0.333,0.0,0.883,0.745,0.179,0.39,2.09,0,test
006284,8,6,8,0,6,2,0,5.497,17.974,0.06,0.03422,0.25,0.006,0.734,0.804,0.234,0.835,2.21,1,train
006285,10,4,0,7,4,2,1,10.398,21.051,0.0,0.102317,0.3,0.038,0.52,0.778,0.364,0.611,2.51,1,train
006286,4,2,0,4,0,0,0,17.531,38.775,0.57,0.038665,0.167,0.0,0.883,0.824,0.143,0.49,2.08,0,train
006287,2,0,0,2,0,0,0,15.647,22.209,3.59,0.151926,0.0,0.0,1.0,0.917,0.037,0.476,2.16,0,train
006288,2,1,0,2,0,0,0,43.14,76.314,0.95,0.003087,0.167,0.0,0.883,0.688,0.204,0.409,1.69,0,validation
006289,1,1,0,1,0,0,0,52.459,52.459,2.48,0.001275,0.0,0.0,1.0,0.722,0.125,0.327,1.64,0,test
006290,6,1,0,4,1,0,0,22.42,43.149,0.03,0.007048,0.222,0.0,0.883,0.798,0.155,0.589,1.99,0,train
006291,16,7,0,14,4,12,1,3.622,23.758,1.55,0.129909,0.646,0.078,0.013,0.731,0.664,0.765,2.28,1,train
006292,1,0,1,0,0,0,0,9.488,9.488,5.33,0.027383,0.0,0.0,1.0,0.95,0.023,0.657,2.52,0,test
006293,6,0,2,4,0,0,0,24.491,46.608,3.94,0.006596,0.167,0.0,0.883,0.787,0.16,0.515,3.05,0,train
006294,1,0,1,0,0,0,0,10.176,10.176,5.11,0.025286,0.333,0.0,0.883,0.863,0.126,0.679,0.68,0,test
006295,13,1,0,13,0,5,1,6.847,34.268,0.13,0.114087,0.359,0.045,0.383,0.797,0.431,0.582,1.86,0,train
006296,6,1,0,5,0,0,1,11.546,37.517,1.11,0.068633,0.056,0.07,0.61,0.856,0.279,0.537,2.21,0,train
006297,4,1,0,4,0,2,0,36.675,50.963,0.03,0.022971,0.417,0.0,0.65,0.556,0.392,0.47,1.91,0,train
006298,7,6,1,6,2,3,1,4.773,30.846,0.51,0.19634,0.333,0.129,0.182,0.808,0.536,0.641,2.25,1,test
006299,1,1,1,0,1,0,0,9.192,9.192,2.59,0.02656,0.0,0.0,1.0,0.951,0.022,0.7,2.88,1,test
006300,12,1,0,11,1,5,2,5.618,24.178,2.79,0.0758,0.389,0.16,0.045,0.72,0.651,0.617,2.81,0,test
006301,9,3,1,7,2,3,1,5.766,22.169,1.45,0.153205,0.37,0.092,0.227,0.803,0.514,0.669,2.79,1,train
006302,3,3,0,3,2,0,0,12.679,27.368,2.43,0.038175,0.0,0.0,1.0,0.933,0.03,0.542,1.91,0,train
006303,8,0,2,6,0,2,1,12.987,23.47,6.83,0.054307,0.333,0.122,0.202,0.681,0.583,0.592,3.13,0,train
006304,2,0,0,2,0,0,0,54.612,62.132,5.32,0.003074,0.167,0.0,0.883,0.628,0.232,0.307,1.67,0,test
006305,4,3,0,4,2,1,1,4.897,26.262,2.48,0.304155,0.25,0.242,0.02,0.724,0.663,0.721,2.23,1,validation
006306,11,5,0,11,4,3,2,5.555,25.986,2.6,0.152236,0.303,0.143,0.208,0.804,0.524,0.628,2.23,1,train
006307,8,3,0,8,2,2,1,18.606,43.297,1.02,0.186248,0.25,0.07,0.403,0.735,0.448,0.559,2.33,0,validation
006308,1,0,1,0,0,0,0,8.596,8.596,3.88,0.034669,0.333,0.0,0.883,0.871,0.122,0.689,2.61,0,validation
006309,1,1,0,1,1,0,0,19.584,19.584,2.75,0.012612,0.0,0.0,1.0,0.896,0.047,0.484,1.77,0,train
006310,7,2,0,7,0,1,0,17.566,32.203,0.46,0.042551,0.238,0.0,0.767,0.74,0.245,0.519,2.11,0,test
006311,1,0,0,1,0,0,0,32.477,32.477,4.8,0.00453,0.0,0.0,1.0,0.828,0.077,0.363,1.7,0,train
006312,9,2,0,9,1,3,1,12.203,26.702,0.29,0.064667,0.333,0.096,0.162,0.685,0.602,0.6,1.57,0,train
006313,6,1,1,5,1,0,0,18.481,31.375,0.24,0.246313,0.0,0.002,0.994,0.902,0.048,0.594,2.18,0,train
006314,10,2,0,10,2,4,1,8.26,17.853,3.13,0.069113,0.433,0.114,0.169,0.79,0.552,0.625,2.75,0,train
006315,3,2,0,3,1,1,0,18.406,37.786,0.28,0.015766,0.222,0.0,0.767,0.736,0.247,0.515,2.99,0,train
006316,1,1,0,1,0,0,0,42.44,42.44,0.13,0.001905,0.0,0.0,1.0,0.775,0.101,0.451,1.57,0,test
006317,3,1,0,3,0,0,0,23.729,32.299,2.64,0.015575,0.111,0.0,0.883,0.791,0.158,0.448,2.75,0,train
006318,2,2,0,1,0,0,0,29.726,38.308,0.98,0.005378,0.0,0.0,1.0,0.843,0.071,0.394,1.87,0,train
006319,4,0,0,4,0,0,2,5.984,13.493,4.59,0.074741,0.25,0.463,0.246,0.885,0.466,0.645,2.37,0,train
006320,8,1,0,8,1,3,0,7.021,35.49,0.09,0.100028,0.375,0.0,0.767,0.796,0.22,0.689,2.7,1,train
006321,1,0,0,1,0,0,0,46.636,46.636,23.81,0.005889,0.333,0.0,0.883,0.67,0.213,0.307,0.18,0,train
006322,8,0,0,8,0,4,0,15.186,29.749,3.56,0.039195,0.417,0.0,0.767,0.753,0.24,0.532,2.93,0,test
006323,2,0,0,2,0,0,0,52.771,53.215,5.72,0.001738,0.0,0.0,1.0,0.721,0.126,0.28,1.87,0,train
006324,5,5,0,5,3,1,0,8.942,18.625,2.45,0.093438,0.133,0.0,0.767,0.786,0.225,0.568,1.75,1,validation
006325,2,0,0,2,0,1,0,17.737,25.578,3.73,0.01694,0.333,0.0,0.767,0.739,0.246,0.462,1.8,0,train
006326,5,2,0,5,1,0,2,10.446,34.348,0.46,0.08662,0.067,0.258,0.318,0.861,0.438,0.56,2.32,0,train
006327,1,1,0,1,1,0,0,12.433,12.433,3.1,0.042285,0.0,0.0,1.0,0.934,0.03,0.515,1.85,0,train
006328,8,6,1,7,2,2,0,11.295,37.012,0.18,0.040218,0.292,0.0,0.767,0.774,0.23,0.557,1.8,1,validation
006329,5,1,0,5,0,1,1,6.322,14.194,1.04,0.102887,0.333,0.222,0.149,0.8,0.558,0.614,2.59,0,train
006330,7,1,0,7,1,2,0,7.021,41.316,0.09,0.099869,0.286,0.023,0.663,0.796,0.277,0.689,2.72,1,validation
006331,2,1,0,2,0,0,0,62.289,67.9,0.39,0.00189,0.0,0.0,1.0,0.67,0.148,0.422,1.85,0,train
006332,4,1,0,3,0,3,0,40.106,55.108,2.11,0.004755,0.833,0.0,0.65,0.538,0.401,0.424,1.66,0,validation
006333,5,3,2,3,2,0,1,4.074,21.153,2.72,0.063359,0.067,0.186,0.279,0.895,0.444,0.798,2.25,1,train
006334,8,3,2,6,3,3,1,5.864,18.189,2.98,0.165241,0.375,0.08,0.351,0.802,0.446,0.638,2.75,1,test
006335,6,1,0,4,1,0,0,22.012,34.367,0.32,0.013078,0.111,0.0,0.883,0.8,0.154,0.579,2.13,0,train
006336,7,0,0,7,0,6,0,19.959,35.931,8.17,0.022459,0.619,0.0,0.767,0.728,0.251,0.474,3.02,0,train
006337,1,0,1,0,0,0,0,9.499,9.499,4.28,0.020409,0.0,0.0,1.0,0.95,0.023,0.657,0.55,0,train
006338,8,2,0,8,0,5,0,12.297,23.124,1.11,0.067132,0.458,0.02,0.663,0.768,0.29,0.541,2.9,0,train
006339,2,1,1,1,1,0,0,9.252,23.612,0.2,0.054905,0.0,0.0,1.0,0.951,0.022,0.669,1.59,1,train
006340,2,0,0,2,0,0,0,32.462,38.393,15.85,0.009326,0.0,0.0,1.0,0.828,0.077,0.364,2.08,0,validation
006341,5,4,5,0,4,0,0,8.605,14.694,0.4,0.019457,0.067,0.0,0.883,0.871,0.122,0.777,2.62,1,validation
006342,11,4,0,11,2,8,1,8.427,20.756,2.56,0.089016,0.576,0.116,0.072,0.705,0.643,0.619,2.92,1,train
006343,2,1,0,2,0,0,0,47.289,60.244,0.07,0.00282,0.0,0.0,1.0,0.75,0.113,0.437,1.89,0,train
006344,11,1,0,10,0,2,3,6.053,28.471,0.75,0.061079,0.303,0.202,0.02,0.718,0.666,0.618,1.57,0,validation
006345,13,3,0,13,1,5,2,7.39,32.928,0.38,0.145789,0.359,0.078,0.292,0.711,0.519,0.619,1.71,0,train
006346,3,0,0,3,0,0,0,22.956,38.107,8.02,0.017266,0.333,0.0,0.883,0.795,0.156,0.454,2.9,0,train
006347,1,1,0,1,1,0,0,8.581,8.581,3.13,0.105931,0.0,0.0,1.0,0.955,0.02,0.54,1.43,1,train
006348,2,1,0,1,0,0,0,15.745,24.788,2.6,0.022174,0.0,0.0,1.0,0.917,0.038,0.475,1.79,0,validation
006349,2,2,0,1,1,0,0,11.86,24.641,3.27,0.031483,0.0,0.0,1.0,0.937,0.028,0.431,1.74,0,train
006350,4,1,0,4,0,1,0,8.437,25.782,0.9,0.159529,0.333,0.03,0.689,0.789,0.266,0.56,2.94,0,train
006351,2,1,0,2,0,0,0,54.144,64.425,0.69,0.001494,0.0,0.0,1.0,0.713,0.129,0.408,1.61,0,validation
006352,2,0,1,1,0,0,0,15.144,23.75,5.55,0.036327,0.0,0.0,1.0,0.92,0.036,0.504,1.95,0,test
006353,2,1,0,2,0,0,0,24.982,35.601,3.34,0.015056,0.167,0.0,0.883,0.784,0.161,0.44,1.65,0,train
006354,1,1,1,0,1,0,0,8.961,8.961,2.65,0.028467,0.0,0.0,1.0,0.953,0.021,0.699,2.85,1,train
006355,3,3,0,3,1,0,1,3.957,28.276,2.65,0.113854,0.0,0.33,0.357,0.979,0.363,0.659,2.31,1,train
006356,8,4,0,8,2,4,0,12.044,24.359,2.42,0.083765,0.417,0.014,0.695,0.77,0.271,0.537,2.99,0,validation
006357,2,2,0,2,0,0,0,25.113,43.727,0.29,0.006914,0.0,0.0,1.0,0.867,0.06,0.427,1.71,0,validation
006358,4,1,1,3,1,0,0,22.521,37.435,0.21,0.009524,0.0,0.0,1.0,0.881,0.054,0.58,1.78,0,validation
006359,1,1,0,1,0,0,0,53.348,53.348,0.95,0.000982,0.0,0.0,1.0,0.718,0.127,0.397,1.57,0,test
006360,3,1,0,3,1,0,0,11.233,19.586,1.52,0.059342,0.0,0.0,1.0,0.941,0.027,0.527,1.92,0,train
006361,11,8,1,10,3,4,0,9.566,30.862,0.42,0.075015,0.364,0.0,0.767,0.783,0.226,0.649,1.9,1,test
006362,8,1,3,5,1,1,0,12.245,34.099,0.14,0.131141,0.208,0.059,0.585,0.769,0.333,0.675,2.1,0,train
006363,5,1,0,5,0,0,0,23.493,51.438,2.56,0.017079,0.067,0.0,0.883,0.792,0.158,0.423,2.45,0,train
006364,2,0,1,1,0,0,0,28.295,30.364,5.82,0.008533,0.0,0.0,1.0,0.85,0.067,0.531,2.02,0,train
006365,15,2,0,12,2,2,3,15.643,25.473,0.06,0.039191,0.289,0.163,0.091,0.667,0.65,0.587,2.39,0,test
006366,9,0,0,9,0,4,1,14.831,27.605,3.59,0.034021,0.407,0.092,0.214,0.671,0.58,0.543,3.08,0,test
006367,6,1,0,4,1,0,0,22.062,35.435,0.28,0.011371,0.111,0.0,0.883,0.8,0.154,0.58,2.11,0,validation
006368,9,0,0,9,0,4,2,6.752,21.89,3.8,0.121146,0.407,0.171,0.169,0.714,0.586,0.594,3.07,0,train
006369,5,1,1,4,0,2,0,16.468,42.607,0.36,0.027813,0.4,0.0,0.65,0.663,0.344,0.51,2.31,0,train
006370,6,4,0,6,3,2,0,10.183,24.885,1.48,0.063093,0.278,0.013,0.715,0.779,0.256,0.571,2.52,1,validation
006371,8,7,1,7,4,1,1,5.019,23.319,0.61,0.135919,0.25,0.109,0.085,0.723,0.628,0.733,2.75,1,test
006372,7,6,0,7,3,3,0,12.758,25.674,0.95,0.076892,0.429,0.0,0.65,0.682,0.335,0.593,2.7,1,train
006373,3,2,0,2,1,0,1,5.96,29.262,1.4,0.133832,0.0,0.263,0.486,0.968,0.297,0.619,2.05,1,train
006374,2,2,0,2,2,0,0,8.884,14.617,0.89,0.096447,0.0,0.0,1.0,0.953,0.021,0.574,1.93,1,test
006375,1,1,0,1,0,0,0,34.93,34.93,0.17,0.002753,0.0,0.0,1.0,0.815,0.083,0.499,1.57,0,test
006376,16,1,0,16,1,5,2,7.66,34.214,0.27,0.128517,0.312,0.076,0.221,0.793,0.522,0.582,2.28,0,train
006377,2,1,0,2,0,0,0,29.129,41.979,3.31,0.021161,0.0,0.0,1.0,0.846,0.069,0.394,1.85,0,train
006378,5,0,3,2,0,1,0,16.551,24.802,8.05,0.060015,0.2,0.0,0.65,0.662,0.344,0.606,2.61,0,test
006379,13,3,0,13,1,9,2,8.457,25.889,2.11,0.077834,0.513,0.106,0.091,0.705,0.633,0.632,3.12,0,validation
006380,3,1,1,2,0,1,0,16.612,29.255,0.34,0.012337,0.222,0.0,0.767,0.745,0.243,0.663,1.93,0,test
006381,6,2,1,5,0,0,0,9.866,24.353,0.02,0.123182,0.222,0.0,0.883,0.864,0.125,0.6,2.23,0,train
006382,4,1,2,2,0,0,0,15.66,35.456,1.72,0.022853,0.0,0.0,1.0,0.917,0.037,0.616,3.06,0,test
006383,1,1,0,1,0,0,0,58.954,58.954,0.66,0.000816,0.0,0.0,1.0,0.688,0.14,0.41,1.57,0,train
006384,1,0,0,1,0,0,0,41.69,41.69,3.65,0.00224,0.0,0.0,1.0,0.779,0.099,0.302,1.68,0,validation
006385,4,1,0,4,0,0,0,39.046,47.081,0.13,0.003029,0.25,0.0,0.883,0.71,0.195,0.434,1.84,0,train
006386,5,2,0,5,0,0,0,56.856,62.443,0.3,0.002642,0.0,0.0,1.0,0.699,0.135,0.426,2.09,0,validation
006387,2,0,0,2,0,0,0,47.799,57.862,5.28,0.002543,0.0,0.0,1.0,0.747,0.114,0.28,2.19,0,validation
006388,4,3,0,4,2,0,1,5.492,17.049,1.24,0.1865,0.0,0.207,0.461,0.971,0.31,0.634,2.21,1,train
006389,14,2,0,14,1,4,1,6.014,37.422,0.47,0.081912,0.333,0.068,0.149,0.801,0.557,0.666,2.34,1,train
006390,15,9,1,14,6,8,3,5.827,22.502,0.63,0.168943,0.511,0.129,0.254,0.719,0.537,0.712,2.71,1,train
006391,6,0,0,6,0,0,1,9.911,18.153,4.62,0.106057,0.167,0.105,0.604,0.864,0.279,0.547,2.21,0,train
006392,1,1,0,1,0,0,0,39.686,39.686,1.14,0.001845,0.0,0.0,1.0,0.79,0.095,0.423,1.58,0,validation
006393,1,1,0,1,1,0,0,10.148,10.148,2.85,0.070199,0.0,0.0,1.0,0.946,0.024,0.542,1.87,1,validation
006394,8,1,0,7,0,3,1,10.634,22.018,0.51,0.069316,0.333,0.119,0.149,0.777,0.568,0.612,1.58,0,test
006395,9,6,9,0,6,1,1,4.269,13.352,0.25,0.078137,0.074,0.086,0.266,0.811,0.489,0.789,3.04,1,train
006396,14,2,11,3,2,3,1,10.835,22.296,0.05,0.057175,0.286,0.057,0.247,0.776,0.515,0.764,2.96,1,test
006397,2,0,0,2,0,0,0,17.384,34.136,7.84,0.045094,0.167,0.0,0.883,0.825,0.143,0.464,2.99,0,train
006398,4,4,0,3,3,0,0,8.263,19.026,2.43,0.132129,0.083,0.05,0.753,0.873,0.193,0.541,1.98,1,train
006399,14,3,0,14,1,2,3,6.065,30.676,1.06,0.184343,0.357,0.156,0.007,0.718,0.673,0.706,2.21,1,train
006400,6,4,6,0,3,0,2,4.86,20.123,0.58,0.086133,0.056,0.14,0.571,0.891,0.285,0.77,1.63,1,train
006401,14,3,0,14,1,2,1,7.053,31.863,0.48,0.14602,0.31,0.084,0.188,0.796,0.538,0.604,2.22,1,validation
006402,5,1,0,5,0,1,0,18.806,46.46,0.02,0.015008,0.2,0.0,0.767,0.734,0.248,0.542,1.83,0,train
006403,6,1,0,6,0,2,0,11.115,25.691,1.53,0.079862,0.278,0.0,0.767,0.774,0.23,0.506,2.05,0,train
006404,10,10,0,10,7,3,2,2.821,16.85,1.51,0.149879,0.3,0.233,0.117,0.818,0.568,0.68,2.79,1,train
006405,3,1,0,3,0,0,0,28.049,40.064,2.64,0.011627,0.0,0.0,1.0,0.852,0.067,0.393,2.08,0,validation
006406,2,0,1,1,0,0,0,15.537,30.659,3.78,0.021847,0.0,0.0,1.0,0.918,0.037,0.476,1.86,0,test
006407,6,1,3,3,0,0,0,22.941,36.852,2.22,0.026083,0.167,0.008,0.851,0.795,0.174,0.508,2.44,0,test
006408,7,1,0,7,0,0,0,36.305,46.834,1.74,0.010024,0.19,0.0,0.883,0.724,0.188,0.395,2.15,0,validation
006409,3,0,0,3,0,0,0,15.828,21.452,6.37,0.069248,0.111,0.0,0.883,0.833,0.139,0.474,2.24,0,train
006410,7,2,0,7,0,2,0,9.334,31.289,1.73,0.139455,0.238,0.01,0.721,0.784,0.251,0.523,2.13,0,train
006411,1,1,1,0,1,0,0,7.766,7.766,2.91,0.020867,0.0,0.0,1.0,0.959,0.019,0.695,0.3,1,train
006412,4,2,4,0,2,0,0,6.249,15.013,1.28,0.049425,0.0,0.033,0.915,0.967,0.061,0.716,2.75,1,train
006413,4,1,0,4,0,0,0,15.706,33.549,0.58,0.033606,0.0,0.0,1.0,0.917,0.037,0.543,2.02,0,validation
006414,2,1,1,1,1,0,1,4.394,30.149,3.31,0.025119,0.0,0.49,0.363,0.977,0.361,0.778,2.39,1,train
006415,4,1,2,2,0,1,0,27.181,43.985,0.25,0.004267,0.333,0.0,0.65,0.606,0.37,0.619,2.12,0,test
006416,11,8,0,11,3,2,1,6.069,28.438,0.77,0.173026,0.273,0.099,0.149,0.801,0.557,0.616,2.34,1,test
006417,7,0,0,5,0,1,0,37.217,54.425,13.03,0.014368,0.19,0.0,0.767,0.636,0.292,0.332,2.17,0,train
006418,6,3,0,6,1,0,0,18.898,36.092,2.13,0.019119,0.167,0.0,0.883,0.817,0.147,0.456,2.47,0,test
006419,3,0,0,3,0,1,0,26.771,40.637,6.23,0.01192,0.222,0.0,0.767,0.692,0.267,0.402,2.45,0,train
006420,6,1,0,5,0,2,0,12.407,22.522,0.51,0.093912,0.278,0.0,0.767,0.768,0.233,0.52,1.58,0,test
006421,5,2,0,5,0,1,0,27.944,39.927,2.74,0.007129,0.267,0.0,0.767,0.685,0.27,0.405,2.45,0,test
006422,20,2,15,5,0,4,0,7.512,28.597,0.72,0.059425,0.233,0.013,0.63,0.794,0.296,0.687,3.09,0,train
006423,9,5,0,9,4,2,1,7.81,21.959,0.57,0.144879,0.333,0.11,0.253,0.792,0.504,0.594,1.57,1,validation
006424,12,6,9,3,5,3,1,3.415,16.899,0.37,0.170776,0.194,0.083,0.117,0.815,0.569,0.732,3.03,1,test
006425,4,2,0,4,1,2,0,7.39,35.157,1.68,0.140983,0.5,0.072,0.462,0.711,0.426,0.636,3.01,1,validation
006426,12,2,0,12,1,7,2,4.56,21.997,2.76,0.214949,0.528,0.152,0.039,0.726,0.652,0.659,2.86,1,train
006427,10,10,9,1,10,4,0,6.302,10.54,0.19,0.038106,0.333,0.002,0.754,0.8,0.225,0.871,2.48,1,train
006428,6,1,0,6,1,0,1,7.045,27.371,0.1,0.259647,0.0,0.183,0.35,0.963,0.374,0.613,1.55,0,test
006429,10,10,0,10,7,4,1,6.012,21.257,1.97,0.177531,0.4,0.056,0.474,0.802,0.379,0.618,2.03,1,validation
006430,5,4,0,5,2,0,1,4.386,17.371,0.41,0.140402,0.067,0.186,0.279,0.893,0.445,0.667,2.03,1,train
006431,16,8,6,10,4,3,1,6.761,24.197,1.25,0.09499,0.25,0.058,0.305,0.798,0.473,0.701,2.25,1,train
006432,7,3,0,7,1,3,1,19.805,43.86,1.48,0.160981,0.333,0.119,0.227,0.728,0.547,0.514,2.46,0,validation
006433,5,2,3,2,0,1,0,38.761,51.513,0.29,0.006278,0.267,0.0,0.767,0.628,0.296,0.584,3.13,0,test
006434,1,1,1,0,1,0,0,6.141,6.141,0.13,0.031091,0.0,0.0,1.0,0.967,0.015,0.833,1.54,1,train
006435,2,1,0,2,0,0,0,23.01,33.491,2.5,0.018034,0.167,0.0,0.883,0.795,0.156,0.453,1.65,0,train
006436,3,1,0,3,0,1,0,12.303,38.823,0.13,0.046134,0.333,0.033,0.585,0.685,0.37,0.498,2.24,0,train
006437,4,2,0,4,0,1,0,37.614,46.018,0.01,0.00366,0.167,0.0,0.767,0.634,0.293,0.493,1.96,0,train
006438,7,2,0,7,1,2,1,9.538,37.877,0.95,0.152599,0.19,0.083,0.39,0.783,0.433,0.558,2.15,1,validation
006439,4,3,0,4,0,2,0,30.392,46.487,0.33,0.002812,0.333,0.0,0.767,0.672,0.276,0.522,1.67,0,validation
006440,3,2,1,2,1,0,0,18.614,29.471,0.42,0.012487,0.0,0.0,1.0,0.901,0.044,0.514,1.75,0,validation
006441,4,3,2,2,3,0,0,7.814,17.735,1.03,0.11696,0.083,0.007,0.864,0.875,0.131,0.689,1.84,1,train
006442,4,2,0,3,0,1,0,34.523,57.725,0.35,0.007997,0.25,0.0,0.65,0.567,0.387,0.424,2.12,0,train
006443,4,1,0,4,0,1,0,28.436,48.954,0.57,0.004258,0.333,0.0,0.767,0.683,0.271,0.524,2.06,0,test
006444,11,4,9,2,4,3,0,6.551,16.106,0.18,0.064835,0.212,0.021,0.5,0.715,0.403,0.775,3.0,1,train
006445,7,3,0,7,2,3,1,5.944,22.675,2.59,0.157914,0.333,0.09,0.357,0.802,0.443,0.619,2.08,1,train
006446,2,0,1,1,0,1,0,22.602,30.278,6.91,0.005415,0.333,0.0,0.767,0.714,0.257,0.623,1.97,0,test
006447,6,1,0,6,0,0,0,25.302,47.957,0.78,0.028713,0.167,0.0,0.883,0.783,0.162,0.536,2.19,0,train
006448,5,0,0,5,0,0,1,14.376,23.279,3.53,0.041107,0.133,0.11,0.526,0.841,0.333,0.528,2.17,0,test
006449,9,0,2,7,0,2,0,18.125,42.726,5.5,0.051017,0.259,0.0,0.767,0.737,0.247,0.521,1.93,0,validation
006450,6,1,0,6,1,0,0,7.031,41.646,0.09,0.099727,0.111,0.0,0.883,0.879,0.118,0.689,2.68,1,test
006451,1,0,1,0,0,0,0,9.324,9.324,3.72,0.018602,0.0,0.0,1.0,0.951,0.022,0.658,2.73,0,test
006452,4,2,0,4,0,1,0,37.324,48.094,0.11,0.002131,0.167,0.0,0.767,0.636,0.292,0.488,1.89,0,train
006453,3,3,3,0,3,0,0,19.693,20.089,1.75,0.004113,0.0,0.0,1.0,0.896,0.047,0.665,1.56,1,test
006454,4,1,0,4,1,0,1,4.547,17.956,1.27,0.038182,0.0,0.25,0.35,0.976,0.368,0.63,2.5,0,train
006455,1,0,0,1,0,0,0,22.062,22.062,4.86,0.01049,0.0,0.0,1.0,0.883,0.053,0.433,1.84,0,train
006456,1,1,0,1,1,0,0,20.294,20.294,3.44,0.011697,0.0,0.0,1.0,0.893,0.048,0.447,1.74,0,validation
006457,6,1,0,6,0,1,0,29.574,37.617,2.66,0.010107,0.222,0.0,0.767,0.677,0.274,0.383,2.64,0,train
006458,1,1,1,0,1,0,0,8.569,8.569,1.59,0.017122,0.0,0.0,1.0,0.955,0.02,0.75,0.15,1,validation
006459,3,0,0,3,0,1,0,27.867,41.416,6.18,0.010705,0.222,0.0,0.767,0.686,0.27,0.394,2.46,0,validation
006460,3,0,1,2,0,1,0,27.647,37.624,8.21,0.004571,0.333,0.0,0.767,0.687,0.269,0.536,2.96,0,train
006461,5,1,0,5,1,0,0,24.768,40.505,0.63,0.022686,0.2,0.0,0.883,0.786,0.161,0.546,2.18,0,train
006462,3,0,0,3,0,1,0,10.175,20.852,5.31,0.093321,0.444,0.0,0.65,0.696,0.329,0.592,1.85,0,test
006463,5,2,0,5,1,1,1,5.935,24.493,2.44,0.146229,0.2,0.166,0.227,0.802,0.514,0.607,2.75,0,test
006464,2,0,2,0,0,1,0,24.079,30.099,4.32,0.002351,0.5,0.0,0.65,0.623,0.362,0.559,1.81,0,test
006465,4,0,0,4,0,1,0,21.507,51.563,4.16,0.017092,0.417,0.0,0.65,0.636,0.356,0.463,2.0,0,validation
006466,2,1,0,1,0,0,0,10.547,19.54,2.18,0.042908,0.0,0.0,1.0,0.944,0.025,0.45,1.98,0,train
006467,8,1,3,5,1,0,0,16.136,37.025,0.13,0.028208,0.167,0.0,0.883,0.831,0.14,0.625,2.12,0,train
006468,8,3,0,8,2,4,0,12.237,27.008,2.89,0.081436,0.417,0.013,0.702,0.769,0.268,0.515,2.89,1,validation
006469,7,1,0,6,1,1,1,15.027,31.312,0.12,0.052736,0.238,0.064,0.357,0.67,0.502,0.573,1.57,0,validation
006470,5,1,0,5,1,1,0,14.663,23.896,2.96,0.06729,0.2,0.032,0.663,0.756,0.295,0.482,2.92,0,train
006471,1,0,1,0,0,0,0,9.616,9.616,4.18,0.018731,0.0,0.0,1.0,0.949,0.023,0.656,0.47,0,validation
006472,1,0,1,0,0,0,0,10.281,10.281,5.87,0.022403,0.0,0.0,1.0,0.946,0.024,0.651,0.68,0,validation
006473,3,0,1,2,0,2,0,17.452,36.472,6.05,0.12839,0.667,0.0,0.65,0.658,0.347,0.684,1.95,0,train
006474,14,3,1,7,2,10,1,6.382,17.2,2.6,0.094274,0.571,0.069,0.26,0.716,0.535,0.672,2.92,0,validation
006475,12,9,11,1,7,3,0,5.671,14.652,1.69,0.04383,0.222,0.015,0.65,0.803,0.281,0.811,2.23,1,train
006476,4,1,1,3,1,0,0,19.974,31.527,0.42,0.026607,0.0,0.0,1.0,0.894,0.048,0.588,2.04,0,test
006477,6,1,0,4,0,2,0,30.8,47.729,0.26,0.007659,0.333,0.0,0.65,0.587,0.378,0.445,2.18,0,train
006478,6,3,4,2,3,1,1,4.664,18.939,0.79,0.180218,0.167,0.135,0.24,0.809,0.504,0.698,2.03,1,test
006479,3,0,1,2,0,1,0,23.6,33.915,8.36,0.007863,0.333,0.0,0.767,0.708,0.26,0.563,2.94,0,test
006480,1,0,1,0,0,0,0,10.01,10.01,4.62,0.015917,0.0,0.0,1.0,0.947,0.024,0.653,2.68,0,test
006481,3,1,0,3,0,1,0,13.076,40.008,0.18,0.041587,0.333,0.0,0.65,0.681,0.336,0.493,2.17,0,train
006482,5,1,0,4,0,0,0,27.908,49.744,0.28,0.01455,0.0,0.0,1.0,0.852,0.066,0.435,2.18,0,validation
006483,5,0,0,5,0,3,1,12.041,19.388,3.87,0.050078,0.467,0.2,0.189,0.686,0.588,0.587,2.73,0,test
006484,3,2,1,2,0,0,0,29.598,42.58,0.84,0.056497,0.0,0.0,1.0,0.843,0.071,0.552,1.91,1,test
006485,1,1,0,1,1,0,0,17.578,17.578,3.17,0.01393,0.0,0.0,1.0,0.907,0.042,0.478,1.76,0,train
006486,2,0,2,0,0,0,0,8.046,8.238,3.79,0.036657,0.0,0.0,1.0,0.957,0.019,0.666,1.16,0,validation
006487,3,1,0,3,1,2,0,13.672,22.348,3.37,0.052873,0.667,0.007,0.637,0.678,0.345,0.526,1.4,0,validation
006488,10,10,9,1,10,3,0,6.209,10.551,0.15,0.050212,0.233,0.006,0.728,0.8,0.24,0.859,2.48,1,train
006489,12,4,0,12,3,2,1,5.23,23.21,3.0,0.121996,0.278,0.091,0.136,0.806,0.563,0.623,2.39,0,train
006490,7,1,0,7,0,0,1,32.499,43.141,0.6,0.010247,0.19,0.126,0.311,0.745,0.494,0.452,2.24,0,train
006491,4,0,0,3,0,0,0,52.204,56.989,8.44,0.003612,0.25,0.0,0.883,0.64,0.226,0.307,2.93,0,train
006492,5,1,1,4,1,0,0,17.832,35.369,0.76,0.052078,0.133,0.0,0.883,0.822,0.144,0.548,2.62,0,test
006493,6,6,0,6,2,2,1,6.1,29.37,2.38,0.164597,0.278,0.102,0.37,0.801,0.436,0.626,1.99,1,train
006494,10,5,0,7,4,2,0,11.043,21.85,0.4,0.087449,0.3,0.0,0.767,0.775,0.23,0.639,2.51,1,train
006495,6,1,0,6,0,1,0,27.938,36.117,3.04,0.011918,0.222,0.0,0.767,0.685,0.27,0.394,2.6,0,test
006496,10,3,7,3,3,1,1,4.619,17.051,0.61,0.110161,0.167,0.096,0.143,0.809,0.558,0.821,2.7,1,test
006497,11,2,0,11,1,4,2,5.511,26.339,0.53,0.111953,0.394,0.163,0.065,0.721,0.64,0.647,1.57,0,validation
006498,8,2,1,7,0,3,1,7.983,36.208,3.25,0.040473,0.375,0.116,0.162,0.791,0.555,0.628,3.04,1,train
006499,2,0,0,2,0,0,1,5.2,32.23,3.9,0.062504,0.0,0.485,0.37,0.972,0.359,0.623,2.38,0,train
006500,5,1,1,4,1,0,0,23.37,41.631,0.0,0.007401,0.133,0.0,0.883,0.793,0.157,0.584,2.18,0,test
006501,5,2,0,4,1,1,0,22.742,45.893,0.33,0.006836,0.267,0.0,0.767,0.713,0.258,0.573,1.92,0,train
006502,1,1,1,0,1,0,0,7.97,7.97,2.64,0.025442,0.0,0.0,1.0,0.958,0.019,0.706,0.9,1,test
006503,6,1,1,4,1,0,1,4.605,31.105,3.16,0.109389,0.111,0.16,0.259,0.892,0.456,0.642,1.87,1,train
006504,4,0,0,4,0,1,0,10.425,19.883,4.63,0.077871,0.333,0.0,0.767,0.778,0.228,0.511,2.04,0,train
006505,2,1,0,2,0,0,0,24.717,31.037,2.95,0.024062,0.0,0.0,1.0,0.869,0.059,0.415,2.16,0,test
006506,5,2,0,5,0,1,0,23.315,38.129,1.15,0.023874,0.2,0.0,0.767,0.71,0.259,0.425,2.05,0,train
006507,4,2,0,4,0,0,0,34.274,60.09,0.94,0.016589,0.0,0.0,1.0,0.819,0.082,0.397,2.11,0,test
006508,7,1,1,6,0,1,1,7.178,28.592,2.99,0.123123,0.19,0.073,0.435,0.795,0.403,0.617,2.7,0,test
006509,4,4,0,4,1,0,0,9.551,30.203,2.2,0.092543,0.167,0.0,0.883,0.866,0.124,0.517,1.95,1,test
006510,1,1,0,1,0,0,0,52.436,52.436,3.33,0.001448,0.0,0.0,1.0,0.722,0.125,0.288,1.75,0,train
006511,8,1,4,4,1,1,0,7.999,27.931,0.15,0.120706,0.25,0.021,0.656,0.791,0.283,0.65,2.57,0,train
006512,4,1,0,3,0,1,0,35.326,54.086,0.14,0.014577,0.25,0.0,0.65,0.563,0.389,0.434,2.07,0,test
006513,6,2,0,6,1,1,0,11.781,29.129,2.6,0.068103,0.222,0.018,0.695,0.771,0.271,0.501,2.53,0,train
006514,5,1,0,4,0,3,0,22.182,45.105,2.15,0.027537,0.733,0.0,0.65,0.633,0.358,0.459,3.08,0,validation
006515,4,2,0,4,1,0,0,11.795,20.347,1.5,0.055261,0.083,0.0,0.883,0.854,0.13,0.511,1.85,1,validation
006516,3,0,0,2,0,0,0,18.549,27.712,10.28,0.016341,0.0,0.0,1.0,0.902,0.044,0.433,1.8,0,train
006517,2,0,2,0,0,1,0,25.817,31.693,4.4,0.00214,0.5,0.0,0.65,0.613,0.367,0.55,1.79,0,validation
006518,2,0,0,2,0,1,0,42.127,54.172,3.75,0.002863,0.333,0.0,0.767,0.61,0.304,0.333,1.65,0,train
006519,11,8,3,8,5,6,2,3.682,19.08,2.12,0.186622,0.394,0.154,0.117,0.814,0.57,0.695,2.03,1,train
006520,8,0,0,8,0,3,1,9.263,21.559,3.65,0.142703,0.375,0.086,0.299,0.701,0.52,0.575,2.83,0,train
006521,1,1,0,1,1,0,0,16.472,16.472,2.57,0.01793,0.0,0.0,1.0,0.913,0.039,0.513,1.75,0,train
006522,6,1,2,4,0,3,1,23.871,37.837,3.28,0.014623,0.389,0.065,0.513,0.707,0.4,0.611,2.51,0,train
006523,12,1,0,12,0,4,0,12.596,36.724,0.2,0.046105,0.306,0.0,0.767,0.767,0.233,0.531,2.15,0,train
006524,4,2,0,4,0,1,0,29.674,43.395,0.17,0.01063,0.167,0.0,0.767,0.676,0.274,0.486,2.12,0,test
006525,8,7,1,6,5,2,2,5.55,17.491,2.62,0.352048,0.375,0.104,0.409,0.721,0.45,0.794,2.49,1,train
006526,6,3,0,6,3,2,0,10.054,23.55,3.29,0.057146,0.333,0.0,0.767,0.78,0.227,0.523,2.02,1,train
006527,9,0,0,9,0,6,1,8.98,20.847,4.82,0.076399,0.556,0.084,0.273,0.786,0.496,0.608,2.92,0,test
006528,12,2,10,2,1,0,2,4.985,21.228,1.18,0.025965,0.111,0.114,0.337,0.89,0.414,0.761,2.91,1,train
006529,2,1,0,2,0,0,0,36.569,56.336,0.72,0.006316,0.167,0.0,0.883,0.723,0.189,0.407,2.1,0,train
006530,7,3,0,7,2,1,0,7.869,32.222,0.92,0.138638,0.286,0.0,0.767,0.792,0.222,0.559,2.51,1,test
006531,5,5,0,5,3,0,1,4.306,22.59,2.49,0.193841,0.067,0.188,0.272,0.894,0.448,0.659,2.28,1,validation
006532,8,2,0,8,1,4,1,9.045,27.08,2.82,0.090002,0.375,0.095,0.273,0.785,0.497,0.581,2.93,0,train
006533,4,1,0,4,0,1,0,27.032,43.408,0.62,0.009577,0.333,0.0,0.767,0.69,0.268,0.426,1.88,0,test
006534,5,0,1,4,0,0,1,6.068,25.67,3.91,0.046307,0.067,0.198,0.24,0.885,0.47,0.63,2.47,0,train
006535,9,3,0,9,2,5,1,3.521,20.322,2.6,0.093602,0.407,0.111,0.117,0.815,0.569,0.66,2.82,1,train
006536,7,2,1,6,0,2,1,12.258,43.297,1.85,0.049955,0.238,0.143,0.117,0.768,0.59,0.629,2.83,0,test
006537,3,0,0,2,0,0,0,15.072,24.276,6.88,0.015692,0.0,0.0,1.0,0.92,0.036,0.454,1.76,0,validation
006538,6,2,0,6,0,1,1,13.061,25.645,1.9,0.032881,0.167,0.145,0.201,0.764,0.545,0.563,2.22,0,train
006539,5,4,5,0,4,0,0,7.622,13.705,0.02,0.025719,0.067,0.0,0.883,0.876,0.12,0.802,2.59,1,train
006540,4,3,0,4,2,1,1,4.918,25.069,2.33,0.128449,0.167,0.23,0.169,0.807,0.544,0.645,1.84,1,test
006541,2,1,0,1,0,0,0,11.707,20.721,2.24,0.03221,0.0,0.0,1.0,0.938,0.028,0.439,1.95,0,test
006542,5,0,0,5,0,0,0,31.464,44.072,10.46,0.015029,0.267,0.026,0.799,0.75,0.223,0.407,3.04,0,train
006543,6,2,0,6,1,1,0,10.854,28.184,2.66,0.068166,0.167,0.055,0.552,0.776,0.347,0.522,2.55,0,train
006544,5,2,0,4,1,1,0,22.924,49.233,0.41,0.006723,0.267,0.0,0.767,0.712,0.258,0.568,1.89,0,train
006545,4,1,0,4,1,0,1,9.086,20.466,0.03,0.280324,0.0,0.25,0.35,0.952,0.379,0.599,1.54,0,test
006546,2,0,1,1,0,0,0,15.953,20.453,3.62,0.031915,0.167,0.0,0.883,0.832,0.14,0.58,1.89,0,train
006547,2,0,0,2,0,0,0,15.484,37.473,7.24,0.056848,0.167,0.02,0.857,0.835,0.153,0.48,2.63,0,train
006548,4,2,0,4,1,0,0,12.442,24.268,0.81,0.060391,0.0,0.0,1.0,0.934,0.03,0.589,1.89,0,train
006549,14,4,0,14,2,9,2,4.651,25.944,2.49,0.130612,0.476,0.128,0.045,0.725,0.649,0.644,3.13,1,train
006550,2,2,0,2,1,0,0,7.637,21.853,2.93,0.14379,0.0,0.135,0.825,0.96,0.115,0.572,1.98,1,train
006551,3,1,0,3,0,1,1,12.037,46.423,1.62,0.041941,0.444,0.24,0.182,0.686,0.591,0.637,2.29,0,test
006552,4,2,4,0,2,1,0,5.259,6.747,2.76,0.034521,0.333,0.085,0.475,0.722,0.414,0.816,3.06,1,train
006553,3,0,0,2,0,0,0,17.407,26.574,9.05,0.015734,0.0,0.0,1.0,0.908,0.041,0.439,1.8,0,train
006554,2,0,0,2,0,0,1,27.79,44.667,9.08,0.060026,0.0,0.29,0.623,0.853,0.274,0.441,1.63,0,validation
006555,2,1,0,2,0,0,0,65.757,69.631,1.51,0.00088,0.0,0.0,1.0,0.652,0.157,0.371,1.72,0,train
006556,4,2,1,3,2,1,1,6.436,12.335,0.29,0.256287,0.333,0.237,0.149,0.799,0.558,0.82,2.71,1,validation
006557,6,2,0,6,1,1,1,4.867,26.681,2.49,0.104563,0.222,0.163,0.13,0.808,0.565,0.626,2.79,0,train
006558,2,2,0,2,2,0,1,3.654,6.105,1.46,0.148323,0.0,0.49,0.363,0.981,0.359,0.686,2.15,1,train
006559,15,8,0,15,5,12,0,10.402,23.725,0.02,0.156794,0.644,0.009,0.579,0.695,0.369,0.614,2.17,1,train
006560,4,0,0,4,0,0,0,16.471,28.688,6.41,0.041041,0.0,0.0,1.0,0.913,0.039,0.47,1.76,0,train
006561,3,1,0,3,0,0,0,15.477,36.083,0.45,0.092081,0.222,0.09,0.708,0.835,0.235,0.525,2.13,0,train
006562,15,1,0,15,1,5,1,6.247,34.015,0.3,0.052855,0.356,0.061,0.169,0.8,0.547,0.612,1.95,0,test
006563,3,0,0,2,0,0,0,16.254,25.394,7.91,0.015612,0.0,0.0,1.0,0.914,0.039,0.447,1.74,0,train
006564,11,3,2,9,0,2,1,5.817,35.273,1.81,0.12513,0.242,0.078,0.208,0.803,0.525,0.64,2.95,0,train
006565,4,1,0,4,0,0,0,23.447,53.301,0.4,0.159686,0.167,0.007,0.864,0.793,0.168,0.453,1.58,0,validation
006566,1,1,0,1,0,0,0,37.375,37.375,0.64,0.002101,0.0,0.0,1.0,0.802,0.089,0.462,1.58,0,train
006567,8,1,0,8,0,0,1,4.735,39.374,0.26,0.096007,0.083,0.124,0.24,0.892,0.467,0.628,2.39,0,validation
006568,10,2,0,10,1,6,2,9.469,26.693,2.75,0.105712,0.467,0.12,0.156,0.7,0.599,0.614,2.98,0,train
006569,5,2,0,5,1,1,0,23.45,38.39,0.69,0.006504,0.133,0.0,0.767,0.709,0.259,0.552,1.89,0,train
006570,7,2,1,6,0,2,0,26.386,39.233,3.29,0.016716,0.333,0.0,0.767,0.694,0.266,0.547,3.02,1,train
006571,6,1,0,6,1,1,0,7.021,43.388,0.1,0.0997,0.167,0.002,0.76,0.796,0.224,0.689,2.81,1,train
006572,3,1,1,2,1,0,1,9.354,15.384,0.03,0.09669,0.111,0.187,0.519,0.867,0.324,0.647,2.53,0,test
006573,1,0,1,0,0,0,0,10.751,10.751,5.66,0.019314,0.0,0.0,1.0,0.943,0.026,0.648,2.59,0,train
006574,3,1,1,2,1,0,0,9.272,38.628,0.2,0.054562,0.0,0.0,1.0,0.951,0.022,0.669,1.73,1,train
006575,1,0,1,0,0,0,0,9.732,9.732,5.86,0.034294,0.333,0.0,0.883,0.865,0.125,0.682,2.5,0,test
006576,4,1,0,4,1,1,0,15.99,22.479,2.87,0.02884,0.25,0.0,0.767,0.749,0.241,0.502,1.76,0,train
006577,4,2,0,4,0,1,0,36.309,52.821,0.76,0.001938,0.167,0.0,0.767,0.641,0.29,0.461,1.78,0,test
006578,10,8,10,0,8,1,0,7.65,13.468,0.2,0.036299,0.133,0.001,0.76,0.793,0.225,0.802,2.78,1,validation
006579,1,0,1,0,0,0,0,22.4,22.4,7.66,0.00368,0.333,0.0,0.883,0.798,0.155,0.597,1.24,0,validation
006580,1,0,0,1,0,0,0,36.835,36.835,21.87,0.012427,0.333,0.0,0.883,0.722,0.189,0.361,3.06,0,validation
006581,4,0,0,4,0,3,0,9.562,22.223,3.67,0.078142,0.5,0.0,0.767,0.783,0.226,0.535,1.91,0,train
006582,2,1,0,2,0,0,0,51.538,56.874,1.37,0.000926,0.0,0.0,1.0,0.727,0.123,0.377,1.57,0,train
006583,19,17,18,1,17,5,1,4.865,13.132,0.28,0.211917,0.281,0.051,0.02,0.724,0.663,0.805,2.77,1,train
006584,1,0,0,1,0,0,0,17.997,17.997,4.48,0.019503,0.0,0.0,1.0,0.905,0.043,0.46,1.79,0,train
006585,1,1,1,0,1,0,0,7.439,7.439,1.79,0.032152,0.0,0.0,1.0,0.961,0.018,0.749,0.19,1,train
006586,2,0,0,2,0,1,1,28.417,35.441,12.64,0.037893,0.5,0.245,0.332,0.6,0.548,0.51,2.2,0,validation
006587,8,4,0,7,2,4,1,11.639,22.091,0.09,0.062566,0.5,0.079,0.24,0.688,0.558,0.617,3.02,0,validation
006588,7,3,0,7,2,2,2,5.443,20.462,0.11,0.142593,0.238,0.174,0.201,0.805,0.527,0.62,2.32,1,train
006589,20,3,2,18,2,14,2,7.292,23.561,0.52,0.150279,0.567,0.053,0.214,0.711,0.562,0.697,2.29,1,train
006590,6,4,0,6,0,2,0,12.413,31.822,0.26,0.083503,0.389,0.0,0.767,0.768,0.233,0.524,2.27,0,train
006591,3,1,0,3,0,0,1,6.779,24.987,0.86,0.073939,0.0,0.31,0.395,0.964,0.349,0.609,1.77,0,validation
006592,2,2,0,2,1,0,0,10.762,37.136,0.08,0.066028,0.0,0.0,1.0,0.943,0.026,0.518,1.87,1,train
006593,5,1,0,5,0,1,1,13.224,42.441,1.52,0.039663,0.333,0.14,0.195,0.68,0.587,0.628,2.23,0,train
006594,11,11,0,11,7,4,1,5.877,25.277,2.03,0.150253,0.394,0.045,0.442,0.802,0.396,0.623,1.9,1,test
006595,9,3,0,9,1,1,1,8.763,31.149,3.02,0.068697,0.296,0.094,0.214,0.787,0.528,0.59,2.98,1,validation
006596,1,1,0,1,0,0,0,53.137,53.137,1.34,0.001222,0.0,0.0,1.0,0.719,0.127,0.379,1.67,0,train
006597,8,3,3,5,2,1,0,6.855,26.688,2.63,0.172721,0.167,0.029,0.617,0.797,0.302,0.61,2.02,1,test
006598,11,4,0,11,3,4,2,4.588,21.951,0.8,0.136245,0.364,0.177,0.045,0.726,0.648,0.642,2.54,1,test
006599,4,1,0,4,0,1,0,14.092,35.742,1.83,0.064983,0.25,0.0,0.767,0.759,0.237,0.486,1.69,0,train
006600,4,0,1,3,0,0,2,10.929,15.68,4.16,0.083331,0.25,0.295,0.383,0.859,0.403,0.589,2.68,0,train
006601,2,1,0,2,0,0,0,29.186,36.186,1.8,0.004359,0.167,0.0,0.883,0.762,0.171,0.463,1.68,0,test
006602,12,2,0,12,2,7,1,8.634,25.611,3.26,0.100139,0.444,0.047,0.403,0.788,0.424,0.567,3.02,1,validation
006603,2,0,1,1,0,0,0,16.221,23.225,6.9,0.015339,0.0,0.0,1.0,0.914,0.039,0.612,2.15,0,train
006604,4,1,1,3,0,2,0,9.212,40.9,0.37,0.064226,0.5,0.003,0.643,0.701,0.331,0.739,2.2,0,train
006605,7,6,7,0,4,0,0,5.742,16.717,2.23,0.063901,0.048,0.05,0.753,0.886,0.187,0.722,2.53,1,train
006606,1,0,0,1,0,0,0,49.027,49.027,3.53,0.001663,0.0,0.0,1.0,0.74,0.117,0.28,1.75,0,test
006607,1,0,0,1,0,0,0,22.186,22.186,3.61,0.006919,0.0,0.0,1.0,0.883,0.053,0.432,1.6,0,train
006608,15,4,13,2,2,0,1,3.637,19.221,1.01,0.039698,0.089,0.109,0.24,0.897,0.464,0.813,2.92,1,validation
006609,1,0,0,1,0,0,0,33.08,33.08,6.96,0.003439,0.0,0.0,1.0,0.825,0.079,0.359,1.63,0,train
006610,3,0,0,2,0,0,0,27.512,31.999,14.72,0.020734,0.222,0.027,0.831,0.771,0.196,0.43,2.25,0,train
006611,8,5,2,6,2,0,1,3.975,29.243,2.51,0.146323,0.042,0.134,0.259,0.896,0.454,0.67,2.25,1,test
006612,10,6,2,7,4,0,1,3.085,22.161,0.82,0.146397,0.133,0.1,0.233,0.9,0.467,0.662,2.82,1,train
006613,8,6,7,1,4,1,0,7.755,18.227,0.95,0.117483,0.083,0.0,0.767,0.792,0.222,0.701,2.36,1,train
006614,4,2,0,4,0,0,0,32.94,59.015,0.62,0.01928,0.083,0.005,0.87,0.742,0.187,0.412,2.13,0,train
006615,1,1,0,1,0,0,0,71.636,71.636,0.93,0.000643,0.0,0.0,1.0,0.621,0.171,0.397,1.62,0,train
006616,6,1,0,6,0,0,1,25.082,43.518,0.76,0.019306,0.111,0.103,0.48,0.784,0.383,0.538,2.29,0,test
006617,6,3,2,4,0,1,1,22.952,35.494,0.94,0.004765,0.278,0.16,0.143,0.712,0.601,0.594,2.73,0,test
006618,4,2,0,4,1,0,1,4.326,27.877,2.03,0.147692,0.083,0.237,0.266,0.894,0.452,0.664,2.8,1,test
006619,5,1,0,5,0,0,0,33.186,39.573,1.84,0.007559,0.133,0.0,0.883,0.741,0.181,0.363,2.7,0,train
006620,3,0,0,3,0,0,0,31.361,46.76,8.03,0.008014,0.333,0.0,0.883,0.751,0.176,0.398,2.94,0,train
006621,3,0,0,3,0,0,0,26.516,41.785,8.1,0.012048,0.333,0.0,0.883,0.776,0.165,0.43,2.92,0,validation
006622,11,0,0,11,0,7,2,9.79,21.188,4.74,0.084016,0.576,0.108,0.286,0.698,0.529,0.586,2.88,0,validation
006623,7,5,4,3,4,1,0,13.86,24.374,0.54,0.02993,0.238,0.0,0.767,0.76,0.236,0.672,2.94,1,test
006624,9,1,0,8,1,3,0,11.244,30.178,0.03,0.189641,0.37,0.018,0.546,0.69,0.389,0.596,1.57,0,train
006625,10,2,0,10,1,5,2,4.75,34.051,2.85,0.132954,0.433,0.129,0.208,0.808,0.522,0.645,2.2,1,train
006626,2,1,0,2,0,0,0,54.695,64.023,0.23,0.001984,0.0,0.0,1.0,0.71,0.13,0.429,1.89,0,validation
006627,7,2,4,3,1,1,2,3.155,17.485,2.18,0.057048,0.095,0.273,0.117,0.817,0.568,0.67,2.6,1,train
006628,8,4,1,7,3,3,0,7.624,31.025,0.35,0.066731,0.292,0.0,0.767,0.793,0.221,0.683,2.52,1,train
006629,9,4,1,7,3,2,1,4.858,21.035,1.71,0.129891,0.296,0.107,0.143,0.808,0.558,0.649,2.77,1,validation
006630,6,0,0,6,0,0,0,17.689,31.027,4.06,0.025912,0.167,0.0,0.883,0.823,0.144,0.462,2.07,0,validation
006631,4,1,0,4,0,0,0,29.82,44.201,0.1,0.00435,0.0,0.0,1.0,0.842,0.071,0.521,2.01,0,train
006632,8,3,1,7,1,1,1,13.258,31.781,0.15,0.059944,0.167,0.096,0.266,0.763,0.51,0.551,2.86,0,train
006633,4,1,0,4,0,1,0,18.665,37.254,0.52,0.029645,0.333,0.0,0.767,0.735,0.248,0.482,2.01,0,train
006634,3,1,0,3,0,1,1,11.521,37.678,0.08,0.053416,0.333,0.213,0.234,0.689,0.561,0.537,2.31,0,train
006635,5,1,1,4,1,0,1,22.691,37.051,0.17,0.008286,0.067,0.106,0.539,0.797,0.345,0.581,2.28,0,train
006636,2,1,0,2,0,0,0,47.54,52.954,0.96,0.029908,0.0,0.0,1.0,0.748,0.113,0.396,1.86,0,validation
006637,11,1,0,10,0,3,0,8.836,29.588,0.66,0.128639,0.333,0.009,0.702,0.787,0.26,0.529,1.57,0,test
006638,8,1,0,8,0,4,2,8.609,18.526,2.14,0.095676,0.5,0.159,0.117,0.704,0.619,0.624,2.71,0,train
006639,14,9,1,13,4,9,1,4.951,24.14,0.43,0.137823,0.524,0.078,0.104,0.724,0.617,0.729,2.27,1,test
006640,8,1,0,8,0,0,0,16.992,48.872,0.24,0.021229,0.125,0.0,0.883,0.827,0.142,0.502,1.91,0,train
006641,1,0,0,1,0,0,0,45.84,45.84,21.9,0.002169,0.0,0.0,1.0,0.757,0.109,0.28,1.59,0,test
006642,10,7,1,9,3,3,0,7.237,36.509,0.17,0.127724,0.333,0.02,0.637,0.795,0.292,0.586,1.92,1,test
006643,4,1,0,4,0,1,0,32.699,47.441,0.68,0.005789,0.333,0.0,0.767,0.66,0.281,0.409,1.84,0,train
006644,5,3,0,4,2,1,1,6.831,18.646,2.32,0.139166,0.2,0.122,0.37,0.797,0.438,0.583,2.07,0,train
006645,3,0,3,0,0,0,0,11.349,17.301,5.26,0.0251,0.0,0.0,1.0,0.94,0.027,0.644,1.85,0,test
006646,4,1,0,4,1,1,1,5.576,23.406,2.74,0.106258,0.25,0.28,0.078,0.72,0.633,0.613,2.45,1,train
006647,5,3,1,4,0,0,0,21.758,38.013,1.22,0.014099,0.133,0.0,0.883,0.801,0.154,0.55,1.84,1,train
006648,12,5,0,12,3,4,2,3.818,25.875,0.12,0.154215,0.389,0.123,0.007,0.73,0.668,0.671,2.45,1,test
006649,8,3,1,7,3,1,1,3.752,26.496,3.26,0.153307,0.292,0.133,0.117,0.813,0.57,0.668,3.06,1,train
006650,3,0,3,0,0,2,1,8.283,24.961,4.48,0.00979,0.778,0.293,0.078,0.706,0.639,0.815,1.77,0,test
006651,4,0,1,3,0,3,0,27.244,36.568,6.1,0.037656,0.75,0.0,0.65,0.606,0.37,0.613,2.08,0,train
006652,1,0,1,0,0,0,0,9.059,9.059,4.74,0.040768,0.333,0.0,0.883,0.869,0.123,0.686,2.6,0,train
006653,1,0,1,0,0,0,0,9.932,9.932,5.17,0.025241,0.0,0.0,1.0,0.947,0.024,0.654,0.51,0,test
006654,2,0,0,2,0,1,0,12.686,13.768,7.65,0.059195,0.667,0.2,0.455,0.683,0.442,0.599,0.73,0,train
006655,9,3,0,9,2,4,1,3.517,31.674,2.88,0.086359,0.37,0.111,0.117,0.815,0.569,0.662,2.49,1,train
006656,1,0,1,0,0,0,0,9.776,9.776,3.52,0.024894,0.0,0.0,1.0,0.948,0.023,0.655,2.78,0,train
006657,5,3,3,2,1,0,0,14.829,27.093,1.39,0.081127,0.2,0.0,0.883,0.838,0.137,0.628,3.08,1,train
006658,6,1,0,4,0,1,1,10.187,24.932,0.4,0.213878,0.278,0.135,0.156,0.696,0.601,0.591,1.58,0,train
006659,6,5,1,5,2,2,1,6.376,18.393,2.51,0.153955,0.333,0.063,0.539,0.8,0.344,0.723,2.18,1,train
006660,13,3,0,12,1,8,2,6.114,26.003,2.26,0.145977,0.462,0.116,0.182,0.801,0.54,0.61,3.08,1,train
006661,1,0,1,0,0,0,0,11.358,11.358,6.77,0.026983,0.0,0.0,1.0,0.94,0.027,0.644,1.69,0,train
006662,9,0,0,9,0,5,0,10.933,23.204,4.61,0.094551,0.519,0.037,0.552,0.775,0.347,0.56,2.88,0,train
006663,8,2,0,8,1,1,0,7.983,24.619,2.16,0.14924,0.25,0.011,0.598,0.708,0.353,0.533,2.05,0,train
006664,5,3,0,5,0,1,0,23.864,39.837,0.77,0.019374,0.2,0.0,0.767,0.707,0.26,0.431,2.05,0,train
006665,7,4,0,7,3,1,2,4.791,20.352,0.5,0.154763,0.238,0.239,0.091,0.725,0.624,0.666,2.3,1,validation
006666,1,0,1,0,0,0,0,8.848,8.848,5.28,0.040485,0.0,0.03,0.981,0.953,0.032,0.663,0.58,0,test
006667,5,1,0,5,0,0,0,13.93,28.707,0.91,0.051222,0.267,0.062,0.682,0.843,0.246,0.539,2.18,0,train
006668,2,1,0,2,0,0,0,31.17,49.185,3.49,0.004432,0.0,0.0,1.0,0.835,0.074,0.372,1.71,0,train
006669,6,5,0,5,3,1,1,3.342,25.201,0.84,0.139162,0.167,0.167,0.117,0.816,0.569,0.575,2.65,1,train
006670,3,2,0,3,2,1,0,8.294,28.247,0.01,0.058465,0.222,0.0,0.767,0.789,0.223,0.69,1.6,1,train
006671,2,2,0,2,0,0,0,43.74,48.398,1.62,0.00183,0.0,0.0,1.0,0.768,0.104,0.374,1.55,0,train
006672,6,5,0,6,4,2,1,6.558,19.487,3.26,0.147989,0.333,0.078,0.461,0.799,0.387,0.585,2.1,1,test
006673,9,1,0,9,1,6,0,7.031,35.791,0.09,0.099912,0.519,0.0,0.65,0.713,0.322,0.689,2.75,1,train
006674,3,0,0,3,0,0,0,23.683,29.075,4.89,0.024108,0.222,0.0,0.883,0.791,0.158,0.449,2.95,0,train
006675,3,1,0,3,1,2,0,12.947,35.853,3.02,0.057862,0.444,0.0,0.767,0.765,0.234,0.516,3.0,0,validation
006676,1,1,1,0,1,0,0,7.811,7.811,2.47,0.03761,0.0,0.0,1.0,0.959,0.019,0.715,0.43,1,test
006677,2,1,0,1,0,0,0,24.116,33.242,2.88,0.007554,0.0,0.0,1.0,0.872,0.057,0.419,1.7,0,validation
006678,10,1,0,10,0,6,3,8.436,16.483,2.08,0.097636,0.533,0.196,0.072,0.705,0.643,0.628,2.79,0,test
006679,8,6,0,8,2,4,1,3.353,27.293,0.24,0.080988,0.542,0.125,0.0,0.732,0.67,0.75,2.83,1,train
006680,2,1,0,2,0,0,0,30.658,41.431,0.68,0.003738,0.0,0.0,1.0,0.838,0.073,0.505,2.02,0,train
006681,3,1,0,3,1,1,0,16.194,20.413,1.06,0.019728,0.222,0.0,0.767,0.748,0.242,0.53,1.98,0,test
006682,15,2,12,3,2,3,0,15.519,26.118,1.49,0.021258,0.267,0.001,0.754,0.751,0.247,0.663,3.02,1,train
006683,2,1,0,2,1,1,0,9.173,26.09,3.27,0.104499,0.333,0.01,0.754,0.785,0.232,0.531,1.85,1,test
006684,7,1,0,7,1,0,0,15.061,34.693,0.13,0.021227,0.095,0.04,0.701,0.837,0.238,0.634,2.54,0,train
006685,1,1,1,0,1,0,0,6.738,6.738,0.61,0.041878,0.0,0.0,1.0,0.964,0.016,0.807,1.94,1,test
006686,4,1,0,4,0,1,0,12.225,40.317,2.05,0.038161,0.333,0.0,0.65,0.685,0.334,0.499,2.97,0,validation
006687,5,0,0,5,0,2,0,9.178,18.624,4.62,0.118496,0.4,0.006,0.747,0.785,0.236,0.521,2.65,0,train
006688,2,0,0,2,0,0,1,5.086,16.33,3.92,0.069314,0.0,0.495,0.357,0.973,0.366,0.625,2.43,0,train
006689,6,1,0,6,0,2,0,25.979,42.038,0.02,0.010796,0.278,0.0,0.767,0.696,0.265,0.561,1.96,0,train
006690,4,0,1,3,0,0,1,13.06,36.301,5.48,0.017445,0.083,0.223,0.305,0.848,0.451,0.564,2.33,0,train
006691,1,1,0,1,1,0,0,21.255,21.255,3.28,0.011345,0.0,0.0,1.0,0.887,0.051,0.448,1.73,0,train
006692,8,5,0,7,3,2,1,6.69,25.75,2.25,0.166754,0.292,0.087,0.442,0.798,0.398,0.589,2.97,1,train
006693,2,0,0,2,0,0,0,29.147,41.519,16.32,0.014948,0.167,0.0,0.883,0.762,0.171,0.412,2.16,0,test
006694,6,6,0,6,4,1,0,7.633,21.221,1.84,0.141503,0.167,0.007,0.741,0.793,0.236,0.555,2.01,1,train
006695,11,6,2,8,4,0,1,4.505,24.824,0.87,0.287556,0.121,0.11,0.233,0.893,0.47,0.653,2.25,1,train
006696,3,0,1,2,0,0,0,21.671,35.136,6.91,0.00684,0.222,0.0,0.883,0.802,0.153,0.602,2.0,0,train
006697,1,0,0,1,0,0,0,45.623,45.623,3.73,0.001934,0.0,0.0,1.0,0.758,0.109,0.28,1.75,0,validation
006698,2,1,0,2,0,0,0,45.747,65.282,1.24,0.007404,0.0,0.0,1.0,0.758,0.109,0.383,1.74,0,train
006699,5,1,0,5,0,1,0,13.261,24.975,0.6,0.078958,0.267,0.0,0.767,0.763,0.235,0.518,2.4,0,train
006700,2,1,1,1,0,0,0,19.376,23.705,2.93,0.018112,0.0,0.0,1.0,0.897,0.046,0.559,1.83,1,validation
006701,1,1,0,1,0,0,0,56.288,56.288,0.92,0.00108,0.0,0.0,1.0,0.702,0.134,0.398,1.66,0,train
006702,3,2,0,3,1,0,0,24.028,30.52,0.94,0.006083,0.111,0.0,0.883,0.789,0.159,0.537,1.85,0,validation
006703,9,6,7,2,6,5,1,4.296,11.699,2.11,0.166876,0.481,0.121,0.02,0.727,0.662,0.772,2.37,1,validation
006704,6,5,6,0,3,0,1,3.289,18.415,1.7,0.089569,0.056,0.157,0.272,0.899,0.446,0.83,2.44,1,train
006705,2,2,0,2,1,0,0,18.653,41.367,3.0,0.012518,0.0,0.0,1.0,0.901,0.044,0.479,1.71,0,train
006706,2,0,0,2,0,0,0,13.88,30.1,6.62,0.036792,0.0,0.0,1.0,0.927,0.033,0.487,2.01,0,train
006707,9,3,0,6,3,2,0,12.502,20.161,1.04,0.054807,0.296,0.0,0.767,0.767,0.233,0.608,2.49,1,train
006708,3,2,0,3,1,0,0,23.714,43.094,0.45,0.006253,0.111,0.0,0.883,0.791,0.158,0.561,1.74,0,train
006709,1,1,0,1,1,0,0,18.668,18.668,2.71,0.012833,0.0,0.0,1.0,0.901,0.044,0.492,1.74,0,test
006710,7,2,0,7,0,4,0,13.583,24.56,0.96,0.058312,0.429,0.0,0.767,0.761,0.236,0.531,2.92,0,train
006711,2,0,0,1,0,0,0,68.685,70.302,12.16,0.001944,0.167,0.0,0.883,0.553,0.265,0.28,2.57,0,train
006712,4,1,0,4,0,1,0,58.642,67.354,1.25,0.007359,0.25,0.0,0.767,0.523,0.343,0.383,1.93,0,test
006713,5,1,0,4,0,1,0,22.798,49.474,0.18,0.021042,0.2,0.0,0.65,0.629,0.359,0.432,2.17,0,test
006714,4,1,0,4,0,1,0,29.976,53.907,0.62,0.009453,0.167,0.0,0.767,0.675,0.275,0.433,2.83,0,train
006715,3,1,0,3,0,0,0,19.282,58.112,0.55,0.167119,0.111,0.107,0.675,0.815,0.262,0.504,1.58,0,train
006716,2,0,0,2,0,0,0,48.379,56.497,6.48,0.004844,0.0,0.0,1.0,0.744,0.115,0.28,1.81,0,validation
006717,5,1,1,4,0,0,1,18.426,32.129,0.59,0.019973,0.0,0.142,0.538,0.902,0.298,0.65,2.26,0,test
006718,8,5,0,8,3,1,1,8.322,29.318,0.57,0.12142,0.333,0.065,0.312,0.706,0.511,0.552,1.93,1,train
006719,3,1,0,3,0,0,0,19.214,21.618,0.68,0.032388,0.222,0.0,0.883,0.815,0.147,0.541,2.52,0,test
006720,3,0,0,3,0,1,1,7.247,17.923,3.88,0.049381,0.333,0.297,0.072,0.712,0.64,0.683,2.22,0,train
006721,14,5,0,14,2,8,2,6.485,24.649,0.06,0.337073,0.524,0.109,0.143,0.716,0.599,0.679,2.55,1,train
006722,1,1,1,0,1,0,0,8.998,8.998,2.71,0.021113,0.0,0.0,1.0,0.952,0.021,0.696,2.86,1,train
006723,5,2,0,5,1,0,0,19.906,44.554,0.98,0.014128,0.067,0.0,0.883,0.811,0.149,0.447,1.61,0,train
006724,4,2,0,4,2,0,1,4.854,15.909,3.31,0.095601,0.083,0.32,0.272,0.891,0.449,0.632,2.3,1,test
006725,7,3,0,7,3,1,1,6.613,17.378,2.88,0.13011,0.286,0.119,0.331,0.798,0.459,0.59,2.15,1,test
006726,8,1,0,7,1,2,2,13.02,29.147,0.08,0.052747,0.292,0.148,0.13,0.681,0.622,0.598,1.57,0,train
006727,2,2,0,2,1,0,0,11.085,25.397,2.79,0.060529,0.0,0.0,1.0,0.941,0.026,0.527,1.86,1,train
006728,10,5,4,6,2,3,1,5.202,27.421,0.18,0.198891,0.267,0.109,0.111,0.722,0.614,0.742,2.25,1,train
006729,3,1,0,3,0,0,0,27.397,49.955,2.1,0.007931,0.0,0.0,1.0,0.855,0.065,0.397,1.9,0,train
006730,1,1,0,1,0,0,0,29.156,29.156,3.2,0.00457,0.0,0.0,1.0,0.846,0.069,0.399,1.68,0,train
006731,8,2,0,8,2,2,1,6.625,22.788,0.58,0.141859,0.417,0.116,0.234,0.715,0.55,0.693,2.19,1,validation
006732,1,1,0,1,1,0,0,11.179,11.179,2.1,0.043201,0.0,0.0,1.0,0.941,0.027,0.569,1.77,1,train
006733,12,1,0,11,0,6,2,6.4,24.568,2.62,0.117504,0.444,0.148,0.026,0.716,0.663,0.678,2.9,0,train
006734,6,3,3,3,2,0,2,5.245,19.437,2.65,0.113982,0.111,0.227,0.344,0.889,0.411,0.756,2.24,1,validation
006735,4,3,0,4,2,0,1,10.419,22.963,1.82,0.094358,0.167,0.212,0.331,0.862,0.43,0.604,1.73,1,test
006736,6,0,0,6,0,2,0,26.185,34.646,3.57,0.009989,0.333,0.05,0.455,0.611,0.475,0.479,2.57,0,test
006737,5,0,1,4,0,2,0,44.405,60.807,6.01,0.003297,0.4,0.0,0.65,0.515,0.411,0.5,1.98,0,train
006738,4,0,0,4,0,2,0,31.708,45.076,13.67,0.053022,0.583,0.058,0.5,0.582,0.463,0.449,2.19,0,test
006739,2,0,0,2,0,0,0,22.74,30.1,4.65,0.008084,0.167,0.0,0.883,0.796,0.156,0.428,1.63,0,train
006740,3,1,0,3,1,0,0,20.745,29.821,0.44,0.010269,0.0,0.0,1.0,0.89,0.049,0.582,1.96,0,test
006741,3,0,1,2,0,1,1,6.192,30.239,4.54,0.269601,0.222,0.333,0.117,0.801,0.576,0.619,2.19,0,test
006742,3,1,0,3,0,0,0,18.848,39.331,1.89,0.039679,0.0,0.03,0.942,0.9,0.077,0.462,2.49,0,validation
006743,6,1,0,6,0,0,0,25.232,46.467,0.79,0.028417,0.167,0.028,0.773,0.783,0.223,0.536,2.22,0,train
006744,4,2,2,2,0,2,1,14.39,51.402,2.91,0.009975,0.417,0.152,0.254,0.674,0.557,0.753,3.1,0,train
006745,5,2,3,2,1,1,1,3.297,18.432,1.54,0.136231,0.267,0.178,0.188,0.816,0.529,0.834,2.28,1,train
006746,8,1,0,8,0,2,2,5.321,14.624,0.42,0.129508,0.375,0.265,0.007,0.722,0.672,0.624,2.69,0,test
006747,4,1,0,4,0,0,0,51.532,68.437,3.02,0.004673,0.083,0.0,0.883,0.644,0.224,0.307,2.2,0,train
006748,2,0,0,2,0,1,0,12.302,29.046,3.58,0.042336,0.333,0.0,0.767,0.768,0.233,0.498,1.76,0,validation
006749,11,5,10,1,4,2,0,4.883,18.114,0.18,0.064674,0.303,0.066,0.578,0.807,0.319,0.783,2.96,1,validation
006750,4,1,1,3,1,0,1,10.92,12.378,0.34,0.062301,0.0,0.193,0.499,0.942,0.301,0.647,3.02,0,test
006751,6,6,0,5,3,1,2,4.841,21.926,2.48,0.164674,0.167,0.297,0.169,0.808,0.544,0.653,2.05,1,test
006752,10,6,3,7,4,5,0,7.975,22.092,1.43,0.13122,0.4,0.001,0.76,0.791,0.226,0.654,1.84,1,train
006753,7,1,0,7,0,3,1,8.802,20.959,1.74,0.044309,0.333,0.123,0.208,0.787,0.532,0.59,2.93,0,validation
006754,8,5,0,7,3,2,0,8.37,27.569,2.29,0.134196,0.292,0.005,0.741,0.789,0.238,0.551,2.98,1,train
006755,6,5,0,6,4,0,1,6.883,27.653,2.17,0.160094,0.111,0.1,0.591,0.88,0.279,0.595,2.01,1,validation
006756,6,0,0,6,0,0,1,28.441,46.114,12.1,0.009808,0.222,0.14,0.337,0.766,0.47,0.484,2.98,0,test
006757,6,1,0,6,1,0,1,24.407,39.475,0.57,0.012991,0.167,0.165,0.24,0.787,0.514,0.551,2.36,0,train
006758,5,1,0,5,1,2,1,4.965,20.172,3.11,0.141871,0.4,0.182,0.175,0.807,0.54,0.638,2.12,1,train
006759,2,1,0,2,0,0,0,41.754,81.396,0.6,0.002249,0.167,0.0,0.883,0.696,0.201,0.434,1.67,0,validation
006760,4,1,1,3,1,2,0,19.938,24.601,0.09,0.124365,0.583,0.0,0.65,0.644,0.352,0.66,1.88,0,train
006761,8,5,5,3,4,2,0,7.188,18.21,0.33,0.092804,0.333,0.021,0.539,0.712,0.383,0.734,2.94,1,validation
006762,4,1,1,3,0,1,0,9.173,39.241,0.2,0.0284,0.333,0.0,0.767,0.785,0.225,0.712,2.18,0,train
006763,2,0,0,2,0,1,0,14.439,21.687,3.8,0.027503,0.333,0.0,0.767,0.757,0.238,0.484,1.74,0,test
006764,6,5,0,6,4,0,2,5.458,26.071,2.19,0.170314,0.0,0.24,0.448,0.971,0.317,0.627,2.11,1,train
006765,11,8,3,8,4,5,1,4.321,21.669,2.36,0.212312,0.364,0.1,0.195,0.81,0.528,0.674,2.11,1,train
006766,8,6,1,7,3,3,0,9.267,34.98,0.21,0.071412,0.333,0.0,0.767,0.784,0.225,0.57,1.84,1,train
006767,3,0,0,3,0,0,0,21.987,27.285,4.7,0.029327,0.222,0.0,0.883,0.8,0.154,0.46,2.91,0,validation
006768,8,5,6,2,3,1,0,6.063,19.594,1.26,0.040842,0.167,0.022,0.702,0.801,0.254,0.778,2.9,1,train
006769,7,0,0,7,0,4,0,14.119,25.297,6.25,0.064148,0.524,0.0,0.767,0.759,0.237,0.513,2.91,0,train
006770,6,1,0,6,1,1,1,17.123,27.518,2.92,0.021464,0.333,0.072,0.487,0.743,0.398,0.501,1.93,0,train
006771,4,1,2,2,0,1,0,24.024,39.135,0.42,0.009449,0.333,0.0,0.65,0.623,0.362,0.64,2.24,0,test
006772,6,5,0,6,4,3,0,7.636,22.141,2.96,0.138332,0.389,0.037,0.624,0.793,0.3,0.567,1.96,1,test
006773,3,0,0,3,0,0,0,32.906,53.485,5.15,0.003529,0.111,0.0,0.883,0.742,0.18,0.361,1.77,0,train
006774,2,1,0,2,0,0,0,26.482,38.509,3.5,0.008558,0.167,0.0,0.883,0.776,0.165,0.403,1.68,0,validation
006775,8,3,0,8,1,3,1,15.119,39.341,0.81,0.02605,0.375,0.071,0.396,0.753,0.443,0.59,2.46,0,validation
006776,2,1,1,1,1,0,0,21.323,24.214,3.4,0.00952,0.0,0.0,1.0,0.887,0.051,0.539,2.01,0,validation
006777,2,0,1,1,0,0,0,26.437,27.918,5.77,0.011782,0.0,0.0,1.0,0.86,0.063,0.544,2.07,0,test
006778,5,2,1,4,1,0,0,11.662,28.668,1.5,0.086387,0.067,0.0,0.883,0.855,0.129,0.626,2.01,1,train
006779,11,8,1,10,3,4,0,8.539,29.823,0.53,0.107037,0.364,0.0,0.767,0.788,0.224,0.655,1.94,1,train
006780,14,3,0,13,1,4,2,8.51,33.956,1.28,0.109664,0.333,0.084,0.182,0.705,0.583,0.625,1.8,0,train
006781,8,5,0,8,4,3,1,3.755,20.153,0.58,0.105506,0.333,0.125,0.117,0.813,0.57,0.651,1.57,1,validation
006782,5,0,0,5,0,0,0,39.687,51.7,6.67,0.007377,0.267,0.0,0.883,0.707,0.196,0.342,3.06,0,train
006783,16,4,1,15,0,11,3,8.953,24.989,0.53,0.089561,0.5,0.119,0.13,0.703,0.612,0.621,2.91,1,train
006784,1,1,0,1,0,0,0,42.177,42.177,3.14,0.00205,0.0,0.0,1.0,0.777,0.1,0.315,1.54,0,train
006785,7,6,5,2,5,2,0,8.557,19.181,0.22,0.121477,0.286,0.006,0.741,0.788,0.238,0.698,3.02,1,validation
006786,2,1,0,2,0,0,0,43.482,75.049,1.04,0.00337,0.167,0.0,0.883,0.686,0.205,0.403,1.69,0,train
006787,6,2,0,6,2,2,0,8.276,30.7,2.46,0.124887,0.333,0.035,0.63,0.79,0.298,0.564,2.23,1,train
006788,7,1,0,7,1,1,0,19.75,40.471,2.94,0.025804,0.238,0.0,0.767,0.729,0.25,0.474,2.41,0,validation
006789,10,1,0,8,1,4,2,6.581,29.808,1.22,0.146079,0.333,0.156,0.072,0.715,0.639,0.607,1.56,0,test
006790,1,1,0,1,0,0,0,27.89,27.89,3.5,0.005445,0.0,0.0,1.0,0.852,0.066,0.394,1.7,0,test
006791,7,0,0,6,0,1,0,26.608,47.885,13.65,0.0175,0.286,0.036,0.488,0.609,0.458,0.503,2.22,0,train
006792,2,0,0,2,0,0,0,38.339,44.411,15.76,0.00534,0.0,0.0,1.0,0.797,0.091,0.324,1.99,0,train
006793,2,0,0,2,0,0,1,12.735,33.255,6.9,0.034097,0.167,0.37,0.402,0.849,0.397,0.554,3.0,0,train
006794,2,1,0,2,0,0,0,41.403,82.661,0.51,0.002089,0.0,0.0,1.0,0.781,0.099,0.441,1.67,0,validation
006795,1,0,1,0,0,0,0,8.525,8.525,3.7,0.028254,0.0,0.0,1.0,0.955,0.02,0.663,0.51,0,train
006796,4,0,0,4,0,2,1,6.124,18.506,3.55,0.131189,0.417,0.18,0.299,0.801,0.475,0.597,2.12,0,train
006797,1,1,0,1,0,0,0,29.196,29.196,2.92,0.005177,0.0,0.0,1.0,0.845,0.07,0.412,1.75,0,validation
006798,10,8,1,9,6,3,2,4.889,17.068,2.04,0.11945,0.333,0.192,0.13,0.807,0.565,0.75,2.29,1,train
006799,1,1,1,0,1,0,0,8.399,8.399,3.14,0.022486,0.0,0.0,1.0,0.956,0.02,0.68,0.38,1,train
006800,7,5,5,2,5,3,0,5.68,11.63,0.48,0.081197,0.381,0.027,0.643,0.803,0.285,0.783,3.06,1,train
006801,17,3,13,4,2,5,0,10.919,29.603,0.72,0.013278,0.235,0.011,0.682,0.776,0.276,0.765,2.68,1,train
006802,3,0,1,2,0,0,0,24.29,32.873,3.54,0.019577,0.111,0.0,0.883,0.788,0.16,0.44,3.13,0,train
006803,2,1,0,2,0,0,0,32.838,42.521,1.61,0.010277,0.0,0.0,1.0,0.826,0.078,0.366,1.99,0,train
006804,1,1,1,0,1,0,0,8.551,8.551,1.6,0.023906,0.333,0.0,0.883,0.871,0.122,0.777,0.17,1,train
006805,10,4,0,9,2,6,2,8.012,21.55,0.16,0.066042,0.6,0.165,0.162,0.708,0.592,0.656,3.04,0,train
006806,3,0,0,3,0,0,0,14.062,23.862,3.61,0.025373,0.111,0.0,0.883,0.842,0.135,0.486,1.8,0,test
006807,1,0,1,0,0,0,0,9.173,9.173,5.31,0.032093,0.0,0.0,1.0,0.951,0.022,0.659,2.41,0,test
006808,4,2,0,4,1,0,0,11.354,23.167,0.92,0.07731,0.0,0.0,1.0,0.94,0.027,0.558,1.92,0,validation
006809,2,0,1,1,0,0,0,13.722,18.268,4.22,0.050852,0.167,0.0,0.883,0.844,0.134,0.595,1.95,0,train
006810,9,5,1,8,3,1,1,3.825,23.471,0.56,0.100605,0.185,0.11,0.123,0.813,0.566,0.66,2.39,1,train
006811,3,1,0,3,0,1,1,11.989,38.827,1.91,0.039827,0.333,0.25,0.162,0.687,0.602,0.64,2.31,0,validation
006812,3,1,0,3,1,0,0,19.794,23.031,2.3,0.016799,0.111,0.0,0.883,0.812,0.149,0.503,1.7,0,train
006813,13,2,11,2,1,2,0,18.539,27.561,2.22,0.013586,0.231,0.0,0.767,0.735,0.247,0.609,3.09,1,train
006814,11,8,2,9,4,2,1,3.698,27.387,2.07,0.18979,0.273,0.102,0.117,0.814,0.57,0.66,2.41,1,train
006815,2,0,0,2,0,0,0,12.301,16.458,3.92,0.080635,0.167,0.045,0.825,0.852,0.163,0.505,2.34,0,test
006816,2,1,0,1,1,0,0,17.533,30.344,3.3,0.011585,0.0,0.0,1.0,0.907,0.042,0.392,1.66,0,train
006817,7,1,0,7,1,3,1,6.864,28.756,2.82,0.127041,0.333,0.09,0.357,0.797,0.445,0.585,2.22,1,train
006818,4,3,2,2,3,2,0,6.339,14.478,1.17,0.090025,0.5,0.08,0.442,0.716,0.435,0.783,2.23,1,train
006819,2,1,1,1,1,1,0,9.601,28.999,0.12,0.025495,0.5,0.0,0.65,0.699,0.328,0.891,1.87,1,test
006820,11,2,0,11,1,3,2,6.633,27.619,0.86,0.050826,0.212,0.152,0.214,0.798,0.523,0.604,2.31,0,test
006821,2,1,0,2,0,0,0,47.53,53.39,0.08,0.006551,0.167,0.0,0.883,0.665,0.215,0.436,1.86,0,validation
006822,8,7,1,6,5,1,0,6.444,18.57,2.59,0.250457,0.292,0.0,0.767,0.799,0.219,0.678,2.56,1,test
006823,3,1,0,3,0,1,0,26.158,48.847,0.63,0.005096,0.222,0.0,0.767,0.695,0.266,0.537,1.99,0,validation
006824,5,1,0,5,0,0,0,38.355,43.877,0.59,0.010608,0.2,0.0,0.883,0.714,0.193,0.456,2.19,0,train
006825,3,1,3,0,1,0,0,8.057,15.466,2.97,0.022632,0.0,0.0,1.0,0.957,0.019,0.691,2.79,1,validation
006826,6,1,0,4,1,1,0,22.631,47.725,0.23,0.006907,0.222,0.0,0.767,0.714,0.257,0.579,1.94,0,train
006827,2,0,1,1,0,0,0,14.863,19.375,3.94,0.039517,0.167,0.0,0.883,0.838,0.137,0.587,1.91,0,train
006828,8,6,8,0,6,2,0,7.071,14.289,0.34,0.060862,0.292,0.026,0.514,0.713,0.397,0.768,2.96,1,train
006829,4,1,0,4,0,2,0,14.695,39.044,0.29,0.034068,0.5,0.033,0.566,0.672,0.386,0.482,2.24,0,train
006830,1,1,1,0,1,0,0,7.679,7.679,0.38,0.023913,0.0,0.0,1.0,0.959,0.018,0.811,1.52,1,train
006831,7,1,0,7,0,0,0,37.721,50.553,3.36,0.009088,0.238,0.0,0.883,0.717,0.192,0.329,2.11,0,test
006832,9,6,5,4,5,6,0,6.648,20.517,1.98,0.043095,0.519,0.002,0.754,0.798,0.226,0.768,2.79,1,validation
006833,20,4,1,19,1,15,2,7.809,26.125,1.71,0.09842,0.55,0.065,0.117,0.709,0.617,0.626,2.97,1,train
006834,7,1,0,7,0,1,0,32.669,45.673,3.01,0.011907,0.381,0.016,0.579,0.577,0.422,0.451,2.21,0,train
006835,6,2,4,2,2,0,2,9.041,16.412,3.2,0.113666,0.111,0.17,0.539,0.869,0.313,0.672,2.45,1,train
006836,4,1,0,4,0,0,0,14.864,39.6,0.49,0.047101,0.167,0.077,0.682,0.838,0.248,0.532,2.16,0,train
006837,5,4,2,3,3,2,0,14.128,28.219,2.07,0.014794,0.267,0.0,0.767,0.759,0.237,0.672,1.86,1,validation
006838,7,1,1,6,1,2,0,10.352,40.224,0.73,0.315598,0.238,0.0,0.767,0.779,0.228,0.546,2.61,0,train
006839,2,1,0,2,0,0,0,34.387,38.509,0.02,0.012849,0.0,0.0,1.0,0.818,0.082,0.455,2.08,0,validation
006840,4,1,0,4,0,0,0,27.126,42.529,0.13,0.005443,0.0,0.0,1.0,0.856,0.065,0.519,2.03,0,test
006841,3,1,0,3,0,2,0,38.4,60.606,0.05,0.004983,0.556,0.0,0.65,0.547,0.396,0.482,1.95,0,validation
006842,11,1,2,9,0,0,0,7.76,38.141,2.26,0.159616,0.212,0.024,0.727,0.876,0.206,0.626,3.01,0,train
006843,9,5,2,7,2,0,1,5.765,31.335,2.35,0.10739,0.037,0.107,0.259,0.886,0.459,0.618,1.9,1,train
006844,9,2,0,9,1,5,0,6.628,34.816,2.87,0.161342,0.444,0.021,0.643,0.798,0.287,0.578,2.1,1,train
006845,10,0,0,10,0,7,1,10.761,20.705,4.82,0.086521,0.6,0.054,0.423,0.693,0.456,0.563,2.9,0,validation
006846,7,6,0,7,3,2,2,3.856,23.514,0.14,0.088827,0.238,0.271,0.123,0.813,0.566,0.656,2.36,1,train
006847,7,6,6,1,5,5,2,3.5,15.469,2.1,0.05888,0.667,0.226,0.13,0.731,0.599,0.851,2.43,1,train
006848,4,2,0,4,1,1,1,5.891,17.59,3.27,0.128934,0.167,0.18,0.299,0.802,0.475,0.609,2.18,1,validation
006849,5,0,1,4,0,2,0,41.377,58.018,5.96,0.00387,0.4,0.0,0.65,0.531,0.404,0.508,2.01,0,validation
006850,2,1,0,2,1,0,0,8.954,10.703,3.36,0.112596,0.333,0.065,0.799,0.869,0.169,0.553,2.05,1,validation
006851,4,1,0,4,0,0,0,16.64,40.269,0.35,0.09128,0.083,0.0,0.883,0.829,0.141,0.497,1.79,0,test
006852,3,0,0,3,0,1,0,35.626,50.934,3.54,0.003503,0.222,0.0,0.767,0.645,0.288,0.342,2.07,0,train
006853,9,1,0,8,0,2,1,8.653,24.681,0.8,0.133206,0.259,0.107,0.208,0.788,0.531,0.557,1.56,0,validation
006854,5,1,0,5,0,2,0,17.829,37.666,2.53,0.016564,0.267,0.0,0.767,0.739,0.246,0.461,2.14,0,train
006855,3,0,0,3,0,1,0,25.062,54.251,5.0,0.055325,0.444,0.0,0.65,0.617,0.365,0.44,1.96,0,validation
006856,6,1,0,5,0,0,0,8.282,28.261,0.59,0.188715,0.167,0.02,0.805,0.873,0.164,0.521,1.57,0,train
006857,6,1,0,5,0,0,0,12.86,39.029,1.42,0.071082,0.056,0.003,0.87,0.849,0.139,0.496,2.13,0,train
006858,5,0,0,5,0,1,0,12.88,24.063,4.94,0.102993,0.333,0.044,0.624,0.765,0.313,0.521,2.99,0,test
006859,9,0,2,7,0,0,0,16.746,40.53,5.19,0.047052,0.148,0.036,0.675,0.828,0.256,0.549,1.96,0,train
006860,2,1,0,1,0,0,0,13.005,21.959,2.85,0.037456,0.0,0.0,1.0,0.931,0.031,0.493,1.83,0,test
006861,1,0,1,0,0,0,0,9.998,9.998,5.28,0.027115,0.333,0.0,0.883,0.864,0.125,0.68,2.49,0,train
006862,10,1,0,9,0,2,1,5.565,29.106,0.79,0.05896,0.233,0.122,0.136,0.804,0.563,0.62,1.57,0,test
006863,5,2,0,5,1,1,0,24.206,40.953,0.45,0.005773,0.2,0.0,0.767,0.705,0.261,0.553,1.9,0,train
006864,10,0,0,10,0,7,1,8.116,19.685,4.83,0.085406,0.533,0.105,0.162,0.79,0.555,0.6,2.91,0,train
006865,1,1,0,1,0,0,0,68.854,68.854,3.41,0.000667,0.0,0.0,1.0,0.635,0.164,0.284,1.61,0,validation
006866,6,2,0,6,2,0,2,5.526,14.538,3.08,0.13849,0.167,0.28,0.331,0.887,0.419,0.619,2.21,1,train
006867,7,1,0,7,1,0,3,5.947,27.27,1.64,0.052642,0.048,0.347,0.279,0.885,0.448,0.615,3.03,0,train
006868,7,7,0,6,4,4,1,3.761,23.19,2.59,0.240785,0.429,0.143,0.117,0.813,0.57,0.666,2.34,1,test
006869,4,0,0,4,0,1,1,7.315,18.536,4.27,0.101909,0.25,0.177,0.305,0.795,0.475,0.588,2.27,0,train
006870,8,3,0,8,2,2,1,6.115,32.63,2.86,0.168757,0.292,0.069,0.409,0.801,0.415,0.607,2.06,1,train
006871,5,1,0,5,0,1,1,13.701,22.366,3.47,0.031277,0.2,0.148,0.286,0.761,0.501,0.548,2.18,0,validation
006872,7,6,6,1,5,1,1,6.954,18.745,0.2,0.370581,0.095,0.076,0.422,0.797,0.409,0.756,2.29,1,validation
006873,1,1,1,0,1,0,0,11.401,11.401,0.13,0.008758,0.0,0.0,1.0,0.94,0.027,0.798,1.57,1,train
006874,3,1,0,3,0,0,0,25.293,45.614,3.5,0.031918,0.0,0.0,1.0,0.866,0.06,0.411,1.95,0,validation
006875,2,1,0,2,0,0,0,45.889,47.1,0.0,0.006313,0.0,0.0,1.0,0.757,0.109,0.44,1.95,0,train
006876,4,2,0,3,0,1,0,31.891,56.492,0.38,0.010905,0.25,0.0,0.65,0.581,0.381,0.423,2.17,0,validation
006877,6,1,0,6,1,0,1,7.011,45.416,0.1,0.099473,0.0,0.073,0.72,0.963,0.17,0.689,2.36,1,train
006878,5,4,5,0,4,0,0,9.552,15.604,0.43,0.012005,0.067,0.0,0.883,0.866,0.124,0.767,2.6,1,train
006879,9,4,1,8,2,4,1,6.003,25.449,1.44,0.087614,0.37,0.132,0.208,0.802,0.525,0.727,2.72,1,validation
006880,2,0,0,2,0,0,0,29.529,41.266,4.05,0.005062,0.0,0.0,1.0,0.844,0.07,0.383,1.72,0,test
006881,6,4,2,4,4,2,2,4.364,16.217,2.19,0.078399,0.278,0.242,0.143,0.81,0.557,0.772,2.67,1,validation
006882,5,4,1,4,1,0,0,7.468,30.749,0.95,0.172351,0.067,0.018,0.825,0.877,0.152,0.555,1.81,1,train
006883,3,1,0,3,0,0,0,27.446,47.95,0.58,0.004751,0.111,0.0,0.883,0.771,0.167,0.531,1.56,0,test
006884,2,1,0,2,0,0,0,46.426,61.702,1.22,0.010452,0.0,0.0,1.0,0.754,0.111,0.384,1.77,0,validation
006885,7,0,0,7,0,4,1,11.254,29.04,5.14,0.078429,0.429,0.06,0.494,0.774,0.38,0.539,1.76,0,test
006886,10,0,2,8,0,1,1,14.798,39.982,5.43,0.034794,0.233,0.071,0.189,0.672,0.594,0.618,2.08,0,train
006887,4,0,1,3,0,0,0,29.689,49.794,15.6,0.011642,0.167,0.0,0.883,0.759,0.172,0.42,2.15,0,train
006888,2,1,0,2,0,0,0,11.963,27.194,0.62,0.046389,0.167,0.0,0.883,0.853,0.13,0.5,2.95,0,validation
006889,9,2,0,9,1,3,1,10.025,29.601,0.88,0.087701,0.37,0.049,0.481,0.78,0.385,0.524,1.57,1,validation
006890,2,0,0,2,0,0,0,31.417,43.324,3.6,0.004324,0.0,0.0,1.0,0.834,0.075,0.371,1.69,0,train
006891,3,0,0,3,0,1,1,6.23,16.508,3.8,0.090129,0.333,0.29,0.085,0.717,0.631,0.688,2.14,0,train
006892,1,1,1,0,1,0,0,9.506,9.506,3.0,0.018068,0.0,0.0,1.0,0.95,0.023,0.679,2.44,1,train
006893,1,0,0,1,0,0,0,74.701,74.701,11.63,0.000571,0.0,0.0,1.0,0.605,0.178,0.28,1.51,0,validation
006894,12,4,11,0,1,0,0,12.998,26.013,0.27,0.012201,0.139,0.0,0.883,0.848,0.133,0.762,2.74,1,train
006895,5,1,0,5,0,0,1,12.726,27.732,0.89,0.040214,0.267,0.13,0.461,0.849,0.364,0.574,2.24,0,train
006896,2,1,0,2,0,0,0,21.234,36.752,3.38,0.027846,0.0,0.0,1.0,0.888,0.051,0.438,1.76,0,test
006897,9,4,0,9,2,5,1,9.018,20.857,2.47,0.088628,0.407,0.068,0.37,0.786,0.443,0.564,2.98,1,test
006898,1,0,0,1,0,0,0,47.668,47.668,26.58,0.002311,0.0,0.0,1.0,0.748,0.114,0.28,1.58,0,train
006899,4,0,0,3,0,0,0,12.023,29.08,4.69,0.018567,0.0,0.0,1.0,0.936,0.029,0.473,1.71,0,test
006900,2,1,0,1,0,0,0,22.745,31.864,2.76,0.008685,0.0,0.0,1.0,0.88,0.054,0.428,1.72,0,train
006901,1,0,0,1,0,0,0,44.992,44.992,15.44,0.004782,0.333,0.0,0.883,0.678,0.209,0.307,0.16,0,train
006902,11,2,0,11,1,0,1,7.815,28.995,0.67,0.113923,0.152,0.075,0.513,0.875,0.324,0.579,2.25,0,train
006903,1,1,1,0,1,0,0,7.6,7.6,0.87,0.033607,0.0,0.0,1.0,0.96,0.018,0.79,0.17,1,train
006904,11,8,1,10,5,4,2,3.219,24.279,0.15,0.166369,0.333,0.166,0.117,0.816,0.569,0.713,2.53,1,train
006905,2,2,0,2,2,1,0,15.821,19.525,3.12,0.018317,0.333,0.0,0.767,0.75,0.241,0.492,1.72,1,validation
006906,3,1,0,3,0,1,1,21.843,42.975,0.72,0.021305,0.333,0.163,0.332,0.634,0.532,0.554,2.25,0,train
006907,6,0,0,5,0,0,1,21.534,44.21,5.44,0.102314,0.167,0.098,0.5,0.803,0.364,0.404,1.5,0,train
006908,9,5,8,1,4,1,1,5.36,16.212,1.57,0.059637,0.148,0.05,0.474,0.805,0.377,0.732,2.1,1,train
006909,5,0,0,5,0,2,0,12.67,21.197,4.14,0.062595,0.467,0.0,0.767,0.766,0.234,0.528,3.05,0,test
006910,9,1,2,7,1,2,2,3.096,24.114,2.95,0.03916,0.259,0.154,0.0,0.734,0.67,0.665,2.85,1,train
006911,8,2,1,7,0,3,0,13.746,40.974,0.05,0.01363,0.375,0.0,0.767,0.761,0.236,0.628,2.51,0,test
006912,3,1,1,2,1,0,0,7.991,30.388,3.25,0.124722,0.0,0.06,0.883,0.958,0.083,0.678,2.05,1,train
006913,6,1,0,4,0,2,0,32.071,48.829,0.26,0.005994,0.333,0.0,0.65,0.58,0.381,0.446,2.17,0,test
006914,4,2,0,4,2,1,1,6.002,9.266,2.61,0.126618,0.25,0.22,0.357,0.802,0.443,0.599,2.07,1,validation
006915,3,0,0,3,0,0,1,9.043,29.045,3.79,0.095077,0.0,0.27,0.473,0.952,0.311,0.571,2.33,0,train
006916,4,0,2,2,0,0,0,9.062,18.483,5.58,0.056036,0.25,0.053,0.773,0.869,0.184,0.689,2.04,0,train
006917,5,5,0,5,4,3,0,12.193,21.537,2.77,0.040057,0.4,0.0,0.767,0.769,0.232,0.541,1.76,1,train
006918,2,1,0,2,1,0,0,19.586,45.807,0.5,0.009448,0.0,0.0,1.0,0.896,0.047,0.587,1.57,0,validation
006919,6,0,3,2,0,1,0,14.427,25.407,7.89,0.03534,0.222,0.05,0.455,0.674,0.447,0.59,2.7,0,train
006920,6,3,0,6,3,0,2,3.935,17.702,2.5,0.158692,0.111,0.277,0.266,0.896,0.451,0.675,2.19,1,train
006921,2,2,0,2,0,0,0,49.499,53.529,1.38,0.001351,0.0,0.0,1.0,0.738,0.118,0.377,1.54,0,test
006922,10,0,0,10,0,4,1,4.366,19.107,3.74,0.150052,0.367,0.107,0.117,0.81,0.571,0.631,2.61,0,test
006923,6,1,1,5,0,0,0,20.792,33.974,0.05,0.01137,0.056,0.0,0.883,0.807,0.151,0.581,2.21,0,train
006924,1,0,0,1,0,0,0,80.671,80.671,12.02,0.0005,0.0,0.0,1.0,0.573,0.192,0.28,1.5,0,train
006925,9,6,8,1,5,3,1,3.96,15.589,0.19,0.330354,0.222,0.111,0.117,0.812,0.57,0.74,2.27,1,validation
006926,15,5,2,13,3,11,1,6.624,23.753,0.05,0.059779,0.6,0.047,0.234,0.715,0.55,0.727,2.36,1,test
006927,9,4,0,7,2,6,0,9.025,22.195,0.08,0.121094,0.63,0.007,0.611,0.702,0.348,0.605,2.94,1,test
006928,9,1,0,9,0,1,1,11.99,25.623,0.35,0.07595,0.222,0.113,0.286,0.77,0.496,0.556,1.57,0,validation
006929,11,5,1,10,3,2,2,5.092,31.471,0.35,0.15471,0.303,0.139,0.214,0.806,0.519,0.639,2.15,1,train
006930,2,1,0,2,0,0,0,42.389,51.345,0.27,0.002027,0.0,0.0,1.0,0.776,0.101,0.428,1.65,0,train
006931,1,0,0,1,0,0,0,63.341,63.341,5.63,0.00091,0.0,0.0,1.0,0.665,0.151,0.28,1.65,0,train
006932,16,11,1,15,8,9,2,3.134,19.928,0.07,0.097868,0.562,0.139,0.0,0.733,0.67,0.741,2.82,1,train
006933,3,1,0,3,1,1,0,19.613,21.854,0.1,0.022388,0.222,0.0,0.767,0.729,0.25,0.595,2.06,0,train
006934,1,1,0,1,1,0,0,17.443,17.443,3.02,0.017075,0.0,0.0,1.0,0.908,0.042,0.486,1.78,0,train
006935,3,3,3,0,3,0,1,4.061,7.641,2.5,0.119398,0.0,0.23,0.552,0.979,0.256,0.794,2.19,1,train
006936,7,7,0,6,3,5,0,6.739,24.755,2.57,0.175054,0.476,0.039,0.591,0.798,0.316,0.599,1.95,1,train
006937,10,6,8,2,4,2,0,5.955,17.577,0.51,0.052535,0.2,0.026,0.689,0.802,0.26,0.779,2.88,1,train
006938,2,2,0,2,1,0,0,12.575,20.719,2.88,0.045699,0.0,0.0,1.0,0.933,0.03,0.508,1.87,0,train
006939,5,2,0,5,1,0,1,9.467,25.786,2.48,0.24619,0.133,0.072,0.649,0.867,0.253,0.543,2.15,0,train
006940,3,1,0,3,0,0,0,33.421,42.301,0.06,0.00874,0.0,0.0,1.0,0.823,0.08,0.456,2.03,0,train
006941,1,0,1,0,0,0,0,8.83,8.83,3.76,0.025064,0.0,0.0,1.0,0.953,0.021,0.661,0.59,0,train
006942,13,4,1,12,1,6,4,7.895,24.623,0.11,0.114438,0.436,0.195,0.072,0.708,0.642,0.624,2.85,1,test
006943,8,5,0,8,4,1,1,6.305,22.249,0.58,0.137503,0.292,0.087,0.312,0.8,0.469,0.609,1.57,1,train
006944,7,0,0,6,0,1,1,24.152,45.246,13.8,0.008105,0.333,0.114,0.13,0.622,0.649,0.563,2.3,0,test
006945,6,2,0,6,1,0,0,13.928,28.39,0.06,0.023239,0.278,0.0,0.883,0.843,0.135,0.572,2.53,0,train
006946,3,2,0,2,0,0,0,27.739,43.371,0.89,0.006331,0.111,0.0,0.883,0.77,0.168,0.426,1.86,0,train
006947,2,2,0,1,0,0,0,27.007,36.132,2.95,0.004318,0.0,0.0,1.0,0.857,0.064,0.327,1.78,0,validation
006948,8,1,0,8,0,3,0,10.838,34.511,2.15,0.104466,0.375,0.04,0.559,0.776,0.344,0.533,2.98,0,train
006949,2,0,0,2,0,0,0,24.085,34.729,6.68,0.036411,0.167,0.0,0.883,0.789,0.159,0.419,1.88,0,train
006950,7,1,0,7,0,2,1,9.953,29.797,2.0,0.068063,0.333,0.104,0.292,0.781,0.488,0.572,2.94,0,train
006951,1,1,1,0,1,0,0,8.918,8.918,1.87,0.02056,0.0,0.0,1.0,0.953,0.021,0.735,2.92,1,test
006952,14,6,1,13,3,8,2,4.343,23.609,0.0,0.128213,0.548,0.111,0.052,0.727,0.644,0.742,2.64,1,validation
006953,10,1,0,8,1,2,0,12.704,31.839,0.12,0.040543,0.233,0.03,0.572,0.766,0.341,0.625,1.56,0,train
006954,4,1,0,4,0,0,0,29.684,46.605,0.48,0.00718,0.167,0.0,0.883,0.76,0.172,0.418,1.84,0,train
006955,1,1,1,0,1,0,0,8.354,8.354,0.49,0.023217,0.0,0.0,1.0,0.956,0.02,0.802,0.06,1,train
006956,5,2,0,5,1,1,1,16.618,33.199,0.15,0.008102,0.133,0.18,0.182,0.745,0.565,0.55,2.26,0,train
006957,7,1,4,3,1,1,1,14.24,27.346,0.09,0.019186,0.238,0.053,0.526,0.758,0.37,0.641,2.51,0,train
006958,6,2,0,6,2,4,0,14.413,34.716,2.16,0.060895,0.444,0.0,0.767,0.757,0.238,0.545,2.14,1,validation
006959,4,1,0,4,0,0,1,12.496,25.974,0.79,0.039634,0.25,0.177,0.422,0.851,0.385,0.58,2.25,0,validation
006960,8,2,0,8,1,2,0,11.344,31.979,3.02,0.084726,0.375,0.006,0.734,0.773,0.248,0.539,3.0,0,train
006961,6,2,0,6,0,1,1,4.24,26.395,2.16,0.067455,0.167,0.167,0.117,0.811,0.571,0.632,2.67,0,test
006962,4,1,2,2,0,1,0,43.929,55.619,0.38,0.002274,0.333,0.0,0.65,0.517,0.41,0.507,1.96,0,train
006963,6,1,0,6,0,0,1,36.112,47.721,2.57,0.012404,0.222,0.095,0.513,0.725,0.391,0.382,2.23,0,train
006964,5,1,0,4,0,0,0,30.425,51.945,0.28,0.010414,0.067,0.0,0.883,0.756,0.174,0.436,2.13,0,validation
006965,2,0,0,2,0,0,1,8.581,12.678,5.06,0.101328,0.0,0.315,0.591,0.955,0.246,0.573,2.1,0,validation
006966,2,2,0,2,0,0,0,45.626,50.117,1.54,0.001639,0.0,0.0,1.0,0.758,0.109,0.37,1.54,0,train
006967,6,3,0,6,0,2,1,15.996,32.343,0.08,0.015069,0.222,0.135,0.24,0.749,0.531,0.538,2.47,0,train
006968,9,5,1,7,4,1,1,4.08,19.935,1.98,0.097982,0.259,0.111,0.117,0.812,0.571,0.657,2.74,1,test
006969,3,0,3,0,0,0,1,10.609,16.397,5.24,0.021679,0.0,0.18,0.649,0.944,0.218,0.692,1.87,0,validation
006970,7,1,0,7,1,3,0,7.011,41.409,0.1,0.099343,0.333,0.001,0.76,0.796,0.224,0.689,2.69,1,train
006971,5,0,4,0,0,3,0,16.46,22.071,5.81,0.009911,0.667,0.0,0.65,0.663,0.344,0.69,2.0,0,train
006972,5,0,0,5,0,2,1,6.043,15.056,4.53,0.155938,0.467,0.266,0.033,0.718,0.659,0.616,2.51,0,train
006973,5,2,0,5,1,1,0,23.976,39.184,0.52,0.009077,0.2,0.0,0.767,0.706,0.26,0.555,1.96,0,train
006974,2,0,0,2,0,0,0,51.753,65.769,7.94,0.001867,0.0,0.0,1.0,0.726,0.123,0.28,2.03,0,validation
006975,3,2,0,3,1,0,0,13.952,33.305,0.57,0.02398,0.111,0.0,0.883,0.843,0.135,0.621,1.94,0,validation
006976,1,0,0,1,0,0,0,43.74,43.74,7.74,0.003771,0.333,0.0,0.883,0.685,0.206,0.315,2.96,0,train
006977,2,1,0,2,0,0,0,48.073,53.792,0.22,0.001516,0.0,0.0,1.0,0.745,0.115,0.43,1.64,0,train
006978,7,1,0,5,1,2,1,9.78,35.306,1.84,0.335556,0.286,0.127,0.188,0.782,0.545,0.519,1.55,0,train
006979,7,6,0,7,4,2,1,5.712,25.455,2.47,0.130902,0.286,0.109,0.273,0.803,0.489,0.614,2.13,1,train
006980,14,11,14,0,10,2,3,4.436,14.273,0.14,0.129449,0.214,0.101,0.299,0.727,0.509,0.811,3.06,1,test
006981,1,1,0,1,0,0,0,39.233,39.233,1.02,0.002249,0.333,0.0,0.883,0.709,0.195,0.458,1.58,0,train
006982,6,0,0,6,0,3,1,12.435,30.156,8.42,0.019448,0.389,0.14,0.221,0.768,0.533,0.564,1.8,0,train
006983,6,0,0,6,0,1,0,17.152,36.467,7.84,0.04342,0.222,0.0,0.767,0.743,0.244,0.466,2.11,0,train
006984,6,1,0,6,1,0,1,7.021,37.208,0.09,0.09998,0.056,0.138,0.344,0.879,0.415,0.689,2.77,1,train
006985,7,2,1,6,0,2,1,13.652,43.981,1.8,0.147569,0.286,0.1,0.312,0.761,0.486,0.629,2.83,0,validation
006986,2,1,0,1,0,0,0,14.019,23.101,2.3,0.020071,0.0,0.0,1.0,0.926,0.033,0.42,1.89,0,train
006987,6,0,0,6,0,2,2,6.435,19.555,4.59,0.08999,0.389,0.262,0.104,0.716,0.621,0.604,2.94,0,test
006988,2,2,0,2,2,0,0,7.681,11.288,2.62,0.121061,0.167,0.055,0.812,0.876,0.159,0.578,1.82,1,test
006989,5,1,0,5,0,1,0,21.993,33.531,1.98,0.013944,0.333,0.0,0.767,0.717,0.256,0.475,1.96,0,validation
006990,7,6,0,7,5,1,1,5.474,25.606,1.84,0.347926,0.333,0.131,0.169,0.804,0.545,0.676,2.11,1,test
006991,6,2,0,6,1,1,2,6.579,24.896,2.71,0.195514,0.222,0.257,0.201,0.799,0.53,0.602,2.32,0,test
006992,13,3,0,13,1,10,1,9.031,29.562,2.04,0.088011,0.538,0.078,0.111,0.702,0.623,0.606,3.11,1,validation
006993,7,2,0,7,1,2,0,7.021,41.527,0.09,0.099816,0.19,0.0,0.767,0.796,0.22,0.689,2.93,1,train
006994,4,3,3,1,2,0,0,21.256,28.433,0.55,0.003194,0.083,0.0,0.883,0.804,0.152,0.663,2.1,1,train
006995,6,3,0,6,1,0,0,20.016,37.127,2.06,0.016499,0.167,0.0,0.883,0.811,0.149,0.45,2.46,0,train
006996,5,3,0,5,0,1,0,13.218,25.156,3.31,0.035185,0.267,0.0,0.767,0.763,0.235,0.519,1.97,0,train
006997,5,3,2,3,2,2,1,4.752,23.911,0.43,0.12188,0.4,0.172,0.234,0.725,0.545,0.844,3.01,1,test
006998,5,1,0,5,0,0,0,8.381,39.185,0.02,0.155998,0.067,0.026,0.799,0.872,0.168,0.539,2.04,0,train
006999,2,1,0,2,0,0,0,30.505,37.708,0.16,0.005308,0.167,0.0,0.883,0.755,0.174,0.433,1.82,0,validation
007000,9,5,2,7,1,0,1,7.139,33.393,2.23,0.096218,0.037,0.081,0.409,0.879,0.38,0.591,1.85,1,train
007001,5,2,0,4,1,1,0,22.863,48.12,0.38,0.00676,0.267,0.0,0.767,0.712,0.258,0.57,1.9,0,train
007002,3,0,0,3,0,1,0,9.769,16.964,3.63,0.11075,0.333,0.0,0.767,0.782,0.227,0.533,1.99,0,train
007003,9,4,0,9,3,5,3,5.555,21.006,2.58,0.359377,0.444,0.228,0.072,0.721,0.636,0.64,2.8,1,train
007004,6,0,2,4,0,2,1,20.774,31.642,5.97,0.015956,0.278,0.085,0.435,0.723,0.435,0.604,2.74,0,train
007005,9,1,0,9,0,4,2,10.006,23.747,3.35,0.056752,0.407,0.141,0.136,0.697,0.611,0.618,2.94,0,train
007006,4,1,1,3,1,2,0,9.192,24.648,0.2,0.060658,0.333,0.0,0.767,0.785,0.225,0.67,2.08,1,validation
007007,7,1,0,7,1,0,1,7.011,44.97,0.1,0.09942,0.0,0.081,0.636,0.963,0.217,0.689,2.48,1,test
007008,3,0,0,3,0,0,0,36.484,47.271,5.35,0.003628,0.0,0.0,1.0,0.807,0.087,0.337,1.83,0,train
007009,1,1,0,1,0,0,0,31.322,31.322,0.33,0.00303,0.0,0.0,1.0,0.834,0.075,0.516,1.58,0,train
007010,4,0,0,4,0,0,0,15.489,25.746,3.97,0.063642,0.25,0.058,0.734,0.835,0.221,0.522,2.73,0,train
007011,10,5,0,10,4,1,2,3.508,22.783,3.15,0.17011,0.3,0.185,0.117,0.815,0.569,0.646,2.72,1,test
007012,5,2,0,5,0,1,0,22.365,36.239,0.0,0.021381,0.2,0.0,0.767,0.715,0.257,0.544,2.07,0,train
007013,7,2,0,7,0,2,1,17.614,45.068,0.45,0.114789,0.286,0.14,0.13,0.74,0.596,0.541,2.67,0,validation
007014,9,3,0,9,1,2,0,10.444,33.408,3.04,0.086403,0.333,0.036,0.559,0.778,0.343,0.545,2.99,0,train
007015,12,1,0,10,0,2,1,10.755,28.993,0.76,0.043674,0.333,0.074,0.072,0.693,0.649,0.653,1.57,0,train
007016,7,5,4,3,4,2,1,5.924,17.971,0.37,0.150652,0.381,0.12,0.156,0.719,0.591,0.743,2.89,1,validation
007017,1,0,1,0,0,0,0,8.801,8.801,3.94,0.031192,0.0,0.0,1.0,0.953,0.021,0.661,2.66,0,train
007018,6,3,6,0,3,0,0,5.324,9.374,2.61,0.073897,0.111,0.085,0.708,0.888,0.211,0.744,1.58,1,validation
007019,8,2,0,8,2,4,0,17.992,29.628,3.28,0.040208,0.417,0.0,0.767,0.738,0.246,0.482,3.05,1,train
007020,5,1,0,5,0,2,0,7.873,37.378,2.14,0.216282,0.333,0.062,0.565,0.792,0.333,0.552,2.13,0,train
007021,8,0,3,4,0,3,1,12.187,25.245,7.69,0.05765,0.375,0.119,0.182,0.685,0.591,0.585,2.78,0,validation
007022,6,2,0,6,0,0,0,13.397,37.665,2.07,0.036752,0.111,0.0,0.883,0.846,0.134,0.491,2.04,0,train
007023,1,1,1,0,1,0,0,7.616,7.616,1.14,0.037008,0.0,0.0,1.0,0.96,0.018,0.777,0.12,1,train
007024,2,2,0,2,1,0,0,20.498,43.212,2.94,0.009643,0.0,0.0,1.0,0.891,0.049,0.467,1.7,0,train
007025,2,2,0,2,2,0,1,4.468,9.256,0.62,0.148827,0.0,0.46,0.402,0.976,0.34,0.662,2.21,1,train
007026,9,3,0,9,2,2,1,7.918,26.811,0.84,0.243717,0.222,0.076,0.357,0.708,0.485,0.604,2.87,1,train
007027,6,2,0,6,2,0,0,9.624,24.208,1.44,0.060583,0.222,0.0,0.883,0.866,0.125,0.57,2.51,1,train
007028,6,5,0,5,2,2,0,16.036,27.375,2.25,0.021076,0.333,0.0,0.767,0.748,0.242,0.528,1.73,0,train
007029,6,1,0,6,0,1,0,15.991,33.285,0.44,0.047501,0.333,0.0,0.767,0.749,0.241,0.531,2.11,0,validation
007030,2,1,0,2,0,0,1,14.15,29.225,0.21,0.045204,0.167,0.21,0.61,0.842,0.286,0.546,2.18,0,train
007031,9,3,0,9,2,4,1,4.258,32.691,2.89,0.12575,0.37,0.108,0.136,0.811,0.56,0.654,2.29,1,validation
007032,5,5,0,5,2,0,1,6.311,25.98,1.03,0.279816,0.067,0.128,0.467,0.883,0.346,0.601,2.03,1,train
007033,6,3,1,5,1,0,1,5.558,29.209,0.21,0.126126,0.056,0.148,0.305,0.887,0.433,0.614,2.13,1,train
007034,5,2,1,4,0,0,0,9.81,25.276,0.05,0.078864,0.2,0.0,0.883,0.865,0.125,0.697,2.23,1,train
007035,6,0,0,6,0,5,0,22.241,34.967,8.31,0.016819,0.611,0.0,0.767,0.716,0.256,0.458,3.03,0,validation
007036,1,1,1,0,1,0,0,8.298,8.298,2.6,0.026904,0.0,0.0,1.0,0.956,0.02,0.706,1.51,1,test
007037,3,1,0,3,0,0,0,10.392,19.921,3.47,0.064159,0.111,0.0,0.883,0.862,0.126,0.511,1.89,0,train
007038,4,1,0,4,0,0,0,27.227,38.583,0.15,0.007034,0.25,0.0,0.883,0.773,0.167,0.433,1.94,0,train
007039,7,0,0,7,0,1,1,14.047,37.663,7.07,0.044998,0.19,0.086,0.377,0.759,0.451,0.534,2.28,0,train
007040,1,1,0,1,0,0,0,69.976,69.976,0.89,0.000583,0.0,0.0,1.0,0.63,0.167,0.399,1.57,0,train
007041,6,2,0,6,0,0,0,13.612,42.222,2.31,0.100771,0.167,0.0,0.883,0.845,0.134,0.489,2.44,0,validation
007042,8,0,0,6,0,0,1,30.359,46.188,13.34,0.011124,0.083,0.095,0.389,0.756,0.446,0.438,2.33,0,train
007043,6,3,0,6,3,0,0,12.577,29.644,0.43,0.075285,0.111,0.037,0.74,0.85,0.21,0.603,2.9,0,train
007044,4,1,0,4,0,0,0,29.338,54.617,0.67,0.004785,0.083,0.0,0.883,0.761,0.172,0.514,2.12,0,validation
007045,8,0,3,4,0,2,2,11.32,24.272,7.74,0.054218,0.292,0.169,0.058,0.69,0.657,0.577,2.76,0,train
007046,14,4,1,13,2,10,2,7.457,23.773,0.23,0.240527,0.571,0.055,0.39,0.711,0.466,0.64,2.32,1,train
007047,10,1,0,10,0,8,0,10.816,25.476,3.46,0.082836,0.533,0.028,0.585,0.776,0.329,0.546,2.62,0,test
007048,3,0,0,2,0,1,0,20.076,29.21,12.14,0.01578,0.222,0.03,0.708,0.727,0.283,0.482,1.81,0,test
007049,4,1,1,3,1,2,0,14.457,20.837,0.12,0.405873,0.583,0.045,0.533,0.673,0.404,0.666,1.91,0,train
007050,7,1,0,7,0,1,1,30.765,43.798,2.75,0.010452,0.381,0.099,0.202,0.587,0.625,0.51,2.26,0,train
007051,7,0,0,7,0,0,1,13.144,36.636,7.22,0.030504,0.095,0.116,0.357,0.847,0.423,0.557,2.34,0,train
007052,7,0,1,6,0,0,0,39.027,52.794,5.2,0.010283,0.19,0.0,0.883,0.71,0.195,0.42,2.94,0,train
007053,7,4,2,5,3,1,0,10.536,26.858,0.36,0.061021,0.238,0.0,0.767,0.778,0.228,0.682,2.74,1,test
007054,1,0,0,1,0,0,0,36.253,36.253,8.47,0.006398,0.333,0.0,0.883,0.725,0.188,0.365,0.31,0,train
007055,3,3,0,3,0,1,0,32.891,44.735,0.31,0.002366,0.222,0.0,0.767,0.659,0.282,0.507,1.58,0,train
007056,8,0,1,6,0,1,0,26.004,40.219,5.95,0.016778,0.208,0.001,0.76,0.696,0.269,0.435,2.19,0,validation
007057,3,0,0,3,0,0,0,30.221,38.231,17.54,0.011275,0.333,0.0,0.883,0.757,0.174,0.405,2.14,0,test
007058,1,0,0,1,0,0,0,23.536,23.536,5.76,0.010657,0.0,0.0,1.0,0.875,0.056,0.423,1.83,0,train
007059,5,5,0,5,3,1,1,3.313,23.771,2.23,0.094979,0.333,0.198,0.007,0.732,0.667,0.685,2.31,1,validation
007060,5,3,0,5,3,2,0,11.302,20.662,0.79,0.060079,0.333,0.0,0.767,0.773,0.23,0.666,1.74,1,train
007061,6,2,0,6,1,1,0,21.218,42.177,0.54,0.023229,0.167,0.0,0.767,0.721,0.254,0.558,2.1,0,test
007062,3,1,0,2,0,0,0,10.046,33.667,1.74,0.080452,0.0,0.0,1.0,0.947,0.024,0.513,1.82,0,train
007063,4,4,0,4,2,2,0,14.513,23.171,2.85,0.024189,0.333,0.0,0.767,0.756,0.238,0.526,1.77,1,validation
007064,6,1,0,6,0,0,0,34.066,45.037,2.58,0.011989,0.222,0.0,0.883,0.736,0.183,0.38,2.21,0,test
007065,6,3,0,6,3,1,1,4.918,15.877,1.44,0.165169,0.167,0.157,0.156,0.807,0.551,0.63,2.28,1,test
007066,7,2,0,7,1,2,0,13.238,46.755,1.24,0.043388,0.286,0.0,0.767,0.763,0.235,0.595,2.41,0,test
007067,10,6,2,8,2,0,1,5.686,36.231,2.09,0.168564,0.1,0.066,0.454,0.887,0.351,0.625,2.09,1,train
007068,4,1,0,4,0,1,0,15.478,43.646,2.22,0.019949,0.333,0.0,0.65,0.668,0.342,0.477,2.96,0,test
007069,9,2,0,9,0,7,1,10.059,23.585,3.21,0.067078,0.593,0.064,0.273,0.697,0.536,0.639,2.44,0,validation
007070,8,4,3,5,1,3,0,20.339,33.508,0.16,0.010137,0.417,0.0,0.65,0.642,0.353,0.582,2.99,0,validation
007071,9,2,0,9,1,3,1,2.959,33.058,2.3,0.079886,0.333,0.111,0.117,0.818,0.568,0.67,2.98,1,train
007072,1,0,1,0,0,0,0,62.753,62.753,8.31,0.000588,0.0,0.0,1.0,0.668,0.149,0.42,1.73,0,train
007073,1,1,1,0,1,0,0,7.578,7.578,1.49,0.03234,0.0,0.0,1.0,0.96,0.018,0.761,0.21,1,train
007074,2,1,0,2,0,0,0,22.018,32.513,2.05,0.019863,0.167,0.0,0.883,0.8,0.154,0.46,1.65,0,train
007075,1,0,1,0,0,0,0,10.0,10.0,5.17,0.029532,0.333,0.0,0.883,0.864,0.125,0.68,0.52,0,test
007076,2,1,0,1,0,0,0,18.539,27.618,2.38,0.014473,0.0,0.0,1.0,0.902,0.044,0.456,1.76,0,test
007077,2,1,1,1,1,0,1,8.492,11.823,2.52,0.05569,0.0,0.36,0.532,0.955,0.278,0.708,0.9,1,train
007078,2,1,0,2,0,0,0,30.539,34.653,2.87,0.011086,0.0,0.0,1.0,0.838,0.073,0.376,2.04,0,train
007079,2,0,0,2,0,1,0,41.819,50.775,12.58,0.016459,0.5,0.0,0.65,0.529,0.405,0.381,1.97,0,train
007080,1,0,1,0,0,0,0,30.604,30.604,8.57,0.002411,0.0,0.0,1.0,0.838,0.073,0.516,1.87,0,train
007081,9,0,0,9,0,4,1,10.409,23.75,3.51,0.05653,0.37,0.087,0.26,0.778,0.507,0.573,2.92,0,train
007082,1,1,0,1,1,0,0,23.21,23.21,2.15,0.00724,0.0,0.0,1.0,0.877,0.055,0.487,1.7,0,train
007083,2,1,0,2,0,0,0,19.257,31.919,0.2,0.022054,0.167,0.0,0.883,0.815,0.148,0.478,1.99,0,validation
007084,1,0,1,0,0,0,0,9.554,9.554,4.44,0.019839,0.333,0.0,0.883,0.866,0.124,0.683,2.65,0,train
007085,5,1,0,5,0,1,1,14.717,40.451,2.3,0.042497,0.333,0.114,0.28,0.672,0.544,0.554,2.94,0,train
007086,1,1,0,1,0,0,0,64.613,64.613,3.47,0.000826,0.0,0.0,1.0,0.658,0.154,0.281,1.65,0,train
007087,9,1,0,9,1,4,1,16.409,29.143,3.46,0.03473,0.407,0.039,0.539,0.746,0.368,0.509,3.11,0,test
007088,6,3,0,5,1,1,0,8.022,26.559,0.23,0.129441,0.222,0.0,0.767,0.791,0.222,0.541,2.9,1,train
007089,3,3,0,3,1,0,0,22.557,30.554,2.56,0.006668,0.111,0.0,0.883,0.797,0.155,0.464,1.67,0,train
007090,1,0,0,1,0,0,0,29.239,29.239,8.62,0.010459,0.333,0.0,0.883,0.762,0.171,0.412,0.36,0,test
007091,6,6,0,6,4,4,0,10.479,22.575,2.8,0.061932,0.444,0.0,0.767,0.778,0.228,0.548,1.77,1,train
007092,2,0,2,0,0,0,0,17.818,17.898,5.11,0.004854,0.0,0.0,1.0,0.906,0.042,0.601,1.88,0,train
007093,5,3,0,5,3,0,1,7.178,28.314,1.1,0.150266,0.2,0.092,0.584,0.879,0.283,0.594,2.08,1,train
007094,8,4,8,0,3,0,2,3.674,17.98,0.86,0.077106,0.083,0.204,0.279,0.897,0.443,0.81,1.64,1,validation
007095,5,4,0,4,3,0,1,3.761,21.132,0.84,0.101197,0.067,0.198,0.24,0.897,0.465,0.666,2.26,1,validation
007096,6,3,0,6,1,0,1,5.934,29.161,2.01,0.114529,0.111,0.13,0.376,0.885,0.395,0.603,2.64,0,test
007097,5,4,0,5,1,0,1,10.112,26.4,0.92,0.133927,0.067,0.086,0.604,0.863,0.279,0.547,2.15,0,train
007098,4,1,0,4,0,0,0,32.613,41.996,0.78,0.007387,0.083,0.0,0.883,0.744,0.179,0.486,1.94,0,train
007099,15,9,1,14,7,10,1,6.144,20.841,0.11,0.365352,0.578,0.061,0.169,0.717,0.584,0.728,2.17,1,train
007100,3,0,0,3,0,0,2,16.61,20.43,10.5,0.029218,0.111,0.367,0.415,0.829,0.399,0.516,2.49,0,train
007101,17,8,0,15,4,12,2,4.606,26.076,1.39,0.338258,0.647,0.106,0.033,0.726,0.656,0.745,2.3,1,train
007102,14,1,0,14,1,5,1,10.952,35.065,0.32,0.06271,0.381,0.025,0.539,0.775,0.355,0.57,1.97,0,train
007103,4,0,1,3,0,3,0,24.329,33.861,6.09,0.052937,0.75,0.0,0.65,0.621,0.363,0.621,2.15,0,validation
007104,5,0,0,5,0,2,0,11.68,20.138,4.39,0.078856,0.467,0.0,0.767,0.771,0.231,0.534,3.05,0,train
007105,2,0,0,2,0,0,0,45.739,53.0,5.61,0.003052,0.0,0.0,1.0,0.758,0.109,0.28,2.31,0,train
007106,2,0,0,2,0,0,0,23.743,46.178,6.76,0.017644,0.333,0.0,0.883,0.791,0.158,0.448,2.84,0,validation
007107,12,1,0,12,1,2,1,9.492,34.178,0.43,0.099223,0.25,0.035,0.494,0.783,0.376,0.643,2.23,1,validation
007108,5,3,0,5,3,2,0,10.461,19.805,0.09,0.071929,0.333,0.0,0.767,0.778,0.228,0.688,1.75,1,train
007109,13,11,12,1,9,4,2,3.762,16.334,0.13,0.121372,0.282,0.095,0.098,0.73,0.618,0.895,2.65,1,test
007110,1,0,1,0,0,0,0,10.607,10.607,6.25,0.023902,0.0,0.0,1.0,0.944,0.025,0.649,2.42,0,validation
007111,2,1,0,2,1,1,0,9.699,10.029,1.38,0.106715,0.5,0.155,0.449,0.699,0.439,0.616,0.8,1,train
007112,1,0,0,1,0,0,0,25.419,25.419,5.88,0.006655,0.0,0.0,1.0,0.865,0.061,0.411,1.7,0,train
007113,1,1,0,1,0,0,0,53.337,53.337,2.86,0.001177,0.0,0.0,1.0,0.718,0.127,0.309,1.64,0,train
007114,12,1,0,12,1,2,1,8.394,33.0,0.45,0.135713,0.222,0.058,0.325,0.789,0.466,0.648,2.27,1,train
007115,1,0,1,0,0,0,0,54.094,54.094,9.0,0.00062,0.0,0.0,1.0,0.714,0.129,0.42,1.76,0,train
007116,4,2,0,4,1,1,0,8.546,21.364,3.21,0.102392,0.167,0.0,0.767,0.788,0.224,0.536,2.11,1,train
007117,7,7,0,6,4,5,0,6.833,26.811,2.61,0.278389,0.476,0.041,0.578,0.797,0.323,0.593,1.97,1,train
007118,2,1,2,0,1,0,0,14.097,15.285,3.14,0.008678,0.167,0.0,0.883,0.842,0.135,0.653,1.76,1,train
007119,4,2,0,4,0,0,0,35.259,46.77,0.71,0.005873,0.167,0.0,0.883,0.73,0.186,0.408,1.79,0,validation
007120,5,0,0,5,0,0,0,34.815,48.271,12.93,0.011433,0.2,0.0,0.883,0.732,0.185,0.375,2.96,0,train
007121,11,8,1,10,4,4,1,3.667,31.89,0.01,0.131707,0.333,0.095,0.123,0.814,0.566,0.671,2.34,1,test
007122,6,0,1,5,0,0,0,40.111,52.852,7.11,0.009059,0.278,0.0,0.883,0.704,0.197,0.447,2.92,0,train
007123,7,0,1,6,0,3,2,5.942,14.68,4.04,0.118595,0.476,0.28,0.058,0.719,0.644,0.64,2.99,0,validation
007124,7,1,0,7,1,0,0,7.011,44.183,0.1,0.099401,0.048,0.02,0.799,0.88,0.165,0.689,2.51,1,train
007125,3,1,0,3,0,0,0,23.418,39.204,0.85,0.020779,0.0,0.0,1.0,0.876,0.056,0.472,2.12,0,test
007126,1,0,1,0,0,0,0,9.558,9.558,3.61,0.021435,0.0,0.0,1.0,0.949,0.023,0.656,2.77,0,test
007127,1,1,0,1,0,0,0,46.252,46.252,2.92,0.001608,0.0,0.0,1.0,0.755,0.11,0.307,1.64,0,train
007128,6,2,0,6,0,0,0,14.498,43.232,2.25,0.079112,0.167,0.0,0.883,0.84,0.136,0.483,2.44,0,train
007129,7,7,7,0,5,0,1,4.041,21.109,0.81,0.069393,0.048,0.084,0.5,0.895,0.322,0.787,2.04,1,validation
007130,4,1,1,3,1,3,1,4.78,13.401,0.14,0.324125,0.75,0.25,0.0,0.725,0.674,0.708,1.93,0,train
007131,9,7,0,9,5,5,0,8.752,29.785,2.78,0.108691,0.444,0.0,0.767,0.787,0.224,0.556,1.79,1,train
007132,10,5,1,9,2,1,1,3.971,26.503,0.22,0.179461,0.2,0.147,0.117,0.812,0.57,0.634,2.74,1,train
007133,2,0,0,2,0,1,0,33.542,41.423,12.59,0.036183,0.5,0.0,0.65,0.572,0.385,0.436,2.09,0,train
007134,6,5,0,6,4,2,0,15.917,26.231,0.16,0.018565,0.333,0.0,0.767,0.749,0.241,0.637,1.75,1,train
007135,7,1,1,6,0,1,1,5.904,27.761,3.04,0.100176,0.19,0.121,0.214,0.802,0.521,0.622,2.67,0,train
007136,9,6,7,2,6,5,1,5.399,12.959,2.13,0.218683,0.444,0.088,0.253,0.805,0.499,0.758,2.19,1,train
007137,11,2,0,11,1,3,3,4.315,15.222,0.89,0.199484,0.394,0.26,0.0,0.727,0.673,0.655,2.77,1,test
007138,7,7,0,7,5,2,1,4.924,21.419,1.91,0.132213,0.238,0.13,0.175,0.807,0.54,0.635,2.23,1,validation
007139,6,2,0,6,0,1,1,23.077,39.866,1.42,0.01187,0.167,0.082,0.448,0.711,0.433,0.507,2.52,0,validation
007140,5,3,0,5,1,1,1,8.267,24.167,0.68,0.053103,0.2,0.196,0.13,0.79,0.573,0.603,1.7,0,validation
007141,2,0,0,2,0,0,0,45.119,55.31,7.45,0.005366,0.0,0.0,1.0,0.761,0.107,0.28,1.8,0,validation
007142,7,1,0,7,0,2,1,16.501,34.35,0.08,0.020111,0.286,0.099,0.318,0.746,0.489,0.542,2.23,0,train
007143,2,1,0,2,0,0,0,13.209,28.481,0.5,0.033616,0.167,0.0,0.883,0.847,0.133,0.492,2.96,0,train
007144,4,0,0,4,0,3,0,12.002,24.659,3.66,0.038352,0.5,0.0,0.767,0.77,0.232,0.518,1.83,0,train
007145,6,2,0,6,1,4,0,15.413,33.368,1.11,0.025377,0.444,0.0,0.767,0.752,0.24,0.515,2.98,0,train
007146,3,1,0,3,0,0,0,22.696,49.168,1.83,0.014062,0.0,0.0,1.0,0.88,0.054,0.429,1.9,0,train
007147,4,2,1,3,2,0,1,7.94,11.628,0.32,0.062631,0.083,0.195,0.376,0.875,0.399,0.801,3.02,1,train
007148,5,4,0,5,2,1,1,4.815,21.475,0.28,0.144155,0.133,0.176,0.195,0.808,0.529,0.659,1.87,1,test
007149,9,5,1,7,5,2,1,3.52,18.868,2.19,0.12844,0.296,0.111,0.117,0.815,0.569,0.664,2.8,1,train
007150,1,0,1,0,0,0,0,10.669,10.669,4.99,0.017018,0.333,0.0,0.883,0.86,0.127,0.676,2.66,0,train
007151,11,2,0,11,1,5,3,5.162,16.473,1.25,0.160011,0.455,0.191,0.033,0.723,0.657,0.622,2.79,1,train
007152,3,1,0,3,1,1,1,7.587,14.868,1.13,0.125183,0.333,0.167,0.325,0.71,0.502,0.575,2.17,0,train
007153,7,6,0,6,4,1,1,3.741,25.268,0.54,0.141546,0.238,0.163,0.117,0.814,0.57,0.65,2.45,1,train
007154,1,0,1,0,0,0,0,8.853,8.853,4.64,0.023176,0.333,0.0,0.883,0.87,0.123,0.688,0.88,0,train
007155,1,1,0,1,1,0,0,7.662,7.662,2.36,0.132262,0.0,0.11,0.928,0.959,0.058,0.59,1.93,1,train
007156,13,7,2,10,4,4,3,4.864,25.767,1.99,0.130639,0.385,0.208,0.045,0.724,0.649,0.682,2.31,1,train
007157,4,2,1,3,1,1,1,3.844,27.028,0.44,0.06556,0.25,0.12,0.455,0.813,0.384,0.788,2.01,1,validation
007158,2,0,0,2,0,0,0,26.342,36.925,3.74,0.013352,0.167,0.0,0.883,0.777,0.164,0.431,1.65,0,validation
007159,2,0,2,0,0,0,0,8.951,10.728,5.05,0.04186,0.333,0.035,0.838,0.869,0.148,0.687,2.46,0,test
007160,8,7,0,8,3,2,1,3.322,23.938,0.22,0.137799,0.25,0.151,0.117,0.816,0.569,0.679,2.38,1,train
007161,5,3,4,1,1,0,1,7.395,18.943,0.19,0.144417,0.0,0.102,0.668,0.961,0.2,0.701,2.1,1,train
007162,9,1,0,8,0,1,1,6.989,27.364,0.81,0.115795,0.259,0.079,0.305,0.796,0.474,0.617,1.57,0,train
007163,8,3,0,8,2,2,1,5.152,31.583,2.87,0.151244,0.333,0.104,0.227,0.806,0.512,0.636,2.15,1,validation
007164,3,1,0,3,0,0,0,20.591,39.73,0.38,0.04133,0.222,0.0,0.883,0.808,0.151,0.469,1.98,0,validation
007165,5,1,0,5,1,0,1,7.287,33.207,3.41,0.155597,0.133,0.08,0.623,0.878,0.262,0.568,2.04,1,validation
007166,9,4,0,9,4,6,0,8.081,21.174,2.32,0.11184,0.481,0.0,0.767,0.791,0.223,0.57,2.98,1,train
007167,5,0,0,4,0,1,0,25.869,40.409,4.22,0.016198,0.2,0.0,0.767,0.696,0.265,0.408,1.93,0,train
007168,4,0,1,3,0,2,0,36.539,45.724,6.02,0.007891,0.5,0.0,0.65,0.557,0.392,0.556,2.01,0,test
007169,8,4,0,8,2,0,1,6.682,26.616,0.25,0.222142,0.167,0.083,0.636,0.881,0.253,0.586,2.07,1,train
007170,4,3,0,4,0,0,0,36.102,47.781,0.15,0.002747,0.167,0.0,0.883,0.726,0.188,0.46,1.69,0,train
007171,8,3,0,8,2,2,2,9.644,34.528,1.36,0.062423,0.292,0.166,0.013,0.699,0.678,0.594,2.44,0,train
007172,3,2,0,3,0,0,0,30.996,40.649,0.5,0.005747,0.111,0.0,0.883,0.753,0.176,0.417,2.05,0,validation
007173,2,1,0,2,1,0,0,18.905,30.63,3.49,0.015169,0.0,0.0,1.0,0.9,0.045,0.454,1.77,0,train
007174,8,2,0,8,1,1,1,3.47,32.392,2.38,0.102117,0.25,0.125,0.117,0.815,0.569,0.666,2.96,1,test
007175,1,1,0,1,0,0,0,43.788,43.788,3.07,0.001497,0.0,0.0,1.0,0.768,0.104,0.308,1.58,0,train
007176,3,3,0,3,0,1,0,30.513,33.605,1.62,0.004401,0.222,0.0,0.767,0.672,0.276,0.463,1.78,0,test
007177,8,5,2,6,2,0,2,3.322,28.211,2.48,0.135144,0.042,0.18,0.233,0.899,0.467,0.678,2.42,1,train
007178,9,3,1,7,2,3,1,6.752,23.329,1.19,0.16992,0.37,0.063,0.396,0.798,0.423,0.661,2.82,1,train
007179,4,2,4,0,2,0,0,5.854,8.212,2.65,0.053229,0.0,0.043,0.889,0.969,0.075,0.733,1.7,1,validation
007180,4,1,0,4,0,1,0,19.494,39.767,1.81,0.012924,0.167,0.0,0.767,0.73,0.25,0.453,1.57,0,validation
007181,2,0,0,2,0,0,0,16.541,33.074,6.82,0.021385,0.0,0.0,1.0,0.912,0.039,0.47,1.94,0,train
007182,11,8,3,8,4,6,1,5.192,22.594,2.37,0.21919,0.394,0.065,0.331,0.806,0.455,0.669,2.0,1,train
007183,7,1,0,7,1,2,1,18.113,29.004,2.92,0.018186,0.429,0.126,0.24,0.654,0.573,0.497,1.91,0,validation
007184,3,0,0,3,0,0,0,19.093,26.338,4.52,0.021307,0.0,0.0,1.0,0.899,0.045,0.453,2.12,0,validation
007185,10,4,1,9,2,3,0,8.153,25.21,0.39,0.152393,0.3,0.014,0.676,0.79,0.273,0.64,2.07,0,train
007186,1,0,0,1,0,0,0,29.02,29.02,8.26,0.010833,0.333,0.0,0.883,0.763,0.171,0.413,2.9,0,train
007187,1,0,0,1,0,0,0,42.594,42.594,15.61,0.002194,0.0,0.0,1.0,0.775,0.101,0.296,1.62,0,test
007188,1,1,1,0,1,0,0,7.769,7.769,1.66,0.020875,0.0,0.0,1.0,0.959,0.019,0.752,2.96,1,train
007189,5,3,5,0,3,0,1,4.45,12.413,1.74,0.06594,0.0,0.212,0.532,0.976,0.268,0.779,2.77,1,train
007190,2,0,0,2,0,0,0,20.085,34.435,6.57,0.031808,0.167,0.0,0.883,0.81,0.15,0.446,1.94,0,test
007191,3,1,0,3,1,1,0,16.841,27.493,3.47,0.02726,0.333,0.0,0.767,0.744,0.243,0.469,1.77,0,test
007192,9,1,3,6,1,4,2,6.762,24.935,0.08,0.115815,0.333,0.117,0.312,0.798,0.47,0.65,2.67,0,train
007193,4,1,0,4,1,0,1,19.041,27.76,0.21,0.010113,0.0,0.188,0.512,0.899,0.313,0.603,2.26,0,train
007194,4,3,0,4,3,1,1,3.433,22.874,2.66,0.204814,0.167,0.297,0.117,0.815,0.569,0.66,1.94,1,validation
007195,12,6,0,10,4,4,3,6.243,17.771,1.9,0.154365,0.417,0.166,0.24,0.717,0.545,0.65,2.19,1,train
007196,7,7,0,7,3,2,1,3.294,23.781,0.22,0.105394,0.238,0.143,0.117,0.816,0.569,0.666,2.54,1,train
007197,2,1,0,2,0,0,0,69.952,74.966,0.31,0.000673,0.0,0.0,1.0,0.63,0.167,0.426,1.81,0,validation
007198,4,0,0,3,0,0,0,13.256,30.283,5.48,0.01647,0.0,0.0,1.0,0.93,0.032,0.466,1.73,0,test
007199,2,0,2,0,0,1,0,11.6,26.743,4.62,0.012983,0.5,0.0,0.65,0.689,0.333,0.643,1.62,0,train
007200,10,5,0,10,4,1,1,4.746,24.763,3.15,0.118237,0.3,0.104,0.149,0.808,0.554,0.634,2.55,1,train
007201,9,4,4,5,3,6,4,3.785,20.648,0.15,0.078657,0.667,0.263,0.058,0.73,0.639,0.89,2.85,1,validation
007202,13,10,13,0,10,3,0,5.14,13.726,0.03,0.151164,0.205,0.044,0.598,0.806,0.309,0.787,3.04,1,train
007203,10,6,4,6,3,2,2,2.995,28.027,0.1,0.225444,0.167,0.15,0.117,0.817,0.568,0.694,2.73,1,train
007204,7,1,0,7,0,3,2,9.427,41.477,0.42,0.26109,0.524,0.171,0.195,0.7,0.578,0.637,2.26,0,test
007205,3,1,0,3,0,0,0,17.951,37.876,0.42,0.068061,0.222,0.0,0.883,0.822,0.144,0.487,2.05,0,validation
007206,6,1,1,5,1,0,0,12.763,39.295,0.74,0.145354,0.056,0.0,0.883,0.849,0.132,0.547,2.61,0,train
007207,3,1,1,2,0,1,0,15.986,42.743,0.63,0.011525,0.333,0.0,0.65,0.665,0.343,0.693,1.91,0,train
007208,10,1,0,10,1,6,0,11.743,26.208,3.42,0.078502,0.467,0.0,0.767,0.771,0.231,0.555,2.89,0,train
007209,13,3,0,13,1,6,2,10.957,36.198,0.22,0.132716,0.385,0.098,0.136,0.692,0.614,0.51,2.56,0,validation
007210,9,2,0,9,2,4,2,10.165,16.872,3.15,0.084431,0.444,0.124,0.364,0.78,0.449,0.573,2.69,1,train
007211,4,2,0,4,1,1,0,7.129,19.384,3.24,0.152124,0.167,0.058,0.617,0.796,0.303,0.563,2.15,1,train
007212,2,2,0,1,1,0,0,7.875,20.477,3.03,0.104116,0.0,0.0,1.0,0.958,0.019,0.462,1.87,0,test
007213,3,1,0,3,1,0,0,20.872,26.596,0.3,0.009964,0.0,0.0,1.0,0.89,0.05,0.587,2.01,0,train
007214,5,1,0,4,0,3,0,19.979,42.58,0.96,0.03753,0.733,0.0,0.65,0.644,0.353,0.518,3.02,0,validation
007215,2,0,0,2,0,0,0,31.655,42.414,4.53,0.00875,0.167,0.0,0.883,0.749,0.177,0.396,1.64,0,train
007216,6,4,0,6,4,2,0,7.442,20.501,3.26,0.139096,0.333,0.025,0.669,0.794,0.275,0.553,2.07,1,train
007217,3,2,0,3,2,0,2,3.409,5.997,2.87,0.147151,0.111,0.65,0.233,0.899,0.467,0.666,2.39,1,train
007218,6,0,0,5,0,0,1,14.186,43.152,9.9,0.010434,0.111,0.15,0.298,0.842,0.457,0.557,2.08,0,train
007219,4,3,0,4,0,0,0,32.88,43.447,0.07,0.004937,0.167,0.0,0.883,0.743,0.18,0.461,2.05,0,validation
007220,1,1,0,1,1,0,0,8.616,8.616,3.25,0.113452,0.0,0.04,0.974,0.954,0.035,0.537,1.95,1,train
007221,4,1,1,3,1,1,0,9.182,25.243,0.2,0.055953,0.25,0.0,0.767,0.785,0.225,0.67,2.02,1,test
007222,5,3,0,5,2,1,1,17.128,22.695,0.79,0.020095,0.133,0.118,0.383,0.743,0.455,0.59,1.59,0,train
007223,1,0,1,0,0,0,0,9.554,9.554,3.97,0.014885,0.0,0.0,1.0,0.949,0.023,0.656,2.74,0,test
007224,3,0,0,3,0,1,1,7.682,14.75,4.76,0.096063,0.222,0.263,0.253,0.793,0.504,0.592,2.17,0,validation
007225,6,6,0,6,3,2,1,5.346,24.527,2.98,0.144155,0.222,0.172,0.195,0.805,0.531,0.635,1.96,1,test
007226,4,1,0,4,0,0,0,27.794,47.279,0.34,0.021424,0.0,0.0,1.0,0.853,0.066,0.498,1.7,0,test
007227,2,1,0,2,0,0,0,69.398,71.472,1.49,0.000778,0.0,0.0,1.0,0.633,0.165,0.372,1.71,0,test
007228,13,4,0,13,2,4,3,5.286,30.904,0.22,0.194917,0.282,0.167,0.098,0.722,0.621,0.64,2.42,1,train
007229,4,0,1,3,0,3,1,23.925,32.613,6.1,0.021444,0.75,0.155,0.247,0.623,0.584,0.597,2.28,0,train
007230,5,1,0,5,0,2,1,12.208,28.406,2.4,0.052642,0.333,0.14,0.26,0.685,0.549,0.568,2.65,0,validation
007231,1,0,1,0,0,0,0,9.185,9.185,3.67,0.029886,0.0,0.0,1.0,0.951,0.022,0.659,0.42,0,train
007232,5,2,1,4,1,0,0,10.105,27.18,1.77,0.145917,0.0,0.0,1.0,0.947,0.024,0.635,2.08,1,train
007233,11,6,0,11,3,3,1,4.651,25.781,2.73,0.121663,0.273,0.09,0.169,0.809,0.543,0.644,2.24,1,train
007234,4,1,0,4,0,0,0,24.024,31.686,0.05,0.010908,0.0,0.02,0.948,0.873,0.086,0.518,2.17,0,train
007235,4,2,0,4,0,0,0,35.638,61.192,1.12,0.014091,0.083,0.0,0.883,0.728,0.187,0.389,2.08,0,validation
007236,6,2,0,6,1,1,2,5.408,22.827,2.81,0.154323,0.222,0.313,0.143,0.805,0.559,0.618,2.43,0,train
007237,1,1,1,0,1,0,0,9.27,9.27,2.34,0.013752,0.0,0.0,1.0,0.951,0.022,0.711,2.81,1,train
007238,3,1,0,3,0,0,1,18.963,38.229,0.87,0.024299,0.0,0.163,0.681,0.9,0.22,0.493,2.22,0,train
007239,4,1,0,4,0,0,1,28.72,37.241,0.02,0.004347,0.0,0.195,0.493,0.848,0.347,0.548,2.31,0,train
007240,5,3,1,4,0,0,0,26.197,36.356,1.04,0.008365,0.133,0.0,0.883,0.778,0.164,0.573,2.43,1,train
007241,4,4,0,4,2,0,0,14.211,27.232,0.87,0.024595,0.083,0.0,0.883,0.841,0.136,0.536,1.56,0,test
007242,7,1,0,7,0,2,1,10.838,30.923,1.99,0.086534,0.333,0.067,0.461,0.776,0.397,0.545,2.94,0,test
007243,13,3,0,13,1,5,1,12.106,37.425,0.04,0.103145,0.333,0.06,0.286,0.686,0.534,0.499,2.61,0,validation
007244,4,3,0,4,0,0,0,30.988,42.565,0.14,0.006278,0.167,0.0,0.883,0.753,0.175,0.469,2.05,0,train
007245,2,1,0,2,0,0,0,40.816,51.307,0.72,0.009271,0.0,0.0,1.0,0.784,0.097,0.435,1.82,0,test
007246,4,2,0,4,0,0,1,4.416,23.579,1.31,0.163931,0.083,0.305,0.233,0.893,0.47,0.631,2.4,0,validation
007247,4,1,0,4,0,0,0,24.677,43.442,0.5,0.012435,0.167,0.0,0.883,0.786,0.16,0.442,1.91,0,train
007248,13,4,0,13,1,7,2,7.609,24.584,0.03,0.105667,0.538,0.078,0.305,0.71,0.513,0.652,2.55,0,train
007249,6,1,0,6,0,1,0,21.154,37.788,0.03,0.022322,0.167,0.0,0.767,0.721,0.254,0.552,2.07,0,train
007250,5,0,0,5,0,2,0,15.889,24.482,3.65,0.035107,0.467,0.0,0.767,0.749,0.241,0.506,3.05,0,validation
007251,1,0,0,1,0,0,0,30.89,30.89,6.4,0.004196,0.0,0.0,1.0,0.836,0.074,0.374,1.59,0,validation
007252,3,1,0,3,0,2,0,39.35,55.274,0.05,0.007525,0.556,0.0,0.65,0.542,0.399,0.475,1.92,0,validation
007253,1,0,1,0,0,0,0,20.615,20.615,8.48,0.006051,0.0,0.0,1.0,0.891,0.049,0.583,2.01,0,train
007254,3,0,3,0,0,0,0,13.027,19.228,5.26,0.014825,0.222,0.0,0.883,0.848,0.133,0.66,1.82,0,validation
007255,5,3,3,2,0,2,0,43.131,56.111,1.0,0.00487,0.333,0.0,0.767,0.605,0.306,0.541,3.12,0,train
007256,12,8,0,12,4,1,1,4.493,31.908,1.03,0.153575,0.25,0.079,0.149,0.81,0.554,0.659,2.21,1,train
007257,1,0,0,1,0,0,0,37.856,37.856,18.08,0.002956,0.0,0.0,1.0,0.8,0.09,0.328,1.55,0,validation
007258,3,1,0,3,0,2,0,26.423,28.627,0.48,0.048249,0.667,0.0,0.65,0.61,0.368,0.608,2.0,0,train
007259,7,2,0,7,0,0,1,14.698,29.009,0.73,0.049243,0.143,0.1,0.63,0.839,0.276,0.533,2.05,0,train
007260,10,6,3,7,3,6,1,3.547,20.122,1.55,0.157508,0.5,0.128,0.0,0.731,0.671,0.747,1.77,1,train
007261,4,4,0,4,3,2,0,14.575,19.786,2.66,0.040482,0.333,0.0,0.767,0.756,0.238,0.521,1.82,1,train
007262,2,1,0,2,0,0,0,44.846,69.944,1.21,0.004818,0.167,0.0,0.883,0.679,0.209,0.386,1.71,0,train
007263,15,4,0,15,2,12,1,9.097,25.723,0.1,0.117333,0.667,0.046,0.24,0.702,0.552,0.604,2.34,1,train
007264,6,1,1,5,0,3,0,9.137,24.252,1.75,0.134856,0.389,0.002,0.643,0.702,0.33,0.653,2.12,0,test
007265,7,5,6,1,3,0,0,10.377,20.033,0.66,0.043994,0.143,0.0,0.883,0.862,0.126,0.673,2.24,1,train
007266,7,0,0,7,0,4,1,12.264,23.536,3.91,0.060432,0.476,0.071,0.325,0.685,0.513,0.618,3.05,0,test
007267,4,3,0,4,2,1,0,8.083,28.52,2.25,0.128201,0.167,0.013,0.734,0.791,0.24,0.551,1.77,1,test
007268,3,1,0,2,0,0,1,29.9,37.976,0.36,0.004507,0.111,0.23,0.435,0.758,0.42,0.504,1.95,0,test
007269,1,1,1,0,1,0,0,5.79,5.79,1.22,0.033265,0.0,0.09,0.942,0.969,0.046,0.793,1.76,1,test
007270,2,0,0,2,0,1,0,29.607,36.924,4.83,0.004258,0.333,0.0,0.767,0.677,0.274,0.383,1.57,0,train
007271,2,0,0,2,0,1,0,13.748,16.918,6.02,0.071637,0.5,0.09,0.533,0.677,0.402,0.54,0.8,0,train
007272,1,1,1,0,1,0,0,7.799,7.799,2.14,0.03444,0.0,0.0,1.0,0.959,0.019,0.73,0.24,1,train
007273,9,1,0,9,0,1,2,12.839,26.862,1.21,0.055416,0.259,0.127,0.182,0.682,0.593,0.589,1.57,0,test
007274,3,1,0,3,0,0,0,34.98,51.881,0.84,0.003488,0.0,0.0,1.0,0.815,0.083,0.468,2.02,0,train
007275,1,1,0,1,1,0,0,9.348,9.348,2.14,0.071072,0.0,0.0,1.0,0.951,0.022,0.58,1.81,1,validation
007276,2,1,0,2,1,0,0,19.617,42.848,0.52,0.009419,0.0,0.0,1.0,0.896,0.047,0.585,1.57,0,train
007277,8,5,2,6,2,0,0,6.368,32.404,2.51,0.169882,0.042,0.039,0.682,0.883,0.228,0.602,1.99,1,validation
007278,1,1,1,0,1,0,0,8.476,8.476,0.88,0.022204,0.0,0.0,1.0,0.955,0.02,0.783,3.05,1,train
007279,2,1,0,2,0,0,0,27.331,46.768,1.82,0.006802,0.0,0.0,1.0,0.855,0.065,0.398,1.83,0,train
007280,6,2,3,3,1,0,0,7.818,21.729,2.6,0.074956,0.167,0.03,0.799,0.875,0.167,0.696,2.02,1,train
007281,5,1,0,5,0,0,0,25.452,43.804,0.77,0.020851,0.2,0.0,0.883,0.782,0.162,0.535,2.13,0,train
007282,1,1,0,1,1,0,0,9.437,9.437,2.9,0.075161,0.0,0.0,1.0,0.95,0.022,0.545,1.45,1,validation
007283,8,7,0,8,5,3,1,3.6,25.07,1.37,0.188552,0.292,0.125,0.117,0.814,0.569,0.66,2.44,1,train
007284,5,0,1,4,0,2,0,29.732,46.894,5.94,0.011873,0.467,0.0,0.65,0.593,0.376,0.54,2.17,0,train
007285,2,1,1,1,1,0,0,12.776,16.999,3.31,0.036587,0.0,0.0,1.0,0.932,0.03,0.579,2.1,0,test
007286,9,1,7,2,1,1,0,13.131,19.663,2.36,0.04324,0.148,0.037,0.552,0.764,0.353,0.659,2.78,1,train
007287,2,1,0,2,0,0,0,43.173,59.694,0.89,0.004191,0.167,0.0,0.883,0.688,0.205,0.399,2.02,0,test
007288,1,0,1,0,0,0,0,8.242,8.242,4.1,0.0318,0.0,0.0,1.0,0.956,0.02,0.665,0.45,0,train
007289,14,2,1,13,0,2,0,34.887,50.993,1.62,0.006094,0.357,0.0,0.65,0.565,0.388,0.487,3.09,0,validation
007290,6,1,5,1,1,0,0,6.17,20.693,3.29,0.06228,0.056,0.065,0.708,0.884,0.213,0.698,2.74,1,test
007291,4,0,0,4,0,0,1,4.96,20.148,3.62,0.085026,0.083,0.247,0.24,0.89,0.467,0.626,2.36,0,test
007292,3,1,0,3,0,0,0,22.946,37.812,0.54,0.014287,0.222,0.0,0.883,0.795,0.156,0.454,1.93,0,test
007293,1,1,0,1,1,0,0,14.794,14.794,3.17,0.021692,0.0,0.0,1.0,0.922,0.035,0.496,1.79,0,train
007294,7,6,1,6,4,3,0,13.934,23.133,2.47,0.025584,0.286,0.0,0.767,0.76,0.237,0.627,1.89,1,validation
007295,2,2,0,2,0,0,0,30.277,34.727,2.6,0.00391,0.167,0.0,0.883,0.756,0.174,0.397,1.68,0,train
007296,5,1,0,5,1,0,0,13.051,33.182,0.16,0.022321,0.067,0.0,0.883,0.848,0.133,0.646,2.64,0,validation
007297,4,4,0,3,2,0,0,14.65,25.804,2.45,0.027378,0.083,0.0,0.883,0.839,0.137,0.487,1.9,0,validation
007298,3,2,0,2,0,0,0,26.733,42.373,1.94,0.006925,0.111,0.0,0.883,0.775,0.165,0.402,1.86,0,train
007299,6,3,0,6,3,0,2,3.983,12.651,3.07,0.160607,0.111,0.345,0.233,0.896,0.469,0.642,2.52,1,train
007300,1,0,1,0,0,0,0,17.312,17.312,10.1,0.006739,0.0,0.0,1.0,0.908,0.041,0.605,0.91,0,test
007301,13,4,3,10,1,2,1,10.818,28.286,2.35,0.087837,0.256,0.047,0.37,0.776,0.447,0.665,3.13,0,train
007302,3,1,0,3,0,2,0,38.56,59.72,0.04,0.004934,0.556,0.0,0.65,0.546,0.397,0.481,1.95,0,train
007303,3,1,0,3,0,0,1,6.95,28.712,1.17,0.140372,0.0,0.247,0.519,0.963,0.281,0.593,2.14,0,train
007304,2,2,0,1,1,0,0,6.631,19.135,2.86,0.155317,0.167,0.085,0.773,0.882,0.178,0.486,1.94,0,train
007305,2,0,0,2,0,0,0,14.803,34.478,6.54,0.040982,0.167,0.0,0.883,0.838,0.137,0.481,2.07,0,train
007306,4,1,0,4,0,0,0,28.388,49.113,0.66,0.008728,0.083,0.0,0.883,0.766,0.169,0.521,2.22,0,test
007307,1,0,0,1,0,0,0,29.554,29.554,6.72,0.0043,0.0,0.0,1.0,0.844,0.07,0.383,1.61,0,validation
007308,1,1,1,0,1,0,0,9.326,9.326,2.37,0.019043,0.0,0.0,1.0,0.951,0.022,0.709,2.89,1,train
007309,9,5,0,9,5,5,1,4.339,21.119,1.84,0.149917,0.407,0.136,0.123,0.81,0.568,0.634,3.0,1,test
007310,1,0,1,0,0,0,0,9.89,9.89,5.22,0.025913,0.333,0.0,0.883,0.864,0.125,0.681,2.58,0,train
007311,4,3,0,4,2,1,1,5.331,23.793,1.85,0.173188,0.333,0.207,0.111,0.722,0.614,0.66,2.14,1,test
007312,3,0,0,3,0,0,1,10.557,16.173,3.53,0.023407,0.0,0.307,0.402,0.944,0.354,0.583,2.39,0,train
007313,15,3,0,15,1,3,1,11.451,37.016,0.62,0.058051,0.311,0.05,0.305,0.689,0.522,0.612,2.37,0,train
007314,13,1,0,13,0,5,0,8.162,35.685,0.22,0.123558,0.385,0.021,0.591,0.79,0.319,0.547,1.76,0,train
007315,14,4,1,13,1,10,2,9.491,25.441,0.31,0.09343,0.548,0.081,0.162,0.7,0.596,0.628,2.9,1,validation
007316,6,1,0,6,0,2,1,7.19,44.14,2.02,0.193172,0.278,0.085,0.435,0.795,0.403,0.573,2.27,0,train
007317,5,1,0,4,0,1,0,25.141,39.508,3.05,0.019001,0.2,0.0,0.767,0.7,0.263,0.412,1.95,0,train
007318,7,5,7,0,5,0,0,10.594,15.468,0.85,0.01554,0.048,0.0,0.883,0.861,0.127,0.771,1.81,1,validation
007319,7,4,6,1,3,2,0,6.341,15.127,1.33,0.046537,0.19,0.007,0.747,0.8,0.229,0.779,2.88,1,test
007320,1,1,1,0,1,0,0,8.961,8.961,0.13,0.018581,0.0,0.0,1.0,0.953,0.021,0.814,3.12,1,train
007321,3,1,2,1,1,0,0,17.29,19.038,3.39,0.023015,0.222,0.0,0.883,0.825,0.143,0.633,2.66,1,train
007322,1,1,0,1,1,0,0,13.625,13.625,2.05,0.046885,0.0,0.0,1.0,0.928,0.032,0.555,0.07,0,validation
007323,8,0,0,8,0,4,1,11.423,22.566,3.98,0.055513,0.375,0.081,0.344,0.773,0.463,0.556,3.03,0,test
007324,5,0,3,2,0,0,0,15.489,23.886,8.1,0.071284,0.067,0.008,0.857,0.835,0.153,0.587,2.57,0,train
007325,10,1,0,10,0,7,2,9.428,17.302,2.11,0.094098,0.567,0.132,0.26,0.7,0.542,0.645,2.83,0,validation
007326,3,1,1,2,1,0,1,4.613,17.221,3.16,0.109237,0.222,0.32,0.259,0.892,0.456,0.642,1.59,1,test
007327,1,1,1,0,1,0,0,8.282,8.282,3.22,0.033634,0.0,0.0,1.0,0.956,0.02,0.678,0.46,1,train
007328,3,0,0,3,0,0,0,11.344,31.787,3.71,0.055427,0.0,0.08,0.844,0.94,0.113,0.513,2.21,0,train
007329,9,2,0,7,1,4,1,3.882,22.446,0.48,0.184066,0.37,0.148,0.0,0.729,0.672,0.597,1.58,1,train
007330,6,2,0,6,2,1,1,6.077,17.237,1.44,0.202644,0.167,0.117,0.312,0.801,0.468,0.604,2.12,1,train
007331,2,1,1,1,0,0,0,35.336,37.898,0.18,0.002104,0.0,0.0,1.0,0.813,0.084,0.484,1.55,0,train
007332,1,1,0,1,1,0,0,21.072,21.072,3.31,0.010103,0.0,0.0,1.0,0.888,0.05,0.448,1.75,0,train
007333,7,2,7,0,2,0,0,8.064,13.309,2.93,0.031207,0.048,0.0,0.883,0.874,0.121,0.666,2.18,1,test
007334,5,1,1,4,0,0,0,31.69,55.966,2.24,0.006609,0.067,0.0,0.883,0.749,0.177,0.478,3.13,0,train
007335,2,1,0,2,0,0,0,40.448,53.557,0.8,0.009462,0.167,0.0,0.883,0.703,0.198,0.434,1.81,0,train
007336,3,1,0,3,0,1,0,25.211,39.134,1.57,0.014777,0.333,0.0,0.65,0.617,0.365,0.448,3.06,0,train
007337,7,3,0,7,2,1,0,6.806,31.133,1.07,0.179804,0.286,0.03,0.63,0.797,0.295,0.581,2.52,1,validation
007338,2,1,2,0,1,0,0,20.09,23.422,3.46,0.008771,0.167,0.0,0.883,0.81,0.15,0.615,2.76,1,test
007339,9,1,0,8,0,2,1,6.502,24.326,0.79,0.092049,0.222,0.093,0.221,0.799,0.519,0.604,1.57,0,validation
007340,2,1,0,2,0,0,0,26.895,33.93,0.54,0.005099,0.167,0.0,0.883,0.774,0.166,0.536,1.69,0,train
007341,7,1,0,7,0,0,1,9.89,35.667,0.19,0.095118,0.095,0.089,0.48,0.864,0.347,0.514,2.0,0,test
007342,9,7,0,9,6,3,1,4.019,18.883,1.87,0.174477,0.333,0.126,0.123,0.812,0.567,0.658,2.26,1,train
007343,4,1,0,3,0,3,0,16.256,31.025,3.23,0.043631,0.833,0.0,0.65,0.664,0.344,0.517,1.68,0,train
007344,1,0,1,0,0,0,0,8.701,8.701,4.75,0.030062,0.0,0.0,1.0,0.954,0.021,0.662,2.86,0,test
007345,2,1,0,2,0,0,0,52.435,55.667,0.13,0.003209,0.0,0.0,1.0,0.722,0.125,0.434,1.84,0,validation
007346,5,4,0,5,2,2,0,10.477,24.814,0.15,0.053818,0.333,0.0,0.767,0.778,0.228,0.54,1.86,1,test
007347,5,2,3,2,0,1,0,37.686,50.362,0.25,0.006721,0.267,0.0,0.767,0.634,0.293,0.595,3.13,0,train
007348,1,0,0,1,0,0,0,40.827,40.827,14.46,0.006545,0.333,0.0,0.883,0.701,0.199,0.334,2.56,0,train
007349,6,4,1,5,2,0,1,4.294,27.675,0.56,0.094974,0.056,0.167,0.233,0.894,0.469,0.633,2.38,1,validation
007350,10,2,0,10,0,6,1,5.501,26.109,2.28,0.133152,0.433,0.097,0.136,0.804,0.563,0.621,2.29,0,validation
007351,1,1,1,0,1,0,0,7.921,7.921,0.13,0.021727,0.0,0.0,1.0,0.958,0.019,0.821,1.58,1,train
007352,3,2,0,3,2,1,0,13.304,27.975,0.12,0.018418,0.222,0.0,0.767,0.763,0.235,0.655,1.59,1,validation
007353,8,4,0,8,3,2,1,8.696,21.762,3.08,0.06451,0.333,0.098,0.26,0.787,0.503,0.584,2.28,1,test
007354,1,0,0,1,0,0,0,33.92,33.92,8.53,0.00743,0.333,0.0,0.883,0.737,0.182,0.381,0.32,0,validation
007355,7,6,1,6,3,3,1,3.49,29.364,0.32,0.111805,0.333,0.143,0.117,0.815,0.569,0.659,2.58,1,train
007356,5,1,0,5,0,0,0,22.402,50.331,2.59,0.019544,0.067,0.0,0.883,0.798,0.155,0.431,2.45,0,train
007357,5,1,0,5,0,1,1,6.967,42.468,3.1,0.129914,0.333,0.118,0.266,0.713,0.533,0.661,2.99,0,test
007358,3,1,0,3,1,1,1,4.269,23.335,2.34,0.153844,0.222,0.303,0.175,0.811,0.539,0.677,2.22,1,train
007359,4,2,1,3,1,0,1,4.605,25.988,1.5,0.109438,0.083,0.24,0.259,0.892,0.456,0.642,1.81,1,train
007360,10,1,0,9,0,3,1,8.096,27.5,0.8,0.133715,0.367,0.12,0.091,0.707,0.632,0.606,1.57,0,train
007361,4,0,0,4,0,3,0,24.58,31.193,8.25,0.013005,0.583,0.0,0.767,0.703,0.262,0.443,2.88,0,validation
007362,2,1,1,1,1,0,1,8.196,11.467,0.31,0.052693,0.0,0.345,0.552,0.957,0.266,0.811,0.85,1,train
007363,5,1,1,4,1,0,0,23.77,46.531,0.02,0.00651,0.067,0.0,0.883,0.791,0.158,0.581,2.08,0,train
007364,8,2,0,8,1,0,0,15.936,33.658,0.96,0.044119,0.208,0.0,0.883,0.832,0.14,0.52,1.57,0,train
007365,7,1,0,7,0,3,0,29.85,33.784,0.14,0.007174,0.333,0.0,0.767,0.675,0.274,0.535,1.97,0,train
007366,8,1,1,7,0,0,1,25.804,36.257,0.34,0.008463,0.125,0.046,0.643,0.78,0.295,0.55,2.29,0,train
007367,1,0,0,1,0,0,0,37.744,37.744,18.64,0.009728,0.333,0.0,0.883,0.717,0.192,0.355,2.87,0,validation
007368,2,0,2,0,0,0,0,12.964,12.973,5.39,0.012025,0.0,0.0,1.0,0.931,0.031,0.634,1.15,0,test
007369,6,1,1,5,0,4,0,10.537,24.34,0.53,0.135858,0.611,0.042,0.488,0.694,0.419,0.676,0.76,0,train
007370,2,0,0,2,0,1,0,15.848,23.101,3.98,0.021294,0.333,0.0,0.767,0.749,0.241,0.474,1.71,0,validation
007371,4,0,0,3,0,0,1,5.557,15.048,3.65,0.169647,0.25,0.235,0.272,0.887,0.451,0.618,2.18,0,test
007372,1,1,1,0,1,0,0,9.141,9.141,3.18,0.020256,0.0,0.0,1.0,0.952,0.022,0.674,2.56,1,validation
007373,1,0,0,1,0,0,0,37.42,37.42,19.43,0.010361,0.333,0.0,0.883,0.719,0.191,0.357,2.92,0,validation
007374,3,1,1,2,1,2,0,14.101,15.062,0.14,0.260031,0.667,0.013,0.624,0.675,0.353,0.693,1.95,0,train
007375,6,2,1,5,1,3,0,9.421,23.769,1.92,0.155541,0.444,0.028,0.656,0.783,0.287,0.657,0.8,0,test
007376,5,1,0,5,0,1,0,17.203,43.445,2.16,0.051584,0.333,0.002,0.643,0.659,0.35,0.493,3.05,0,train
007377,4,1,1,3,1,3,1,12.672,19.595,0.13,0.40237,0.75,0.155,0.247,0.683,0.557,0.668,1.92,0,train
007378,3,2,0,3,2,0,0,12.26,20.811,0.5,0.055331,0.222,0.0,0.883,0.852,0.131,0.662,1.42,0,train
007379,5,2,0,5,1,0,0,16.021,37.782,0.47,0.030368,0.067,0.068,0.662,0.832,0.261,0.559,2.25,0,train
007380,3,1,0,3,0,1,0,15.343,28.739,2.86,0.061216,0.333,0.0,0.65,0.669,0.342,0.478,3.01,0,train
007381,2,1,0,2,0,1,1,9.603,41.672,1.3,0.067352,0.5,0.475,0.033,0.699,0.668,0.672,2.38,0,test
007382,5,2,0,5,0,1,1,23.747,35.581,1.82,0.016555,0.2,0.144,0.299,0.708,0.517,0.477,2.05,0,validation
007383,7,4,0,7,4,1,3,4.327,14.38,3.25,0.182234,0.19,0.27,0.117,0.81,0.571,0.631,2.53,1,train
007384,5,3,0,4,1,1,1,6.315,24.144,1.06,0.153909,0.133,0.104,0.429,0.8,0.404,0.6,1.91,1,train
007385,4,1,1,3,0,0,0,10.28,40.899,0.21,0.015114,0.25,0.0,0.883,0.862,0.126,0.678,2.11,0,train
007386,9,1,0,9,1,2,0,7.021,35.778,0.09,0.100074,0.222,0.037,0.552,0.796,0.338,0.689,2.67,1,train
007387,1,1,1,0,1,0,0,8.551,8.551,2.62,0.026573,0.0,0.0,1.0,0.955,0.02,0.703,0.11,1,train
007388,12,3,0,12,2,4,3,6.424,26.206,0.25,0.166508,0.389,0.128,0.247,0.716,0.542,0.618,2.37,1,train
007389,3,0,0,3,0,0,0,36.473,45.43,4.99,0.003651,0.111,0.0,0.883,0.724,0.189,0.337,1.77,0,train
007390,3,0,0,2,0,0,0,26.545,30.945,14.84,0.017887,0.222,0.11,0.669,0.776,0.283,0.456,2.28,0,train
007391,3,1,0,3,0,0,1,18.531,34.742,0.35,0.034408,0.222,0.18,0.532,0.819,0.339,0.526,2.23,0,validation
007392,7,0,0,7,0,4,0,16.941,28.233,6.24,0.039556,0.524,0.0,0.767,0.744,0.244,0.494,2.94,0,train
007393,14,4,1,13,2,8,1,7.88,26.271,0.46,0.113231,0.548,0.025,0.423,0.708,0.449,0.67,2.39,1,test
007394,15,8,0,14,4,11,2,7.331,26.67,1.14,0.381267,0.644,0.075,0.28,0.711,0.526,0.67,2.31,1,train
007395,3,2,1,2,1,0,0,9.772,22.238,1.01,0.064742,0.0,0.0,1.0,0.948,0.023,0.567,1.82,1,test
007396,9,1,0,7,1,3,0,8.672,30.749,1.02,0.134712,0.333,0.053,0.455,0.704,0.433,0.572,1.56,0,test
007397,3,1,0,3,0,0,0,43.786,63.583,1.1,0.017356,0.111,0.0,0.883,0.685,0.206,0.39,1.58,0,train
007398,6,3,1,5,1,1,1,6.078,28.834,2.3,0.065867,0.111,0.165,0.123,0.801,0.572,0.652,2.48,1,train
007399,1,0,0,1,0,0,0,18.785,18.785,4.99,0.016118,0.0,0.0,1.0,0.901,0.045,0.455,1.89,0,validation
007400,11,0,0,11,0,10,0,15.128,29.24,8.18,0.052073,0.606,0.008,0.708,0.753,0.272,0.515,2.96,0,train
007401,8,6,0,8,4,3,1,4.415,26.273,0.79,0.238951,0.292,0.122,0.13,0.81,0.564,0.651,2.2,1,train
007402,9,7,0,9,6,3,1,4.122,24.576,2.8,0.117789,0.37,0.109,0.13,0.812,0.564,0.657,1.9,1,train
007403,6,6,0,6,4,1,1,4.823,18.39,2.49,0.155734,0.111,0.193,0.208,0.808,0.522,0.656,2.18,1,test
007404,12,2,0,12,1,2,1,14.6,32.375,0.34,0.035995,0.222,0.035,0.494,0.756,0.388,0.591,2.25,0,validation
007405,3,1,0,3,0,0,0,25.973,36.789,1.45,0.01132,0.111,0.0,0.883,0.779,0.164,0.407,2.05,0,train
007406,7,1,4,3,1,1,1,16.12,25.092,0.04,0.014619,0.19,0.114,0.247,0.748,0.528,0.635,2.46,0,train
007407,6,4,2,4,3,2,1,5.859,25.68,2.29,0.078083,0.222,0.162,0.136,0.802,0.564,0.67,2.41,1,train
007408,1,0,1,0,0,0,0,9.624,9.624,3.71,0.026867,0.0,0.0,1.0,0.949,0.023,0.656,0.37,0,validation
007409,1,1,0,1,1,0,0,21.673,21.673,3.17,0.009427,0.0,0.0,1.0,0.885,0.052,0.451,1.74,0,train
007410,6,4,4,2,3,1,1,3.632,17.821,1.49,0.057919,0.167,0.167,0.117,0.814,0.569,0.738,2.43,1,train
007411,5,5,0,5,4,1,1,5.613,15.2,2.45,0.172348,0.133,0.132,0.338,0.804,0.453,0.643,1.83,1,train
007412,8,6,8,0,5,2,0,9.554,14.546,0.33,0.021361,0.208,0.0,0.767,0.783,0.226,0.781,3.12,1,validation
007413,2,1,0,2,0,0,0,20.835,31.27,1.48,0.022477,0.167,0.0,0.883,0.806,0.151,0.468,1.65,0,train
007414,12,5,2,10,4,6,1,5.283,18.625,0.05,0.117183,0.361,0.082,0.143,0.805,0.559,0.736,2.01,1,test
007415,4,2,0,4,0,0,0,19.119,36.026,1.06,0.041703,0.167,0.0,0.883,0.815,0.147,0.479,2.06,0,train
007416,2,1,1,1,1,0,0,9.502,33.725,0.2,0.051539,0.0,0.0,1.0,0.95,0.023,0.668,1.59,1,train
007417,1,0,0,1,0,0,0,23.722,23.722,10.13,0.01628,0.0,0.0,1.0,0.874,0.057,0.422,1.97,0,validation
007418,2,2,0,1,1,0,0,19.924,29.026,3.11,0.008524,0.0,0.0,1.0,0.895,0.047,0.385,1.82,0,validation
007419,3,1,0,3,0,0,0,13.807,25.654,0.41,0.053294,0.222,0.083,0.721,0.844,0.224,0.535,2.17,0,train
007420,16,14,15,1,12,4,2,4.802,16.047,0.34,0.054261,0.271,0.116,0.123,0.725,0.606,0.84,2.93,1,validation
007421,12,6,0,12,3,2,2,8.639,25.937,3.05,0.119453,0.333,0.113,0.098,0.704,0.629,0.617,2.44,1,train
007422,11,1,0,10,0,4,1,5.343,24.904,2.63,0.093281,0.394,0.099,0.026,0.722,0.661,0.621,2.88,0,train
007423,5,3,0,5,1,2,0,14.604,27.493,2.17,0.070333,0.533,0.048,0.494,0.673,0.426,0.582,2.95,0,train
007424,11,4,0,11,2,6,3,6.202,18.924,2.65,0.156133,0.455,0.158,0.104,0.717,0.62,0.618,2.88,1,train
007425,2,0,0,2,0,0,0,47.629,49.866,4.25,0.00409,0.167,0.0,0.883,0.665,0.215,0.307,1.69,0,train
007426,4,1,0,4,0,0,1,24.219,34.628,2.76,0.011634,0.083,0.158,0.474,0.788,0.385,0.469,2.05,0,train
007427,1,1,1,0,1,0,0,8.167,8.167,2.86,0.030436,0.0,0.0,1.0,0.957,0.019,0.695,2.6,1,train
007428,5,1,0,5,0,0,1,31.83,41.024,0.07,0.016637,0.2,0.094,0.578,0.748,0.346,0.525,2.27,0,train
007429,6,1,0,6,0,1,0,25.563,48.948,0.36,0.012239,0.278,0.0,0.767,0.698,0.264,0.553,2.08,0,train
007430,9,9,0,9,6,2,2,5.166,21.538,2.45,0.155927,0.222,0.191,0.195,0.806,0.53,0.646,2.1,1,train
007431,1,1,1,0,1,0,0,7.695,7.695,2.87,0.038399,0.0,0.0,1.0,0.959,0.018,0.697,0.32,1,train
007432,1,0,0,1,0,0,0,50.438,50.438,8.42,0.002071,0.0,0.0,1.0,0.733,0.12,0.28,2.08,0,train
007433,6,3,0,6,1,1,2,5.971,35.264,0.82,0.169688,0.111,0.237,0.279,0.802,0.486,0.629,2.04,1,train
007434,3,1,1,2,1,2,1,9.478,11.94,0.16,0.367632,0.667,0.3,0.065,0.7,0.649,0.708,2.0,0,train
007435,7,1,0,7,0,3,1,6.291,23.847,2.13,0.156557,0.333,0.126,0.195,0.8,0.533,0.608,2.19,0,validation
007436,1,0,1,0,0,0,0,10.392,10.392,5.56,0.026732,0.0,0.0,1.0,0.945,0.025,0.651,0.76,0,train
007437,6,3,0,5,1,1,1,5.828,24.066,0.09,0.154828,0.222,0.113,0.325,0.802,0.46,0.611,2.88,1,train
007438,1,1,0,1,0,0,0,27.961,27.961,1.32,0.003889,0.0,0.0,1.0,0.852,0.067,0.493,1.59,0,validation
007439,2,0,0,2,0,1,0,44.679,53.956,12.62,0.013311,0.5,0.0,0.65,0.513,0.411,0.362,1.94,0,validation
007440,9,1,0,9,0,4,0,26.272,37.863,2.85,0.009817,0.481,0.008,0.605,0.611,0.393,0.441,1.8,0,train
007441,1,1,0,1,1,0,0,7.581,7.581,3.14,0.168344,0.0,0.06,0.961,0.96,0.04,0.551,2.01,1,train
007442,7,7,0,7,4,2,1,6.099,22.823,2.03,0.159979,0.286,0.09,0.357,0.801,0.443,0.605,2.09,1,train
007443,3,3,0,3,1,0,0,23.913,46.79,0.78,0.006405,0.111,0.0,0.883,0.79,0.159,0.545,1.79,0,train
007444,4,4,0,4,1,1,0,14.583,29.599,0.45,0.021352,0.25,0.0,0.767,0.756,0.238,0.54,1.6,0,validation
007445,7,2,0,7,1,2,0,17.202,36.437,2.13,0.023376,0.381,0.0,0.767,0.742,0.244,0.555,2.09,0,test
007446,2,1,1,1,0,0,0,20.747,24.935,2.67,0.014688,0.0,0.0,1.0,0.89,0.049,0.564,1.81,1,train
007447,4,2,1,3,2,0,1,6.512,17.434,0.08,0.125888,0.167,0.193,0.383,0.882,0.392,0.765,2.21,1,train
007448,1,1,1,0,1,0,0,8.976,8.976,0.54,0.022631,0.0,0.0,1.0,0.952,0.021,0.795,0.06,1,train
007449,3,2,0,3,1,1,1,12.54,19.624,0.44,0.3931,0.222,0.237,0.305,0.767,0.487,0.588,1.57,0,test
007450,1,1,0,1,0,0,0,41.326,41.326,2.5,0.004599,0.333,0.0,0.883,0.698,0.2,0.377,0.15,0,validation
007451,9,1,3,6,1,4,1,8.019,27.564,0.08,0.169302,0.333,0.087,0.312,0.791,0.473,0.653,2.64,0,validation
007452,5,1,2,3,1,0,2,15.437,24.48,1.51,0.028977,0.2,0.302,0.467,0.835,0.367,0.666,2.48,0,test
007453,5,2,0,4,0,0,0,29.792,49.441,1.09,0.013677,0.067,0.0,0.883,0.759,0.173,0.39,2.12,0,validation
007454,6,5,0,6,3,2,0,8.653,23.458,0.37,0.094454,0.222,0.0,0.767,0.788,0.224,0.567,1.79,1,train
007455,1,0,0,1,0,0,0,34.686,34.686,3.68,0.003209,0.0,0.0,1.0,0.816,0.083,0.349,1.68,0,train
007456,5,1,0,5,0,0,0,50.549,58.879,0.9,0.003962,0.0,0.0,1.0,0.732,0.12,0.399,2.17,0,validation
007457,3,2,0,3,0,1,0,45.014,52.813,0.63,0.007461,0.222,0.0,0.767,0.595,0.311,0.411,1.64,0,train
007458,20,4,1,19,1,17,1,7.346,25.884,1.59,0.124444,0.6,0.05,0.26,0.711,0.537,0.648,2.96,1,train
007459,5,5,0,5,4,0,1,3.186,19.623,0.87,0.096544,0.133,0.2,0.233,0.9,0.467,0.684,2.41,1,validation
007460,1,0,0,1,0,0,0,13.161,13.161,6.88,0.078713,0.0,0.1,0.935,0.93,0.067,0.5,0.35,0,validation
007461,1,1,0,1,1,0,0,12.869,12.869,3.37,0.038337,0.0,0.0,1.0,0.932,0.031,0.5,1.82,0,validation
007462,9,1,0,9,0,5,0,9.907,27.382,2.42,0.087555,0.444,0.0,0.767,0.781,0.227,0.541,1.93,0,train
007463,7,6,1,6,4,1,0,8.656,22.207,0.6,0.07178,0.286,0.0,0.65,0.704,0.326,0.783,2.68,1,test
007464,5,3,4,1,1,1,1,8.072,19.393,1.48,0.138596,0.2,0.078,0.397,0.707,0.464,0.67,2.05,1,test
007465,8,2,1,7,2,1,2,7.595,20.38,0.54,0.122618,0.25,0.217,0.201,0.793,0.532,0.627,3.02,0,validation
007466,4,3,0,4,0,0,0,35.515,44.629,0.01,0.004937,0.083,0.0,0.883,0.729,0.186,0.45,2.05,0,test
007467,3,0,0,3,0,0,0,13.74,23.598,3.78,0.028744,0.222,0.0,0.883,0.844,0.134,0.488,1.76,0,train
007468,6,1,0,4,0,1,0,12.789,27.359,0.36,0.102664,0.222,0.0,0.767,0.766,0.234,0.493,1.58,0,validation
007469,6,5,4,2,3,1,0,7.472,20.775,0.73,0.073148,0.167,0.0,0.767,0.794,0.221,0.703,1.99,1,test
007470,9,9,0,9,6,4,1,6.695,22.424,2.36,0.140212,0.37,0.04,0.533,0.798,0.348,0.597,1.94,1,train
007471,1,0,0,1,0,0,0,47.662,47.662,4.16,0.001707,0.0,0.0,1.0,0.748,0.114,0.28,1.61,0,test
007472,1,0,0,1,0,0,0,66.854,66.854,3.54,0.000794,0.0,0.0,1.0,0.646,0.159,0.28,1.65,0,test
007473,3,1,1,2,1,0,1,4.613,16.943,3.16,0.109258,0.111,0.32,0.259,0.892,0.456,0.642,1.6,1,validation
007474,7,2,0,7,2,3,0,15.0,29.434,0.55,0.02551,0.381,0.0,0.767,0.754,0.239,0.615,1.89,0,test
007475,8,1,0,7,1,3,1,12.254,33.379,3.16,0.079312,0.292,0.08,0.292,0.685,0.531,0.542,1.52,0,train
007476,5,1,1,4,0,0,2,7.297,17.566,0.16,0.164494,0.067,0.272,0.441,0.878,0.362,0.693,2.91,1,validation
007477,1,0,1,0,0,0,0,10.273,10.273,4.61,0.023197,0.0,0.0,1.0,0.946,0.024,0.652,2.68,0,train
007478,4,1,0,4,0,1,0,31.375,48.296,0.02,0.038015,0.333,0.0,0.65,0.584,0.38,0.469,1.98,0,train
007479,7,3,0,7,3,3,0,9.58,25.914,0.44,0.082263,0.429,0.0,0.767,0.783,0.226,0.669,2.06,1,test
007480,15,4,1,14,1,10,2,8.271,25.143,0.39,0.093264,0.533,0.109,0.104,0.706,0.625,0.638,2.91,1,train
